Device ID,System Type,Timestamp,Temperature (°C),Current (A),Pressure (hPa),Alert,Power (W),Temp_Rate,Timestamp_IST
device_1,pipe,2025-09-27 02:30:02.378000+00:00,30.16,5.61,2.04,True,1234.2,0.0,2025-09-27 08:00:02.378000+05:30
device_1,pipe,2025-09-27 02:30:03.559000+00:00,28.71,5.37,1.97,True,1181.4,-1.2277730736663837,2025-09-27 08:00:03.559000+05:30
device_1,pipe,2025-09-27 02:30:04.785000+00:00,30.45,4.33,2.14,True,952.6,1.4192495921696562,2025-09-27 08:00:04.785000+05:30
device_10,pipe,2025-09-27 02:30:01.873000+00:00,28.04,4.95,1.9,True,1089.0,0.0,2025-09-27 08:00:01.873000+05:30
device_10,pipe,2025-09-27 02:30:03.794000+00:00,28.25,4.19,1.9,True,921.8000000000001,0.10931806350858972,2025-09-27 08:00:03.794000+05:30
device_10,pipe,2025-09-27 02:30:05.343000+00:00,28.48,4.23,1.82,True,930.6000000000001,0.148482892188509,2025-09-27 08:00:05.343000+05:30
device_11,container,2025-09-27 02:30:01.692000+00:00,29.35,4.11,1.94,False,904.2,0.0,2025-09-27 08:00:01.692000+05:30
device_11,container,2025-09-27 02:30:02.316000+00:00,28.59,4.0,2.01,False,880.0,-1.2179487179487205,2025-09-27 08:00:02.316000+05:30
device_11,container,2025-09-27 02:30:04.179000+00:00,31.69,4.02,2.04,False,884.3999999999999,1.663982823403114,2025-09-27 08:00:04.179000+05:30
device_11,container,2025-09-27 02:30:04.777000+00:00,30.45,5.33,2.14,False,1172.6,-2.0735785953177293,2025-09-27 08:00:04.777000+05:30
device_12,container,2025-09-27 02:30:01.980000+00:00,31.37,4.67,2.11,False,1027.4,0.0,2025-09-27 08:00:01.980000+05:30
device_12,container,2025-09-27 02:30:02.512000+00:00,29.18,5.66,1.98,False,1245.2,-4.116541353383461,2025-09-27 08:00:02.512000+05:30
device_12,container,2025-09-27 02:30:04.282000+00:00,28.04,5.94,2.08,False,1306.8000000000002,-0.6440677966101698,2025-09-27 08:00:04.282000+05:30
device_12,container,2025-09-27 02:30:05.328000+00:00,29.16,5.38,1.87,False,1183.6,1.0707456978967504,2025-09-27 08:00:05.328000+05:30
device_13,container,2025-09-27 02:30:02.324000+00:00,28.73,5.43,2.09,False,1194.6,0.0,2025-09-27 08:00:02.324000+05:30
device_13,container,2025-09-27 02:30:03.853000+00:00,30.66,4.54,2.09,False,998.8,1.262262916939176,2025-09-27 08:00:03.853000+05:30
device_13,container,2025-09-27 02:30:05.082000+00:00,28.48,5.68,2.05,False,1249.6,-1.7737998372660697,2025-09-27 08:00:05.082000+05:30
device_14,container,2025-09-27 02:30:01.688000+00:00,31.17,4.26,1.98,False,937.1999999999999,0.0,2025-09-27 08:00:01.688000+05:30
device_14,container,2025-09-27 02:30:02.306000+00:00,29.31,4.03,2.1,False,886.6,-3.0097087378640826,2025-09-27 08:00:02.306000+05:30
device_14,container,2025-09-27 02:30:03.155000+00:00,28.87,4.44,2.16,False,976.8000000000001,-0.5182567726737312,2025-09-27 08:00:03.155000+05:30
device_14,container,2025-09-27 02:30:04.224000+00:00,31.09,4.8,2.0,False,1056.0,2.076707202993451,2025-09-27 08:00:04.224000+05:30
device_14,container,2025-09-27 02:30:05.332000+00:00,30.25,5.98,2.14,False,1315.6000000000001,-0.7581227436823103,2025-09-27 08:00:05.332000+05:30
device_15,container,2025-09-27 02:30:01.490000+00:00,28.25,4.15,1.85,False,913.0000000000001,0.0,2025-09-27 08:00:01.490000+05:30
device_15,container,2025-09-27 02:30:02.209000+00:00,31.14,4.62,1.91,False,1016.4,4.019471488178026,2025-09-27 08:00:02.209000+05:30
device_15,container,2025-09-27 02:30:03.776000+00:00,30.99,4.59,2.13,False,1009.8,-0.09572431397575121,2025-09-27 08:00:03.776000+05:30
device_15,container,2025-09-27 02:30:04.476000+00:00,28.09,5.77,1.92,False,1269.3999999999999,-4.1428571428571415,2025-09-27 08:00:04.476000+05:30
device_15,container,2025-09-27 02:30:05.127000+00:00,31.25,5.6,1.88,False,1232.0,4.854070660522273,2025-09-27 08:00:05.127000+05:30
device_15,container,2025-09-27 02:30:05.638000+00:00,30.18,5.67,1.85,False,1247.4,-2.093933463796478,2025-09-27 08:00:05.638000+05:30
device_16,container,2025-09-27 02:30:02.149000+00:00,28.07,5.51,2.05,False,1212.2,0.0,2025-09-27 08:00:02.149000+05:30
device_16,container,2025-09-27 02:30:03.297000+00:00,30.65,4.87,1.84,False,1071.4,2.24738675958188,2025-09-27 08:00:03.297000+05:30
device_16,container,2025-09-27 02:30:04.473000+00:00,29.9,4.08,2.11,False,897.6,-0.6377551020408163,2025-09-27 08:00:04.473000+05:30
device_17,container,2025-09-27 02:30:01.985000+00:00,29.41,5.84,1.94,False,1284.8,0.0,2025-09-27 08:00:01.985000+05:30
device_17,container,2025-09-27 02:30:02.536000+00:00,29.41,5.72,1.92,False,1258.3999999999999,0.0,2025-09-27 08:00:02.536000+05:30
device_17,container,2025-09-27 02:30:03.591000+00:00,30.02,5.67,1.86,False,1247.4,0.578199052132701,2025-09-27 08:00:03.591000+05:30
device_17,container,2025-09-27 02:30:04.892000+00:00,28.14,5.1,1.97,False,1122.0,-1.4450422751729433,2025-09-27 08:00:04.892000+05:30
device_18,container,2025-09-27 02:30:02.617000+00:00,28.31,5.51,1.98,False,1212.2,0.0,2025-09-27 08:00:02.617000+05:30
device_18,container,2025-09-27 02:30:04.226000+00:00,31.72,5.52,2.1,False,1214.3999999999999,2.1193287756370416,2025-09-27 08:00:04.226000+05:30
device_19,container,2025-09-27 02:30:02.089000+00:00,31.04,5.37,2.16,False,1181.4,0.0,2025-09-27 08:00:02.089000+05:30
device_19,container,2025-09-27 02:30:03.282000+00:00,28.1,5.49,2.15,False,1207.8,-2.4643755238893523,2025-09-27 08:00:03.282000+05:30
device_19,container,2025-09-27 02:30:04.116000+00:00,29.83,4.59,2.0,False,1009.8,2.074340527577934,2025-09-27 08:00:04.116000+05:30
device_2,pipe,2025-09-27 02:30:02.273000+00:00,31.6,5.75,1.86,True,1265.0,0.0,2025-09-27 08:00:02.273000+05:30
device_2,pipe,2025-09-27 02:30:03.529000+00:00,30.88,4.77,2.06,True,1049.3999999999999,-0.573248407643314,2025-09-27 08:00:03.529000+05:30
device_2,pipe,2025-09-27 02:30:04.426000+00:00,31.66,5.99,2.15,True,1317.8,0.8695652173913055,2025-09-27 08:00:04.426000+05:30
device_2,pipe,2025-09-27 02:30:05.665000+00:00,31.42,4.2,1.87,True,924.0,-0.19370460048426022,2025-09-27 08:00:05.665000+05:30
device_20,container,2025-09-27 02:30:02.361000+00:00,30.33,4.18,2.17,False,919.5999999999999,0.0,2025-09-27 08:00:02.361000+05:30
device_20,container,2025-09-27 02:30:03.715000+00:00,29.04,5.44,2.09,False,1196.8000000000002,-0.9527326440177246,2025-09-27 08:00:03.715000+05:30
device_20,container,2025-09-27 02:30:04.789000+00:00,28.93,5.48,2.11,False,1205.6000000000001,-0.1024208566108002,2025-09-27 08:00:04.789000+05:30
device_20,container,2025-09-27 02:30:05.614000+00:00,29.53,5.12,1.84,False,1126.4,0.7272727272727291,2025-09-27 08:00:05.614000+05:30
device_21,container,2025-09-27 02:30:01.550000+00:00,28.68,5.26,2.0,False,1157.2,0.0,2025-09-27 08:00:01.550000+05:30
device_21,container,2025-09-27 02:30:02.781000+00:00,30.64,4.92,1.86,False,1082.4,1.5922014622258331,2025-09-27 08:00:02.781000+05:30
device_21,container,2025-09-27 02:30:04.118000+00:00,29.34,5.4,1.94,False,1188.0,-0.9723261032161561,2025-09-27 08:00:04.118000+05:30
device_21,container,2025-09-27 02:30:05.704000+00:00,28.03,5.03,1.88,False,1106.6000000000001,-0.8259773013871367,2025-09-27 08:00:05.704000+05:30
device_22,container,2025-09-27 02:30:01.611000+00:00,30.83,4.58,1.91,False,1007.6,0.0,2025-09-27 08:00:01.611000+05:30
device_22,container,2025-09-27 02:30:03.150000+00:00,28.88,4.46,1.84,False,981.2,-1.2670565302144245,2025-09-27 08:00:03.150000+05:30
device_22,container,2025-09-27 02:30:03.963000+00:00,31.81,5.67,1.91,False,1247.4,3.6039360393603936,2025-09-27 08:00:03.963000+05:30
device_22,container,2025-09-27 02:30:05.459000+00:00,31.0,5.74,1.9,False,1262.8,-0.5414438502673788,2025-09-27 08:00:05.459000+05:30
device_23,container,2025-09-27 02:30:02.099000+00:00,30.27,4.04,2.08,False,888.8,0.0,2025-09-27 08:00:02.099000+05:30
device_23,container,2025-09-27 02:30:03.146000+00:00,28.76,5.86,1.95,False,1289.2,-1.4422158548233028,2025-09-27 08:00:03.146000+05:30
device_23,container,2025-09-27 02:30:04.428000+00:00,28.28,4.98,2.18,False,1095.6000000000001,-0.3744149765990643,2025-09-27 08:00:04.428000+05:30
device_24,container,2025-09-27 02:30:02.534000+00:00,28.81,5.1,2.02,False,1122.0,0.0,2025-09-27 08:00:02.534000+05:30
device_24,container,2025-09-27 02:30:04.070000+00:00,29.41,5.48,1.89,False,1205.6000000000001,0.39062500000000094,2025-09-27 08:00:04.070000+05:30
device_24,container,2025-09-27 02:30:04.942000+00:00,29.47,4.54,2.02,False,998.8,0.06880733944953982,2025-09-27 08:00:04.942000+05:30
device_24,container,2025-09-27 02:30:05.514000+00:00,31.94,4.0,1.99,False,880.0,4.318181818181823,2025-09-27 08:00:05.514000+05:30
device_25,container,2025-09-27 02:30:01.918000+00:00,28.44,5.89,2.1,False,1295.8,0.0,2025-09-27 08:00:01.918000+05:30
device_25,container,2025-09-27 02:30:03.796000+00:00,28.33,5.26,1.94,False,1157.2,-0.05857294994675346,2025-09-27 08:00:03.796000+05:30
device_25,container,2025-09-27 02:30:05.188000+00:00,28.13,5.63,1.83,False,1238.6,-0.14367816091953972,2025-09-27 08:00:05.188000+05:30
device_26,container,2025-09-27 02:30:01.810000+00:00,31.6,5.58,2.19,False,1227.6,0.0,2025-09-27 08:00:01.810000+05:30
device_26,container,2025-09-27 02:30:03.312000+00:00,30.47,5.98,2.08,False,1315.6000000000001,-0.7523302263648486,2025-09-27 08:00:03.312000+05:30
device_26,container,2025-09-27 02:30:05.159000+00:00,29.44,4.97,1.95,False,1093.3999999999999,-0.5576610720086614,2025-09-27 08:00:05.159000+05:30
device_27,container,2025-09-27 02:30:01.536000+00:00,28.59,4.24,2.09,False,932.8000000000001,0.0,2025-09-27 08:00:01.536000+05:30
device_27,container,2025-09-27 02:30:02.910000+00:00,28.86,4.16,1.86,False,915.2,0.1965065502183403,2025-09-27 08:00:02.910000+05:30
device_27,container,2025-09-27 02:30:03.609000+00:00,31.42,5.77,2.14,False,1269.3999999999999,3.662374821173108,2025-09-27 08:00:03.609000+05:30
device_27,container,2025-09-27 02:30:05.238000+00:00,30.66,4.85,1.87,False,1067.0,-0.4665438919582576,2025-09-27 08:00:05.238000+05:30
device_28,container,2025-09-27 02:30:01.630000+00:00,31.79,5.53,1.83,False,1216.6000000000001,0.0,2025-09-27 08:00:01.630000+05:30
device_28,container,2025-09-27 02:30:02.770000+00:00,28.62,4.87,2.03,False,1071.4,-2.7807017543859636,2025-09-27 08:00:02.770000+05:30
device_28,container,2025-09-27 02:30:04.182000+00:00,31.29,5.33,2.15,False,1172.6,1.8909348441926332,2025-09-27 08:00:04.182000+05:30
device_28,container,2025-09-27 02:30:05.088000+00:00,30.13,5.21,2.12,False,1146.2,-1.2803532008830023,2025-09-27 08:00:05.088000+05:30
device_29,container,2025-09-27 02:30:02.653000+00:00,30.52,4.05,1.83,False,891.0,0.0,2025-09-27 08:00:02.653000+05:30
device_29,container,2025-09-27 02:30:03.653000+00:00,29.07,4.43,2.08,False,974.5999999999999,-1.4499999999999993,2025-09-27 08:00:03.653000+05:30
device_29,container,2025-09-27 02:30:04.273000+00:00,29.81,5.83,2.01,False,1282.6,1.1935483870967716,2025-09-27 08:00:04.273000+05:30
device_29,container,2025-09-27 02:30:05.454000+00:00,30.52,5.37,1.89,False,1181.4,0.6011854360711268,2025-09-27 08:00:05.454000+05:30
device_3,pipe,2025-09-27 02:30:02.162000+00:00,28.99,4.28,1.94,True,941.6,0.0,2025-09-27 08:00:02.162000+05:30
device_3,pipe,2025-09-27 02:30:03.595000+00:00,29.21,5.77,1.83,True,1269.3999999999999,0.15352407536636595,2025-09-27 08:00:03.595000+05:30
device_3,pipe,2025-09-27 02:30:05.406000+00:00,31.29,4.86,1.92,True,1069.2,1.1485367200441736,2025-09-27 08:00:05.406000+05:30
device_30,container,2025-09-27 02:30:02.635000+00:00,30.59,4.05,1.96,False,891.0,0.0,2025-09-27 08:00:02.635000+05:30
device_30,container,2025-09-27 02:30:03.856000+00:00,29.18,5.42,2.06,False,1192.4,-1.154791154791155,2025-09-27 08:00:03.856000+05:30
device_30,container,2025-09-27 02:30:04.709000+00:00,29.8,4.19,1.93,False,921.8000000000001,0.7268464243845264,2025-09-27 08:00:04.709000+05:30
device_30,container,2025-09-27 02:30:05.631000+00:00,30.63,4.79,2.15,False,1053.8,0.9002169197396944,2025-09-27 08:00:05.631000+05:30
device_31,battery_bank,2025-09-27 02:30:01.533000+00:00,30.37,5.14,2.07,False,1130.8,0.0,2025-09-27 08:00:01.533000+05:30
device_31,battery_bank,2025-09-27 02:30:02.227000+00:00,31.17,5.9,2.04,False,1298.0,1.1527377521613844,2025-09-27 08:00:02.227000+05:30
device_31,battery_bank,2025-09-27 02:30:02.847000+00:00,28.72,5.02,2.03,False,1104.3999999999999,-3.951612903225811,2025-09-27 08:00:02.847000+05:30
device_31,battery_bank,2025-09-27 02:30:03.791000+00:00,29.41,5.45,2.17,False,1199.0,0.7309322033898319,2025-09-27 08:00:03.791000+05:30
device_31,battery_bank,2025-09-27 02:30:04.818000+00:00,30.95,4.29,1.89,False,943.8,1.4995131450827646,2025-09-27 08:00:04.818000+05:30
device_32,battery_bank,2025-09-27 02:30:01.370000+00:00,29.84,5.72,2.2,False,1258.3999999999999,0.0,2025-09-27 08:00:01.370000+05:30
device_32,battery_bank,2025-09-27 02:30:02.932000+00:00,31.74,4.27,1.87,False,939.3999999999999,1.2163892445582576,2025-09-27 08:00:02.932000+05:30
device_32,battery_bank,2025-09-27 02:30:04.271000+00:00,30.18,4.57,1.9,False,1005.4000000000001,-1.1650485436893194,2025-09-27 08:00:04.271000+05:30
device_32,battery_bank,2025-09-27 02:30:05.347000+00:00,30.76,4.79,2.16,False,1053.8,0.5390334572490724,2025-09-27 08:00:05.347000+05:30
device_33,battery_bank,2025-09-27 02:30:02.199000+00:00,28.92,4.77,1.92,False,1049.3999999999999,0.0,2025-09-27 08:00:02.199000+05:30
device_33,battery_bank,2025-09-27 02:30:02.880000+00:00,29.66,4.04,2.05,False,888.8,1.0866372980910401,2025-09-27 08:00:02.880000+05:30
device_33,battery_bank,2025-09-27 02:30:03.675000+00:00,30.18,5.12,1.88,False,1126.4,0.6540880503144648,2025-09-27 08:00:03.675000+05:30
device_33,battery_bank,2025-09-27 02:30:04.320000+00:00,28.16,5.25,2.11,False,1155.0,-3.1317829457364335,2025-09-27 08:00:04.320000+05:30
device_34,battery_bank,2025-09-27 02:30:01.876000+00:00,31.76,4.28,2.01,False,941.6,0.0,2025-09-27 08:00:01.876000+05:30
device_34,battery_bank,2025-09-27 02:30:02.521000+00:00,31.57,4.76,2.12,False,1047.2,-0.2945736434108547,2025-09-27 08:00:02.521000+05:30
device_34,battery_bank,2025-09-27 02:30:04.381000+00:00,28.08,5.26,1.85,False,1157.2,-1.8763440860215064,2025-09-27 08:00:04.381000+05:30
device_35,battery_bank,2025-09-27 02:30:02.638000+00:00,29.06,5.18,2.17,False,1139.6,0.0,2025-09-27 08:00:02.638000+05:30
device_35,battery_bank,2025-09-27 02:30:03.597000+00:00,31.48,5.66,1.93,False,1245.2,2.5234619395203355,2025-09-27 08:00:03.597000+05:30
device_35,battery_bank,2025-09-27 02:30:04.521000+00:00,31.68,4.65,1.82,False,1023.0000000000001,0.21645021645021567,2025-09-27 08:00:04.521000+05:30
device_36,battery_bank,2025-09-27 02:30:02.363000+00:00,31.68,5.44,2.14,False,1196.8000000000002,0.0,2025-09-27 08:00:02.363000+05:30
device_36,battery_bank,2025-09-27 02:30:03.614000+00:00,30.19,4.91,1.87,False,1080.2,-1.1910471622701828,2025-09-27 08:00:03.614000+05:30
device_36,battery_bank,2025-09-27 02:30:04.791000+00:00,30.1,4.89,1.97,False,1075.8,-0.07646559048428195,2025-09-27 08:00:04.791000+05:30
device_37,battery_bank,2025-09-27 02:30:01.730000+00:00,28.01,5.74,2.03,False,1262.8,0.0,2025-09-27 08:00:01.730000+05:30
device_37,battery_bank,2025-09-27 02:30:03.116000+00:00,30.5,5.03,1.92,False,1106.6000000000001,1.7965367965367955,2025-09-27 08:00:03.116000+05:30
device_37,battery_bank,2025-09-27 02:30:03.661000+00:00,28.88,4.76,1.95,False,1047.2,-2.972477064220185,2025-09-27 08:00:03.661000+05:30
device_37,battery_bank,2025-09-27 02:30:05.223000+00:00,28.2,5.34,2.01,False,1174.8,-0.435339308578745,2025-09-27 08:00:05.223000+05:30
device_38,battery_bank,2025-09-27 02:30:02.443000+00:00,31.17,4.09,2.05,False,899.8,0.0,2025-09-27 08:00:02.443000+05:30
device_38,battery_bank,2025-09-27 02:30:03.980000+00:00,28.92,5.49,1.88,False,1207.8,-1.4638906961613534,2025-09-27 08:00:03.980000+05:30
device_38,battery_bank,2025-09-27 02:30:05.694000+00:00,31.32,5.23,2.06,False,1150.6000000000001,1.400233372228704,2025-09-27 08:00:05.694000+05:30
device_39,battery_bank,2025-09-27 02:30:02.151000+00:00,28.37,5.44,1.85,False,1196.8000000000002,0.0,2025-09-27 08:00:02.151000+05:30
device_39,battery_bank,2025-09-27 02:30:02.918000+00:00,28.93,5.16,2.11,False,1135.2,0.7301173402868302,2025-09-27 08:00:02.918000+05:30
device_39,battery_bank,2025-09-27 02:30:03.900000+00:00,29.7,5.52,2.03,False,1214.3999999999999,0.7841140529531564,2025-09-27 08:00:03.900000+05:30
device_39,battery_bank,2025-09-27 02:30:04.772000+00:00,28.27,4.62,2.1,False,1016.4,-1.6399082568807337,2025-09-27 08:00:04.772000+05:30
device_4,pipe,2025-09-27 02:30:02.135000+00:00,29.85,5.05,1.96,True,1111.0,0.0,2025-09-27 08:00:02.135000+05:30
device_4,pipe,2025-09-27 02:30:03.359000+00:00,28.41,5.78,1.84,True,1271.6000000000001,-1.1764705882352953,2025-09-27 08:00:03.359000+05:30
device_4,pipe,2025-09-27 02:30:04.192000+00:00,31.37,5.21,1.99,True,1146.2,3.5534213685474203,2025-09-27 08:00:04.192000+05:30
device_40,battery_bank,2025-09-27 02:30:02.175000+00:00,29.87,4.23,2.07,False,930.6000000000001,0.0,2025-09-27 08:00:02.175000+05:30
device_40,battery_bank,2025-09-27 02:30:03.063000+00:00,29.15,4.15,2.03,False,913.0000000000001,-0.8108108108108135,2025-09-27 08:00:03.063000+05:30
device_40,battery_bank,2025-09-27 02:30:03.685000+00:00,28.48,4.17,2.02,False,917.4,-1.0771704180064279,2025-09-27 08:00:03.685000+05:30
device_40,battery_bank,2025-09-27 02:30:05.361000+00:00,28.49,4.73,2.04,False,1040.6000000000001,0.005966587112170651,2025-09-27 08:00:05.361000+05:30
device_41,battery_bank,2025-09-27 02:30:02.558000+00:00,31.15,5.88,2.01,False,1293.6,0.0,2025-09-27 08:00:02.558000+05:30
device_41,battery_bank,2025-09-27 02:30:04.008000+00:00,30.44,5.49,1.81,False,1207.8,-0.48965517241379125,2025-09-27 08:00:04.008000+05:30
device_42,battery_bank,2025-09-27 02:30:01.714000+00:00,31.14,5.59,2.01,False,1229.8,0.0,2025-09-27 08:00:01.714000+05:30
device_42,battery_bank,2025-09-27 02:30:03.069000+00:00,31.05,5.39,1.88,False,1185.8,-0.06642066420664196,2025-09-27 08:00:03.069000+05:30
device_42,battery_bank,2025-09-27 02:30:03.908000+00:00,28.43,5.68,1.88,False,1249.6,-3.122765196662695,2025-09-27 08:00:03.908000+05:30
device_42,battery_bank,2025-09-27 02:30:04.531000+00:00,31.6,5.7,2.15,False,1254.0,5.088282504012843,2025-09-27 08:00:04.531000+05:30
device_42,battery_bank,2025-09-27 02:30:05.051000+00:00,28.47,4.97,2.08,False,1093.3999999999999,-6.019230769230774,2025-09-27 08:00:05.051000+05:30
device_43,battery_bank,2025-09-27 02:30:02.346000+00:00,29.59,5.0,1.87,False,1100.0,0.0,2025-09-27 08:00:02.346000+05:30
device_43,battery_bank,2025-09-27 02:30:03.467000+00:00,30.74,5.17,2.1,False,1137.4,1.0258697591436206,2025-09-27 08:00:03.467000+05:30
device_43,battery_bank,2025-09-27 02:30:04.880000+00:00,30.28,5.92,2.08,False,1302.4,-0.3255484784147185,2025-09-27 08:00:04.880000+05:30
device_44,battery_bank,2025-09-27 02:30:02.506000+00:00,30.28,4.13,1.92,False,908.6,0.0,2025-09-27 08:00:02.506000+05:30
device_44,battery_bank,2025-09-27 02:30:03.168000+00:00,29.33,5.58,1.99,False,1227.6,-1.435045317220548,2025-09-27 08:00:03.168000+05:30
device_44,battery_bank,2025-09-27 02:30:04.011000+00:00,30.09,5.75,1.81,False,1265.0,0.9015421115065262,2025-09-27 08:00:04.011000+05:30
device_44,battery_bank,2025-09-27 02:30:05.609000+00:00,28.25,4.56,1.82,False,1003.1999999999999,-1.1514392991239046,2025-09-27 08:00:05.609000+05:30
device_45,battery_bank,2025-09-27 02:30:02.475000+00:00,29.25,5.57,2.05,False,1225.4,0.0,2025-09-27 08:00:02.475000+05:30
device_45,battery_bank,2025-09-27 02:30:04.365000+00:00,29.03,5.29,2.19,False,1163.8,-0.11640211640211581,2025-09-27 08:00:04.365000+05:30
device_46,battery_bank,2025-09-27 02:30:01.411000+00:00,31.91,5.57,2.12,False,1225.4,0.0,2025-09-27 08:00:01.411000+05:30
device_46,battery_bank,2025-09-27 02:30:02.525000+00:00,31.53,4.41,1.92,False,970.2,-0.34111310592459515,2025-09-27 08:00:02.525000+05:30
device_46,battery_bank,2025-09-27 02:30:03.252000+00:00,31.91,5.15,1.83,False,1133.0,0.5226960110041252,2025-09-27 08:00:03.252000+05:30
device_46,battery_bank,2025-09-27 02:30:04.523000+00:00,30.59,4.67,1.84,False,1027.4,-1.0385523210070813,2025-09-27 08:00:04.523000+05:30
device_46,battery_bank,2025-09-27 02:30:05.672000+00:00,30.66,4.5,1.96,False,990.0,0.060922541340296156,2025-09-27 08:00:05.672000+05:30
device_47,battery_bank,2025-09-27 02:30:02.338000+00:00,29.36,5.64,2.09,False,1240.8,0.0,2025-09-27 08:00:02.338000+05:30
device_47,battery_bank,2025-09-27 02:30:03.977000+00:00,29.85,4.41,1.92,False,970.2,0.2989627821842599,2025-09-27 08:00:03.977000+05:30
device_48,battery_bank,2025-09-27 02:30:02.189000+00:00,29.61,4.49,1.98,False,987.8000000000001,0.0,2025-09-27 08:00:02.189000+05:30
device_48,battery_bank,2025-09-27 02:30:03.405000+00:00,28.23,4.23,2.04,False,930.6000000000001,-1.1348684210526307,2025-09-27 08:00:03.405000+05:30
device_48,battery_bank,2025-09-27 02:30:05.226000+00:00,28.96,5.02,1.85,False,1104.3999999999999,0.40087863811092833,2025-09-27 08:00:05.226000+05:30
device_49,battery_bank,2025-09-27 02:30:02.027000+00:00,30.28,5.7,1.86,False,1254.0,0.0,2025-09-27 08:00:02.027000+05:30
device_49,battery_bank,2025-09-27 02:30:02.914000+00:00,28.68,4.09,2.16,False,899.8,-1.8038331454340488,2025-09-27 08:00:02.914000+05:30
device_49,battery_bank,2025-09-27 02:30:04.275000+00:00,30.37,5.82,2.03,False,1280.4,1.2417340191036013,2025-09-27 08:00:04.275000+05:30
device_49,battery_bank,2025-09-27 02:30:05.659000+00:00,30.94,5.5,2.09,False,1210.0,0.4118497109826592,2025-09-27 08:00:05.659000+05:30
device_5,pipe,2025-09-27 02:30:01.486000+00:00,31.58,4.41,2.07,True,970.2,0.0,2025-09-27 08:00:01.486000+05:30
device_5,pipe,2025-09-27 02:30:02.575000+00:00,30.51,4.27,1.89,True,939.3999999999999,-0.9825528007346159,2025-09-27 08:00:02.575000+05:30
device_5,pipe,2025-09-27 02:30:03.655000+00:00,29.68,4.31,1.99,True,948.1999999999999,-0.7685185185185202,2025-09-27 08:00:03.655000+05:30
device_5,pipe,2025-09-27 02:30:05.561000+00:00,29.96,4.4,1.83,True,968.0000000000001,0.14690451206715696,2025-09-27 08:00:05.561000+05:30
device_50,battery_bank,2025-09-27 02:30:01.711000+00:00,29.7,4.83,2.15,False,1062.6,0.0,2025-09-27 08:00:01.711000+05:30
device_50,battery_bank,2025-09-27 02:30:02.632000+00:00,30.88,5.23,2.07,False,1150.6000000000001,1.2812160694896848,2025-09-27 08:00:02.632000+05:30
device_50,battery_bank,2025-09-27 02:30:03.745000+00:00,29.17,5.81,2.02,False,1278.1999999999998,-1.5363881401617228,2025-09-27 08:00:03.745000+05:30
device_50,battery_bank,2025-09-27 02:30:05.417000+00:00,29.4,4.76,2.11,False,1047.2,0.13755980861243833,2025-09-27 08:00:05.417000+05:30
device_6,pipe,2025-09-27 02:30:02.509000+00:00,29.85,5.17,1.89,True,1137.4,0.0,2025-09-27 08:00:02.509000+05:30
device_6,pipe,2025-09-27 02:30:03.678000+00:00,31.49,5.12,1.9,True,1126.4,1.4029084687767297,2025-09-27 08:00:03.678000+05:30
device_6,pipe,2025-09-27 02:30:04.741000+00:00,29.83,4.32,2.04,True,950.4000000000001,-1.5616180620884292,2025-09-27 08:00:04.741000+05:30
device_7,pipe,2025-09-27 02:30:02.314000+00:00,31.71,4.76,1.87,True,1047.2,0.0,2025-09-27 08:00:02.314000+05:30
device_7,pipe,2025-09-27 02:30:03.946000+00:00,31.45,4.77,2.16,True,1049.3999999999999,-0.15931372549019704,2025-09-27 08:00:03.946000+05:30
device_7,pipe,2025-09-27 02:30:04.849000+00:00,30.98,5.62,1.85,True,1236.4,-0.5204872646733099,2025-09-27 08:00:04.849000+05:30
device_8,pipe,2025-09-27 02:30:02.567000+00:00,28.05,4.85,1.87,True,1067.0,0.0,2025-09-27 08:00:02.567000+05:30
device_8,pipe,2025-09-27 02:30:03.513000+00:00,31.78,4.76,2.0,True,1047.2,3.942917547568711,2025-09-27 08:00:03.513000+05:30
device_8,pipe,2025-09-27 02:30:04.489000+00:00,29.04,5.14,2.19,True,1130.8,-2.80737704918033,2025-09-27 08:00:04.489000+05:30
device_9,pipe,2025-09-27 02:30:02.140000+00:00,28.77,5.5,1.84,True,1210.0,0.0,2025-09-27 08:00:02.140000+05:30
device_9,pipe,2025-09-27 02:30:03.721000+00:00,28.44,5.98,1.97,True,1315.6000000000001,-0.20872865275142208,2025-09-27 08:00:03.721000+05:30
device_9,pipe,2025-09-27 02:30:05.218000+00:00,30.16,5.63,1.89,True,1238.6,1.1489645958583825,2025-09-27 08:00:05.218000+05:30
device_1,pipe,2025-09-27 02:30:06.077000+00:00,28.8,4.36,2.06,True,959.2,0.0,2025-09-27 08:00:06.077000+05:30
device_1,pipe,2025-09-27 02:30:06.601000+00:00,31.65,5.73,2.03,True,1260.6000000000001,5.438931297709919,2025-09-27 08:00:06.601000+05:30
device_1,pipe,2025-09-27 02:30:07.637000+00:00,29.79,4.08,1.81,True,897.6,-1.7953667953667947,2025-09-27 08:00:07.637000+05:30
device_1,pipe,2025-09-27 02:30:08.444000+00:00,31.74,5.41,1.85,True,1190.2,2.416356877323419,2025-09-27 08:00:08.444000+05:30
device_1,pipe,2025-09-27 02:30:08.987000+00:00,29.66,4.86,1.87,True,1069.2,-3.8305709023941032,2025-09-27 08:00:08.987000+05:30
device_1,pipe,2025-09-27 02:30:09.639000+00:00,28.2,4.0,1.96,True,880.0,-2.239263803680983,2025-09-27 08:00:09.639000+05:30
device_10,pipe,2025-09-27 02:30:06.680000+00:00,31.6,4.31,1.81,True,948.1999999999999,0.0,2025-09-27 08:00:06.680000+05:30
device_10,pipe,2025-09-27 02:30:08.382000+00:00,30.73,4.46,1.99,True,981.2,-0.5111633372502944,2025-09-27 08:00:08.382000+05:30
device_10,pipe,2025-09-27 02:30:10.098000+00:00,29.85,5.65,1.95,True,1243.0,-0.5128205128205122,2025-09-27 08:00:10.098000+05:30
device_11,container,2025-09-27 02:30:06.682000+00:00,29.91,5.67,1.98,False,1247.4,0.0,2025-09-27 08:00:06.682000+05:30
device_11,container,2025-09-27 02:30:08.026000+00:00,30.55,4.62,2.1,False,1016.4,0.4761904761904766,2025-09-27 08:00:08.026000+05:30
device_11,container,2025-09-27 02:30:08.804000+00:00,31.7,4.68,2.09,False,1029.6,1.4781491002570675,2025-09-27 08:00:08.804000+05:30
device_11,container,2025-09-27 02:30:09.704000+00:00,29.14,4.12,2.17,False,906.4,-2.8444444444444428,2025-09-27 08:00:09.704000+05:30
device_11,container,2025-09-27 02:30:10.357000+00:00,29.79,5.38,2.06,False,1183.6,0.9954058192955567,2025-09-27 08:00:10.357000+05:30
device_12,container,2025-09-27 02:30:06.140000+00:00,31.06,4.48,1.87,False,985.6000000000001,0.0,2025-09-27 08:00:06.140000+05:30
device_12,container,2025-09-27 02:30:07.207000+00:00,31.39,4.39,2.19,False,965.8,0.30927835051546565,2025-09-27 08:00:07.207000+05:30
device_12,container,2025-09-27 02:30:09.187000+00:00,29.65,4.9,2.15,False,1078.0,-0.8787878787878798,2025-09-27 08:00:09.187000+05:30
device_12,container,2025-09-27 02:30:09.769000+00:00,31.33,4.05,1.88,False,891.0,2.8865979381443294,2025-09-27 08:00:09.769000+05:30
device_13,container,2025-09-27 02:30:06.142000+00:00,29.71,4.13,2.05,False,908.6,0.0,2025-09-27 08:00:06.142000+05:30
device_13,container,2025-09-27 02:30:07.053000+00:00,29.56,4.33,2.15,False,952.6,-0.16465422612513955,2025-09-27 08:00:07.053000+05:30
device_13,container,2025-09-27 02:30:07.847000+00:00,29.68,5.9,1.82,False,1298.0,0.15113350125944708,2025-09-27 08:00:07.847000+05:30
device_13,container,2025-09-27 02:30:08.390000+00:00,31.46,5.71,2.04,False,1256.2,3.278084714548805,2025-09-27 08:00:08.390000+05:30
device_13,container,2025-09-27 02:30:09.870000+00:00,28.42,4.82,2.09,False,1060.4,-2.0540540540540535,2025-09-27 08:00:09.870000+05:30
device_13,container,2025-09-27 02:30:10.750000+00:00,29.85,5.64,1.84,False,1240.8,1.6249999999999998,2025-09-27 08:00:10.750000+05:30
device_14,container,2025-09-27 02:30:05.964000+00:00,30.38,4.26,2.16,False,937.1999999999999,0.0,2025-09-27 08:00:05.964000+05:30
device_14,container,2025-09-27 02:30:07.222000+00:00,29.49,4.04,1.86,False,888.8,-0.7074721780604138,2025-09-27 08:00:07.222000+05:30
device_14,container,2025-09-27 02:30:09.199000+00:00,28.68,4.05,1.96,False,891.0,-0.4097116843702573,2025-09-27 08:00:09.199000+05:30
device_14,container,2025-09-27 02:30:10.121000+00:00,29.59,4.22,2.0,False,928.4,0.9869848156182214,2025-09-27 08:00:10.121000+05:30
device_14,container,2025-09-27 02:30:10.746000+00:00,30.45,4.27,1.82,False,939.3999999999999,1.375999999999999,2025-09-27 08:00:10.746000+05:30
device_15,container,2025-09-27 02:30:06.322000+00:00,31.95,4.75,1.93,False,1045.0,0.0,2025-09-27 08:00:06.322000+05:30
device_15,container,2025-09-27 02:30:07.039000+00:00,30.56,4.35,2.07,False,956.9999999999999,-1.9386331938633203,2025-09-27 08:00:07.039000+05:30
device_15,container,2025-09-27 02:30:08.309000+00:00,30.03,5.99,2.1,False,1317.8,-0.4173228346456674,2025-09-27 08:00:08.309000+05:30
device_15,container,2025-09-27 02:30:09.181000+00:00,30.75,4.75,2.06,False,1045.0,0.8256880733944941,2025-09-27 08:00:09.181000+05:30
device_15,container,2025-09-27 02:30:10.721000+00:00,31.31,4.78,2.1,False,1051.6000000000001,0.3636363636363628,2025-09-27 08:00:10.721000+05:30
device_16,container,2025-09-27 02:30:06.199000+00:00,30.6,4.91,1.94,False,1080.2,0.0,2025-09-27 08:00:06.199000+05:30
device_16,container,2025-09-27 02:30:07.520000+00:00,28.74,5.37,1.82,False,1181.4,-1.4080242240726746,2025-09-27 08:00:07.520000+05:30
device_16,container,2025-09-27 02:30:09.366000+00:00,29.8,5.13,2.05,False,1128.6,0.5742145178764909,2025-09-27 08:00:09.366000+05:30
device_16,container,2025-09-27 02:30:10.979000+00:00,28.76,4.48,1.81,False,985.6000000000001,-0.6447613143211403,2025-09-27 08:00:10.979000+05:30
device_17,container,2025-09-27 02:30:06.119000+00:00,28.53,5.01,1.91,False,1102.2,0.0,2025-09-27 08:00:06.119000+05:30
device_17,container,2025-09-27 02:30:06.716000+00:00,28.84,4.65,2.2,False,1023.0000000000001,0.5192629815745372,2025-09-27 08:00:06.716000+05:30
device_17,container,2025-09-27 02:30:07.793000+00:00,31.13,4.22,1.84,False,928.4,2.126276694521819,2025-09-27 08:00:07.793000+05:30
device_17,container,2025-09-27 02:30:09.762000+00:00,30.07,4.18,2.12,False,919.5999999999999,-0.5383443372270181,2025-09-27 08:00:09.762000+05:30
device_17,container,2025-09-27 02:30:10.270000+00:00,28.95,5.62,2.12,False,1236.4,-2.2047244094488208,2025-09-27 08:00:10.270000+05:30
device_17,container,2025-09-27 02:30:11.011000+00:00,28.5,5.3,2.01,False,1166.0,-0.6072874493927116,2025-09-27 08:00:11.011000+05:30
device_18,container,2025-09-27 02:30:05.888000+00:00,28.13,4.7,2.03,False,1034.0,0.0,2025-09-27 08:00:05.888000+05:30
device_18,container,2025-09-27 02:30:07.712000+00:00,30.87,5.16,1.94,False,1135.2,1.5021929824561413,2025-09-27 08:00:07.712000+05:30
device_18,container,2025-09-27 02:30:09.407000+00:00,29.79,5.66,2.03,False,1245.2,-0.6371681415929215,2025-09-27 08:00:09.407000+05:30
device_18,container,2025-09-27 02:30:10.792000+00:00,30.29,4.68,2.17,False,1029.6,0.36101083032490977,2025-09-27 08:00:10.792000+05:30
device_19,container,2025-09-27 02:30:05.953000+00:00,30.16,4.51,2.05,False,992.1999999999999,0.0,2025-09-27 08:00:05.953000+05:30
device_19,container,2025-09-27 02:30:07.694000+00:00,28.15,5.77,2.02,False,1269.3999999999999,-1.1545089029293518,2025-09-27 08:00:07.694000+05:30
device_19,container,2025-09-27 02:30:09.420000+00:00,30.47,4.95,1.81,False,1089.0,1.3441483198146005,2025-09-27 08:00:09.420000+05:30
device_19,container,2025-09-27 02:30:10.362000+00:00,29.03,4.7,1.96,False,1034.0,-1.5286624203821633,2025-09-27 08:00:10.362000+05:30
device_2,pipe,2025-09-27 02:30:06.707000+00:00,28.91,4.94,1.89,True,1086.8000000000002,0.0,2025-09-27 08:00:06.707000+05:30
device_2,pipe,2025-09-27 02:30:07.788000+00:00,30.94,4.57,1.98,True,1005.4000000000001,1.877890841813137,2025-09-27 08:00:07.788000+05:30
device_2,pipe,2025-09-27 02:30:09.112000+00:00,31.08,5.84,2.04,True,1284.8,0.10574018126887992,2025-09-27 08:00:09.112000+05:30
device_2,pipe,2025-09-27 02:30:10.412000+00:00,30.19,4.82,2.13,True,1060.4,-0.6846153846153823,2025-09-27 08:00:10.412000+05:30
device_20,container,2025-09-27 02:30:07.254000+00:00,31.91,5.6,2.12,False,1232.0,0.0,2025-09-27 08:00:07.254000+05:30
device_20,container,2025-09-27 02:30:07.855000+00:00,31.48,5.61,2.07,False,1234.2,-0.715474209650582,2025-09-27 08:00:07.855000+05:30
device_20,container,2025-09-27 02:30:08.813000+00:00,29.81,5.8,1.82,False,1276.0,-1.743215031315242,2025-09-27 08:00:08.813000+05:30
device_20,container,2025-09-27 02:30:10.455000+00:00,29.3,5.97,1.98,False,1313.3999999999999,-0.31059683313032765,2025-09-27 08:00:10.455000+05:30
device_21,container,2025-09-27 02:30:06.693000+00:00,29.07,5.79,2.03,False,1273.8,0.0,2025-09-27 08:00:06.693000+05:30
device_21,container,2025-09-27 02:30:07.516000+00:00,29.06,4.04,2.04,False,888.8,-0.012150668286757671,2025-09-27 08:00:07.516000+05:30
device_21,container,2025-09-27 02:30:08.553000+00:00,28.86,5.14,2.02,False,1130.8,-0.19286403085824427,2025-09-27 08:00:08.553000+05:30
device_21,container,2025-09-27 02:30:09.721000+00:00,29.71,4.45,2.08,False,979.0,0.7277397260273986,2025-09-27 08:00:09.721000+05:30
device_21,container,2025-09-27 02:30:10.652000+00:00,31.84,4.22,2.08,False,928.4,2.287862513426422,2025-09-27 08:00:10.652000+05:30
device_22,container,2025-09-27 02:30:07.035000+00:00,28.89,4.96,1.9,False,1091.2,0.0,2025-09-27 08:00:07.035000+05:30
device_22,container,2025-09-27 02:30:08.318000+00:00,30.94,4.57,2.09,False,1005.4000000000001,1.5978176149649266,2025-09-27 08:00:08.318000+05:30
device_22,container,2025-09-27 02:30:09.350000+00:00,31.81,4.98,1.83,False,1095.6000000000001,0.843023255813951,2025-09-27 08:00:09.350000+05:30
device_22,container,2025-09-27 02:30:10.470000+00:00,28.96,4.2,1.94,False,924.0,-2.544642857142855,2025-09-27 08:00:10.470000+05:30
device_23,container,2025-09-27 02:30:06.227000+00:00,29.87,5.77,1.9,False,1269.3999999999999,0.0,2025-09-27 08:00:06.227000+05:30
device_23,container,2025-09-27 02:30:06.746000+00:00,28.04,5.98,1.89,False,1315.6000000000001,-3.526011560693645,2025-09-27 08:00:06.746000+05:30
device_23,container,2025-09-27 02:30:07.782000+00:00,29.82,5.74,1.93,False,1262.8,1.7181467181467192,2025-09-27 08:00:07.782000+05:30
device_23,container,2025-09-27 02:30:09.644000+00:00,30.85,4.76,1.88,False,1047.2,0.5531686358754033,2025-09-27 08:00:09.644000+05:30
device_24,container,2025-09-27 02:30:06.869000+00:00,29.03,4.12,1.81,False,906.4,0.0,2025-09-27 08:00:06.869000+05:30
device_24,container,2025-09-27 02:30:08.304000+00:00,28.88,5.86,2.1,False,1289.2,-0.10452961672474016,2025-09-27 08:00:08.304000+05:30
device_24,container,2025-09-27 02:30:09.201000+00:00,31.99,5.48,1.92,False,1205.6000000000001,3.4671125975473793,2025-09-27 08:00:09.201000+05:30
device_24,container,2025-09-27 02:30:10.333000+00:00,30.77,4.47,2.16,False,983.4,-1.077738515901059,2025-09-27 08:00:10.333000+05:30
device_25,container,2025-09-27 02:30:06.960000+00:00,30.46,4.01,2.17,False,882.1999999999999,0.0,2025-09-27 08:00:06.960000+05:30
device_25,container,2025-09-27 02:30:07.604000+00:00,29.04,4.13,2.15,False,908.6,-2.2049689440993814,2025-09-27 08:00:07.604000+05:30
device_25,container,2025-09-27 02:30:08.828000+00:00,30.83,5.63,1.88,False,1238.6,1.462418300653594,2025-09-27 08:00:08.828000+05:30
device_25,container,2025-09-27 02:30:10.331000+00:00,30.77,4.45,2.01,False,979.0,-0.039920159680637876,2025-09-27 08:00:10.331000+05:30
device_26,container,2025-09-27 02:30:06.320000+00:00,28.72,4.43,1.87,False,974.5999999999999,0.0,2025-09-27 08:00:06.320000+05:30
device_26,container,2025-09-27 02:30:07.683000+00:00,30.05,4.16,1.99,False,915.2,0.9757887013939852,2025-09-27 08:00:07.683000+05:30
device_26,container,2025-09-27 02:30:08.228000+00:00,28.77,5.32,1.87,False,1170.4,-2.348623853211011,2025-09-27 08:00:08.228000+05:30
device_26,container,2025-09-27 02:30:08.861000+00:00,31.3,5.93,2.04,False,1304.6,3.9968404423380743,2025-09-27 08:00:08.861000+05:30
device_26,container,2025-09-27 02:30:10.644000+00:00,28.68,5.92,2.08,False,1302.4,-1.469433538979249,2025-09-27 08:00:10.644000+05:30
device_27,container,2025-09-27 02:30:06.430000+00:00,31.72,5.76,2.12,False,1267.2,0.0,2025-09-27 08:00:06.430000+05:30
device_27,container,2025-09-27 02:30:07.922000+00:00,29.3,4.39,1.85,False,965.8,-1.6219839142091141,2025-09-27 08:00:07.922000+05:30
device_27,container,2025-09-27 02:30:09.764000+00:00,30.6,5.39,1.85,False,1185.8,0.7057546145494031,2025-09-27 08:00:09.764000+05:30
device_28,container,2025-09-27 02:30:06.772000+00:00,31.24,5.4,1.96,False,1188.0,0.0,2025-09-27 08:00:06.772000+05:30
device_28,container,2025-09-27 02:30:08.105000+00:00,28.87,5.9,1.83,False,1298.0,-1.7779444861215286,2025-09-27 08:00:08.105000+05:30
device_28,container,2025-09-27 02:30:09.514000+00:00,29.76,5.64,1.98,False,1240.8,0.6316536550745213,2025-09-27 08:00:09.514000+05:30
device_29,container,2025-09-27 02:30:06.507000+00:00,29.78,5.61,1.81,False,1234.2,0.0,2025-09-27 08:00:06.507000+05:30
device_29,container,2025-09-27 02:30:08.415000+00:00,30.97,4.16,2.09,False,915.2,0.6236897274633112,2025-09-27 08:00:08.415000+05:30
device_29,container,2025-09-27 02:30:09.321000+00:00,29.34,4.41,1.86,False,970.2,-1.7991169977924932,2025-09-27 08:00:09.321000+05:30
device_29,container,2025-09-27 02:30:10.640000+00:00,28.88,5.95,2.05,False,1309.0,-0.34874905231235853,2025-09-27 08:00:10.640000+05:30
device_3,pipe,2025-09-27 02:30:06.399000+00:00,29.65,5.99,2.01,True,1317.8,0.0,2025-09-27 08:00:06.399000+05:30
device_3,pipe,2025-09-27 02:30:07.114000+00:00,28.32,4.29,1.84,True,943.8,-1.8601398601398578,2025-09-27 08:00:07.114000+05:30
device_3,pipe,2025-09-27 02:30:08.508000+00:00,30.55,5.28,1.81,True,1161.6000000000001,1.5997130559540893,2025-09-27 08:00:08.508000+05:30
device_3,pipe,2025-09-27 02:30:10.224000+00:00,31.73,4.28,1.82,True,941.6,0.6876456876456875,2025-09-27 08:00:10.224000+05:30
device_30,container,2025-09-27 02:30:07.048000+00:00,29.17,5.07,2.03,False,1115.4,0.0,2025-09-27 08:00:07.048000+05:30
device_30,container,2025-09-27 02:30:07.993000+00:00,30.44,5.51,1.87,False,1212.2,1.3439153439153435,2025-09-27 08:00:07.993000+05:30
device_30,container,2025-09-27 02:30:09.823000+00:00,31.25,4.43,1.82,False,974.5999999999999,0.4426229508196714,2025-09-27 08:00:09.823000+05:30
device_31,battery_bank,2025-09-27 02:30:06.678000+00:00,28.85,5.02,1.99,False,1104.3999999999999,0.0,2025-09-27 08:00:06.678000+05:30
device_31,battery_bank,2025-09-27 02:30:07.401000+00:00,28.76,5.66,1.95,False,1245.2,-0.12448132780082968,2025-09-27 08:00:07.401000+05:30
device_31,battery_bank,2025-09-27 02:30:09.082000+00:00,29.06,4.89,1.93,False,1075.8,0.1784651992861375,2025-09-27 08:00:09.082000+05:30
device_31,battery_bank,2025-09-27 02:30:09.672000+00:00,31.8,5.87,1.81,False,1291.4,4.644067796610173,2025-09-27 08:00:09.672000+05:30
device_31,battery_bank,2025-09-27 02:30:10.341000+00:00,31.33,5.57,1.82,False,1225.4,-0.7025411061285537,2025-09-27 08:00:10.341000+05:30
device_32,battery_bank,2025-09-27 02:30:07.145000+00:00,30.84,4.9,1.9,False,1078.0,0.0,2025-09-27 08:00:07.145000+05:30
device_32,battery_bank,2025-09-27 02:30:08.908000+00:00,28.21,4.15,2.11,False,913.0000000000001,-1.4917753828701072,2025-09-27 08:00:08.908000+05:30
device_32,battery_bank,2025-09-27 02:30:10.348000+00:00,31.47,4.13,2.1,False,908.6,2.2638888888888875,2025-09-27 08:00:10.348000+05:30
device_33,battery_bank,2025-09-27 02:30:06.063000+00:00,29.64,5.27,1.93,False,1159.3999999999999,0.0,2025-09-27 08:00:06.063000+05:30
device_33,battery_bank,2025-09-27 02:30:06.958000+00:00,31.14,5.98,2.16,False,1315.6000000000001,1.675977653631285,2025-09-27 08:00:06.958000+05:30
device_33,battery_bank,2025-09-27 02:30:08.871000+00:00,28.65,4.71,2.09,False,1036.2,-1.301620491374805,2025-09-27 08:00:08.871000+05:30
device_33,battery_bank,2025-09-27 02:30:09.662000+00:00,28.6,4.43,1.85,False,974.5999999999999,-0.06321112515802421,2025-09-27 08:00:09.662000+05:30
device_34,battery_bank,2025-09-27 02:30:06.070000+00:00,28.9,5.06,2.06,False,1113.1999999999998,0.0,2025-09-27 08:00:06.070000+05:30
device_34,battery_bank,2025-09-27 02:30:07.926000+00:00,29.59,4.77,1.87,False,1049.3999999999999,0.371767241379311,2025-09-27 08:00:07.926000+05:30
device_34,battery_bank,2025-09-27 02:30:08.631000+00:00,31.04,5.88,1.81,False,1293.6,2.0567375886524815,2025-09-27 08:00:08.631000+05:30
device_34,battery_bank,2025-09-27 02:30:09.312000+00:00,31.59,4.56,1.82,False,1003.1999999999999,0.8076358296622623,2025-09-27 08:00:09.312000+05:30
device_34,battery_bank,2025-09-27 02:30:10.087000+00:00,30.83,5.74,1.88,False,1262.8,-0.9806451612903245,2025-09-27 08:00:10.087000+05:30
device_35,battery_bank,2025-09-27 02:30:05.817000+00:00,28.06,4.14,1.85,False,910.8,0.0,2025-09-27 08:00:05.817000+05:30
device_35,battery_bank,2025-09-27 02:30:06.806000+00:00,30.69,4.11,2.0,False,904.2,2.659251769464108,2025-09-27 08:00:06.806000+05:30
device_35,battery_bank,2025-09-27 02:30:08.563000+00:00,28.29,5.7,2.16,False,1254.0,-1.3659647125782597,2025-09-27 08:00:08.563000+05:30
device_35,battery_bank,2025-09-27 02:30:09.729000+00:00,30.32,4.31,1.88,False,948.1999999999999,1.7409948542024025,2025-09-27 08:00:09.729000+05:30
device_36,battery_bank,2025-09-27 02:30:06.122000+00:00,30.36,5.54,2.16,False,1218.8,0.0,2025-09-27 08:00:06.122000+05:30
device_36,battery_bank,2025-09-27 02:30:07.861000+00:00,30.48,5.57,2.14,False,1225.4,0.06900517538815468,2025-09-27 08:00:07.861000+05:30
device_36,battery_bank,2025-09-27 02:30:09.344000+00:00,28.85,4.75,2.11,False,1045.0,-1.0991233985165199,2025-09-27 08:00:09.344000+05:30
device_37,battery_bank,2025-09-27 02:30:06.802000+00:00,29.85,4.97,2.13,False,1093.3999999999999,0.0,2025-09-27 08:00:06.802000+05:30
device_37,battery_bank,2025-09-27 02:30:07.526000+00:00,31.97,4.15,2.11,False,913.0000000000001,2.9281767955801072,2025-09-27 08:00:07.526000+05:30
device_37,battery_bank,2025-09-27 02:30:08.506000+00:00,31.05,5.62,2.05,False,1236.4,-0.9387755102040798,2025-09-27 08:00:08.506000+05:30
device_37,battery_bank,2025-09-27 02:30:09.934000+00:00,29.09,4.99,1.88,False,1097.8,-1.3725490196078438,2025-09-27 08:00:09.934000+05:30
device_37,battery_bank,2025-09-27 02:30:10.549000+00:00,28.9,5.64,2.19,False,1240.8,-0.3089430894308964,2025-09-27 08:00:10.549000+05:30
device_38,battery_bank,2025-09-27 02:30:06.460000+00:00,30.15,4.95,2.12,False,1089.0,0.0,2025-09-27 08:00:06.460000+05:30
device_38,battery_bank,2025-09-27 02:30:08.155000+00:00,30.61,5.91,2.18,False,1300.2,0.2713864306784666,2025-09-27 08:00:08.155000+05:30
device_38,battery_bank,2025-09-27 02:30:08.677000+00:00,28.88,5.22,1.85,False,1148.3999999999999,-3.314176245210729,2025-09-27 08:00:08.677000+05:30
device_38,battery_bank,2025-09-27 02:30:10.116000+00:00,31.5,5.82,1.84,False,1280.4,1.8207088255733155,2025-09-27 08:00:10.116000+05:30
device_39,battery_bank,2025-09-27 02:30:06.196000+00:00,29.8,5.01,1.91,False,1102.2,0.0,2025-09-27 08:00:06.196000+05:30
device_39,battery_bank,2025-09-27 02:30:07.256000+00:00,29.26,5.69,1.86,False,1251.8000000000002,-0.5094339622641502,2025-09-27 08:00:07.256000+05:30
device_39,battery_bank,2025-09-27 02:30:08.150000+00:00,29.04,5.77,1.84,False,1269.3999999999999,-0.24608501118568502,2025-09-27 08:00:08.150000+05:30
device_39,battery_bank,2025-09-27 02:30:08.800000+00:00,31.32,5.47,1.85,False,1203.3999999999999,3.5076923076923094,2025-09-27 08:00:08.800000+05:30
device_39,battery_bank,2025-09-27 02:30:09.885000+00:00,29.54,4.04,1.99,False,888.8,-1.6405529953917062,2025-09-27 08:00:09.885000+05:30
device_4,pipe,2025-09-27 02:30:05.745000+00:00,30.57,5.24,2.17,True,1152.8,0.0,2025-09-27 08:00:05.745000+05:30
device_4,pipe,2025-09-27 02:30:07.350000+00:00,28.11,4.8,1.83,True,1056.0,-1.5327102803738324,2025-09-27 08:00:07.350000+05:30
device_4,pipe,2025-09-27 02:30:08.723000+00:00,30.46,5.01,1.83,True,1102.2,1.7115804806991999,2025-09-27 08:00:08.723000+05:30
device_4,pipe,2025-09-27 02:30:10.177000+00:00,31.16,4.87,1.9,True,1071.4,0.48143053645116873,2025-09-27 08:00:10.177000+05:30
device_40,battery_bank,2025-09-27 02:30:06.212000+00:00,30.34,4.2,2.12,False,924.0,0.0,2025-09-27 08:00:06.212000+05:30
device_40,battery_bank,2025-09-27 02:30:07.315000+00:00,31.37,5.19,2.08,False,1141.8000000000002,0.9338168631006357,2025-09-27 08:00:07.315000+05:30
device_40,battery_bank,2025-09-27 02:30:07.959000+00:00,30.17,4.98,1.96,False,1095.6000000000001,-1.8633540372670796,2025-09-27 08:00:07.959000+05:30
device_40,battery_bank,2025-09-27 02:30:09.179000+00:00,30.78,5.7,2.01,False,1254.0,0.49999999999999956,2025-09-27 08:00:09.179000+05:30
device_40,battery_bank,2025-09-27 02:30:09.700000+00:00,30.65,5.84,2.16,False,1284.8,-0.24952015355086862,2025-09-27 08:00:09.700000+05:30
device_40,battery_bank,2025-09-27 02:30:10.532000+00:00,30.98,5.72,1.86,False,1258.3999999999999,0.39663461538461764,2025-09-27 08:00:10.532000+05:30
device_41,battery_bank,2025-09-27 02:30:05.948000+00:00,30.78,5.25,2.13,False,1155.0,0.0,2025-09-27 08:00:05.948000+05:30
device_41,battery_bank,2025-09-27 02:30:06.740000+00:00,30.83,4.33,2.03,False,952.6,0.06313131313130954,2025-09-27 08:00:06.740000+05:30
device_41,battery_bank,2025-09-27 02:30:08.727000+00:00,30.52,4.66,2.09,False,1025.2,-0.15601409159536925,2025-09-27 08:00:08.727000+05:30
device_41,battery_bank,2025-09-27 02:30:10.009000+00:00,30.67,4.61,1.83,False,1014.2,0.11700468018720915,2025-09-27 08:00:10.009000+05:30
device_41,battery_bank,2025-09-27 02:30:10.638000+00:00,30.51,4.37,2.06,False,961.4,-0.25437201907790163,2025-09-27 08:00:10.638000+05:30
device_42,battery_bank,2025-09-27 02:30:06.554000+00:00,28.81,5.54,2.07,False,1218.8,0.0,2025-09-27 08:00:06.554000+05:30
device_42,battery_bank,2025-09-27 02:30:08.411000+00:00,28.45,4.21,1.81,False,926.2,-0.193861066235864,2025-09-27 08:00:08.411000+05:30
device_42,battery_bank,2025-09-27 02:30:09.711000+00:00,30.42,5.53,1.83,False,1216.6000000000001,1.515384615384617,2025-09-27 08:00:09.711000+05:30
device_42,battery_bank,2025-09-27 02:30:10.871000+00:00,31.17,5.4,1.87,False,1188.0,0.646551724137931,2025-09-27 08:00:10.871000+05:30
device_43,battery_bank,2025-09-27 02:30:05.985000+00:00,28.17,5.19,1.96,False,1141.8000000000002,0.0,2025-09-27 08:00:05.985000+05:30
device_43,battery_bank,2025-09-27 02:30:07.800000+00:00,31.48,4.91,2.17,False,1080.2,1.8236914600550957,2025-09-27 08:00:07.800000+05:30
device_43,battery_bank,2025-09-27 02:30:08.769000+00:00,29.61,5.31,1.89,False,1168.1999999999998,-1.9298245614035099,2025-09-27 08:00:08.769000+05:30
device_43,battery_bank,2025-09-27 02:30:10.476000+00:00,31.7,5.43,2.2,False,1194.6,1.2243702401874632,2025-09-27 08:00:10.476000+05:30
device_44,battery_bank,2025-09-27 02:30:06.865000+00:00,31.33,4.02,2.19,False,884.3999999999999,0.0,2025-09-27 08:00:06.865000+05:30
device_44,battery_bank,2025-09-27 02:30:08.001000+00:00,30.21,5.25,2.01,False,1155.0,-0.9859154929577443,2025-09-27 08:00:08.001000+05:30
device_44,battery_bank,2025-09-27 02:30:09.073000+00:00,31.32,4.63,1.9,False,1018.6,1.0354477611940291,2025-09-27 08:00:09.073000+05:30
device_44,battery_bank,2025-09-27 02:30:10.482000+00:00,28.26,5.9,1.82,False,1298.0,-2.171753016323633,2025-09-27 08:00:10.482000+05:30
device_45,battery_bank,2025-09-27 02:30:05.974000+00:00,28.66,5.34,1.94,False,1174.8,0.0,2025-09-27 08:00:05.974000+05:30
device_45,battery_bank,2025-09-27 02:30:06.632000+00:00,30.29,5.38,2.07,False,1183.6,2.477203647416412,2025-09-27 08:00:06.632000+05:30
device_45,battery_bank,2025-09-27 02:30:08.329000+00:00,30.98,4.29,1.84,False,943.8,0.40659988214496245,2025-09-27 08:00:08.329000+05:30
device_45,battery_bank,2025-09-27 02:30:10.039000+00:00,31.34,5.83,2.11,False,1282.6,0.21052631578947337,2025-09-27 08:00:10.039000+05:30
device_46,battery_bank,2025-09-27 02:30:07.673000+00:00,29.34,4.9,2.08,False,1078.0,0.0,2025-09-27 08:00:07.673000+05:30
device_46,battery_bank,2025-09-27 02:30:09.111000+00:00,28.0,5.25,1.96,False,1155.0,-0.9318497913769123,2025-09-27 08:00:09.111000+05:30
device_46,battery_bank,2025-09-27 02:30:09.931000+00:00,30.26,4.82,2.17,False,1060.4,2.7560975609756118,2025-09-27 08:00:09.931000+05:30
device_47,battery_bank,2025-09-27 02:30:05.903000+00:00,31.15,5.77,2.15,False,1269.3999999999999,0.0,2025-09-27 08:00:05.903000+05:30
device_47,battery_bank,2025-09-27 02:30:07.119000+00:00,29.07,4.44,1.83,False,976.8000000000001,-1.7105263157894723,2025-09-27 08:00:07.119000+05:30
device_47,battery_bank,2025-09-27 02:30:08.736000+00:00,31.88,4.91,1.86,False,1080.2,1.7377860235003084,2025-09-27 08:00:08.736000+05:30
device_47,battery_bank,2025-09-27 02:30:09.405000+00:00,29.65,5.77,2.13,False,1269.3999999999999,-3.333333333333334,2025-09-27 08:00:09.405000+05:30
device_47,battery_bank,2025-09-27 02:30:10.420000+00:00,29.3,4.74,2.11,False,1042.8,-0.34482758620689447,2025-09-27 08:00:10.420000+05:30
device_48,battery_bank,2025-09-27 02:30:05.908000+00:00,30.58,4.25,2.18,False,935.0,0.0,2025-09-27 08:00:05.908000+05:30
device_48,battery_bank,2025-09-27 02:30:07.176000+00:00,28.25,4.12,1.92,False,906.4,-1.8375394321766547,2025-09-27 08:00:07.176000+05:30
device_48,battery_bank,2025-09-27 02:30:08.117000+00:00,30.05,4.76,2.0,False,1047.2,1.9128586609989382,2025-09-27 08:00:08.117000+05:30
device_48,battery_bank,2025-09-27 02:30:09.173000+00:00,30.16,4.22,2.06,False,928.4,0.10416666666666613,2025-09-27 08:00:09.173000+05:30
device_48,battery_bank,2025-09-27 02:30:10.240000+00:00,28.98,4.79,2.05,False,1053.8,-1.1059044048734767,2025-09-27 08:00:10.240000+05:30
device_49,battery_bank,2025-09-27 02:30:07.702000+00:00,31.14,4.2,1.85,False,924.0,0.0,2025-09-27 08:00:07.702000+05:30
device_49,battery_bank,2025-09-27 02:30:09.499000+00:00,31.63,4.47,1.9,False,983.4,0.27267668336115664,2025-09-27 08:00:09.499000+05:30
device_5,pipe,2025-09-27 02:30:06.864000+00:00,29.92,4.71,1.94,True,1036.2,0.0,2025-09-27 08:00:06.864000+05:30
device_5,pipe,2025-09-27 02:30:08.042000+00:00,31.63,5.21,1.92,True,1146.2,1.4516129032258043,2025-09-27 08:00:08.042000+05:30
device_5,pipe,2025-09-27 02:30:09.017000+00:00,29.36,5.6,2.11,True,1232.0,-2.328205128205128,2025-09-27 08:00:09.017000+05:30
device_5,pipe,2025-09-27 02:30:10.409000+00:00,29.01,5.72,2.06,True,1258.3999999999999,-0.2514367816091939,2025-09-27 08:00:10.409000+05:30
device_50,battery_bank,2025-09-27 02:30:07.330000+00:00,28.3,5.28,1.93,False,1161.6000000000001,0.0,2025-09-27 08:00:07.330000+05:30
device_50,battery_bank,2025-09-27 02:30:09.064000+00:00,28.64,4.35,2.18,False,956.9999999999999,0.19607843137254893,2025-09-27 08:00:09.064000+05:30
device_50,battery_bank,2025-09-27 02:30:10.715000+00:00,29.46,4.03,1.83,False,886.6,0.4966686856450638,2025-09-27 08:00:10.715000+05:30
device_6,pipe,2025-09-27 02:30:06.257000+00:00,28.97,5.01,2.05,True,1102.2,0.0,2025-09-27 08:00:06.257000+05:30
device_6,pipe,2025-09-27 02:30:07.777000+00:00,31.08,4.89,1.82,True,1075.8,1.3881578947368418,2025-09-27 08:00:07.777000+05:30
device_6,pipe,2025-09-27 02:30:08.325000+00:00,30.83,4.54,2.02,True,998.8,-0.45620437956204374,2025-09-27 08:00:08.325000+05:30
device_6,pipe,2025-09-27 02:30:09.658000+00:00,31.88,4.22,2.08,True,928.4,0.7876969242310583,2025-09-27 08:00:09.658000+05:30
device_7,pipe,2025-09-27 02:30:06.329000+00:00,29.78,5.92,2.01,True,1302.4,0.0,2025-09-27 08:00:06.329000+05:30
device_7,pipe,2025-09-27 02:30:07.627000+00:00,31.48,4.76,2.05,True,1047.2,1.3097072419106313,2025-09-27 08:00:07.627000+05:30
device_7,pipe,2025-09-27 02:30:09.026000+00:00,30.52,5.4,1.95,True,1188.0,-0.6862044317369556,2025-09-27 08:00:09.026000+05:30
device_7,pipe,2025-09-27 02:30:10.716000+00:00,30.06,5.87,1.98,True,1291.4,-0.27218934911242654,2025-09-27 08:00:10.716000+05:30
device_8,pipe,2025-09-27 02:30:06.056000+00:00,30.63,5.86,2.08,True,1289.2,0.0,2025-09-27 08:00:06.056000+05:30
device_8,pipe,2025-09-27 02:30:07.762000+00:00,28.34,4.57,1.94,True,1005.4000000000001,-1.3423212192262597,2025-09-27 08:00:07.762000+05:30
device_8,pipe,2025-09-27 02:30:08.399000+00:00,29.34,4.48,2.14,True,985.6000000000001,1.5698587127158556,2025-09-27 08:00:08.399000+05:30
device_8,pipe,2025-09-27 02:30:10.316000+00:00,31.41,5.39,1.96,True,1185.8,1.07981220657277,2025-09-27 08:00:10.316000+05:30
device_9,pipe,2025-09-27 02:30:05.809000+00:00,31.71,5.33,1.98,True,1172.6,0.0,2025-09-27 08:00:05.809000+05:30
device_9,pipe,2025-09-27 02:30:07.384000+00:00,31.32,4.2,2.01,True,924.0,-0.247619047619048,2025-09-27 08:00:07.384000+05:30
device_9,pipe,2025-09-27 02:30:09.249000+00:00,29.98,5.45,2.11,True,1199.0,-0.7184986595174262,2025-09-27 08:00:09.249000+05:30
device_9,pipe,2025-09-27 02:30:10.193000+00:00,30.72,5.07,2.02,True,1115.4,0.7838983050847441,2025-09-27 08:00:10.193000+05:30
device_9,pipe,2025-09-27 02:30:10.949000+00:00,30.77,5.76,1.88,True,1267.2,0.06613756613756708,2025-09-27 08:00:10.949000+05:30
device_1,pipe,2025-09-27 02:30:11.199000+00:00,29.09,4.0,1.89,True,880.0,0.0,2025-09-27 08:00:11.199000+05:30
device_1,pipe,2025-09-27 02:30:11.817000+00:00,29.61,4.09,1.81,True,899.8,0.841423948220064,2025-09-27 08:00:11.817000+05:30
device_1,pipe,2025-09-27 02:30:12.550000+00:00,29.64,5.25,1.98,True,1155.0,0.04092769440654998,2025-09-27 08:00:12.550000+05:30
device_1,pipe,2025-09-27 02:30:13.396000+00:00,31.61,4.64,2.12,True,1020.8,2.328605200945625,2025-09-27 08:00:13.396000+05:30
device_1,pipe,2025-09-27 02:30:15.227000+00:00,31.81,4.65,1.81,True,1023.0000000000001,0.10922992900054576,2025-09-27 08:00:15.227000+05:30
device_1,pipe,2025-09-27 02:30:15.840000+00:00,29.86,4.49,1.83,True,987.8000000000001,-3.1810766721044033,2025-09-27 08:00:15.840000+05:30
device_10,pipe,2025-09-27 02:30:11.843000+00:00,31.47,4.75,2.14,True,1045.0,0.0,2025-09-27 08:00:11.843000+05:30
device_10,pipe,2025-09-27 02:30:13.738000+00:00,29.62,5.36,1.88,True,1179.2,-0.9762532981530332,2025-09-27 08:00:13.738000+05:30
device_10,pipe,2025-09-27 02:30:14.530000+00:00,28.64,4.89,1.94,True,1075.8,-1.237373737373738,2025-09-27 08:00:14.530000+05:30
device_10,pipe,2025-09-27 02:30:15.260000+00:00,31.55,4.45,2.07,True,979.0,3.986301369863014,2025-09-27 08:00:15.260000+05:30
device_11,container,2025-09-27 02:30:11.138000+00:00,29.21,5.47,1.95,False,1203.3999999999999,0.0,2025-09-27 08:00:11.138000+05:30
device_11,container,2025-09-27 02:30:11.963000+00:00,29.67,4.73,1.87,False,1040.6000000000001,0.5575757575757586,2025-09-27 08:00:11.963000+05:30
device_11,container,2025-09-27 02:30:13.221000+00:00,31.16,4.4,2.04,False,968.0000000000001,1.1844197138314774,2025-09-27 08:00:13.221000+05:30
device_11,container,2025-09-27 02:30:15.105000+00:00,28.54,4.07,2.14,False,895.4000000000001,-1.3906581740976651,2025-09-27 08:00:15.105000+05:30
device_11,container,2025-09-27 02:30:15.942000+00:00,29.74,5.19,2.0,False,1141.8000000000002,1.4336917562724008,2025-09-27 08:00:15.942000+05:30
device_12,container,2025-09-27 02:30:11.339000+00:00,30.18,4.5,2.2,False,990.0,0.0,2025-09-27 08:00:11.339000+05:30
device_12,container,2025-09-27 02:30:12.391000+00:00,31.11,4.7,2.04,False,1034.0,0.8840304182509503,2025-09-27 08:00:12.391000+05:30
device_12,container,2025-09-27 02:30:13.043000+00:00,30.02,5.65,2.09,False,1243.0,-1.6717791411042942,2025-09-27 08:00:13.043000+05:30
device_12,container,2025-09-27 02:30:14.108000+00:00,31.89,4.48,1.83,False,985.6000000000001,1.7558685446009399,2025-09-27 08:00:14.108000+05:30
device_12,container,2025-09-27 02:30:14.815000+00:00,31.07,5.65,2.12,False,1243.0,-1.1598302687411604,2025-09-27 08:00:14.815000+05:30
device_12,container,2025-09-27 02:30:15.434000+00:00,29.27,5.21,1.91,False,1146.2,-2.9079159935379657,2025-09-27 08:00:15.434000+05:30
device_12,container,2025-09-27 02:30:15.989000+00:00,29.48,5.65,1.94,False,1243.0,0.3783783783783799,2025-09-27 08:00:15.989000+05:30
device_13,container,2025-09-27 02:30:11.934000+00:00,29.0,5.81,2.2,False,1278.1999999999998,0.0,2025-09-27 08:00:11.934000+05:30
device_13,container,2025-09-27 02:30:13.188000+00:00,28.26,4.4,2.08,False,968.0000000000001,-0.5901116427432205,2025-09-27 08:00:13.188000+05:30
device_13,container,2025-09-27 02:30:13.814000+00:00,31.24,5.9,2.2,False,1298.0,4.760383386581465,2025-09-27 08:00:13.814000+05:30
device_13,container,2025-09-27 02:30:15.150000+00:00,30.79,4.76,2.18,False,1047.2,-0.3368263473053887,2025-09-27 08:00:15.150000+05:30
device_13,container,2025-09-27 02:30:15.740000+00:00,31.1,4.8,1.95,False,1056.0,0.5254237288135633,2025-09-27 08:00:15.740000+05:30
device_14,container,2025-09-27 02:30:11.956000+00:00,29.78,4.17,2.14,False,917.4,0.0,2025-09-27 08:00:11.956000+05:30
device_14,container,2025-09-27 02:30:13.736000+00:00,31.06,4.03,1.87,False,886.6,0.7191011235955043,2025-09-27 08:00:13.736000+05:30
device_14,container,2025-09-27 02:30:14.596000+00:00,30.69,5.8,1.89,False,1276.0,-0.43023255813953193,2025-09-27 08:00:14.596000+05:30
device_14,container,2025-09-27 02:30:15.894000+00:00,28.58,5.78,2.19,False,1271.6000000000001,-1.6255778120184923,2025-09-27 08:00:15.894000+05:30
device_15,container,2025-09-27 02:30:12.414000+00:00,31.67,5.99,1.88,False,1317.8,0.0,2025-09-27 08:00:12.414000+05:30
device_15,container,2025-09-27 02:30:13.574000+00:00,31.03,5.95,2.07,False,1309.0,-0.551724137931035,2025-09-27 08:00:13.574000+05:30
device_15,container,2025-09-27 02:30:15.072000+00:00,31.95,4.77,1.81,False,1049.3999999999999,0.6141522029372485,2025-09-27 08:00:15.072000+05:30
device_16,container,2025-09-27 02:30:12.746000+00:00,29.4,5.93,1.83,False,1304.6,0.0,2025-09-27 08:00:12.746000+05:30
device_16,container,2025-09-27 02:30:13.642000+00:00,31.2,4.64,2.03,False,1020.8,2.008928571428572,2025-09-27 08:00:13.642000+05:30
device_16,container,2025-09-27 02:30:15.134000+00:00,29.92,4.65,2.15,False,1023.0000000000001,-0.857908847184985,2025-09-27 08:00:15.134000+05:30
device_16,container,2025-09-27 02:30:15.906000+00:00,30.16,4.45,2.13,False,979.0,0.310880829015542,2025-09-27 08:00:15.906000+05:30
device_17,container,2025-09-27 02:30:11.829000+00:00,31.72,5.62,2.16,False,1236.4,0.0,2025-09-27 08:00:11.829000+05:30
device_17,container,2025-09-27 02:30:13.024000+00:00,28.92,4.49,1.92,False,987.8000000000001,-2.343096234309621,2025-09-27 08:00:13.024000+05:30
device_17,container,2025-09-27 02:30:14.275000+00:00,28.14,5.68,1.92,False,1249.6,-0.6235011990407684,2025-09-27 08:00:14.275000+05:30
device_17,container,2025-09-27 02:30:16.268000+00:00,29.71,4.57,2.04,False,1005.4000000000001,0.787757150025088,2025-09-27 08:00:16.268000+05:30
device_18,container,2025-09-27 02:30:11.798000+00:00,29.27,5.96,2.02,False,1311.2,0.0,2025-09-27 08:00:11.798000+05:30
device_18,container,2025-09-27 02:30:12.761000+00:00,31.17,5.72,1.94,False,1258.3999999999999,1.9730010384216015,2025-09-27 08:00:12.761000+05:30
device_18,container,2025-09-27 02:30:14.483000+00:00,29.74,4.57,2.02,False,1005.4000000000001,-0.8304297328687592,2025-09-27 08:00:14.483000+05:30
device_18,container,2025-09-27 02:30:16.063000+00:00,29.23,4.46,2.06,False,981.2,-0.322784810126581,2025-09-27 08:00:16.063000+05:30
device_19,container,2025-09-27 02:30:11.968000+00:00,29.43,5.01,2.11,False,1102.2,0.0,2025-09-27 08:00:11.968000+05:30
device_19,container,2025-09-27 02:30:12.501000+00:00,31.11,5.57,1.83,False,1225.4,3.151969981238273,2025-09-27 08:00:12.501000+05:30
device_19,container,2025-09-27 02:30:13.393000+00:00,31.84,4.43,1.86,False,974.5999999999999,0.8183856502242157,2025-09-27 08:00:13.393000+05:30
device_19,container,2025-09-27 02:30:14.294000+00:00,28.64,4.32,1.86,False,950.4000000000001,-3.551609322974472,2025-09-27 08:00:14.294000+05:30
device_19,container,2025-09-27 02:30:15.882000+00:00,28.38,4.68,1.82,False,1029.6,-0.16372795969773396,2025-09-27 08:00:15.882000+05:30
device_2,pipe,2025-09-27 02:30:11.624000+00:00,30.92,5.25,1.96,True,1155.0,0.0,2025-09-27 08:00:11.624000+05:30
device_2,pipe,2025-09-27 02:30:13.066000+00:00,30.74,5.9,2.03,True,1298.0,-0.12482662968100089,2025-09-27 08:00:13.066000+05:30
device_2,pipe,2025-09-27 02:30:14.046000+00:00,28.69,4.88,1.95,True,1073.6,-2.091836734693875,2025-09-27 08:00:14.046000+05:30
device_2,pipe,2025-09-27 02:30:15.505000+00:00,31.94,4.31,1.91,True,948.1999999999999,2.2275531185743658,2025-09-27 08:00:15.505000+05:30
device_20,container,2025-09-27 02:30:11.391000+00:00,28.57,4.64,1.99,False,1020.8,0.0,2025-09-27 08:00:11.391000+05:30
device_20,container,2025-09-27 02:30:12.196000+00:00,31.57,4.93,1.92,False,1084.6,3.7267080745341614,2025-09-27 08:00:12.196000+05:30
device_20,container,2025-09-27 02:30:13.012000+00:00,29.5,5.22,1.91,False,1148.3999999999999,-2.5367647058823533,2025-09-27 08:00:13.012000+05:30
device_20,container,2025-09-27 02:30:13.893000+00:00,31.27,4.77,1.99,False,1049.3999999999999,2.009080590238365,2025-09-27 08:00:13.893000+05:30
device_20,container,2025-09-27 02:30:15.427000+00:00,28.53,4.13,2.03,False,908.6,-1.786179921773141,2025-09-27 08:00:15.427000+05:30
device_20,container,2025-09-27 02:30:16.119000+00:00,29.72,4.38,2.09,False,963.6,1.7196531791907483,2025-09-27 08:00:16.119000+05:30
device_21,container,2025-09-27 02:30:12.091000+00:00,29.16,4.03,2.09,False,886.6,0.0,2025-09-27 08:00:12.091000+05:30
device_21,container,2025-09-27 02:30:12.976000+00:00,31.53,4.32,1.82,False,950.4000000000001,2.6779661016949166,2025-09-27 08:00:12.976000+05:30
device_21,container,2025-09-27 02:30:14.715000+00:00,29.77,4.03,2.05,False,886.6,-1.0120759056929278,2025-09-27 08:00:14.715000+05:30
device_21,container,2025-09-27 02:30:15.258000+00:00,30.64,4.75,1.87,False,1045.0,1.602209944751383,2025-09-27 08:00:15.258000+05:30
device_21,container,2025-09-27 02:30:15.818000+00:00,31.35,4.33,1.86,False,952.6,1.2678571428571443,2025-09-27 08:00:15.818000+05:30
device_22,container,2025-09-27 02:30:11.533000+00:00,29.65,4.91,2.16,False,1080.2,0.0,2025-09-27 08:00:11.533000+05:30
device_22,container,2025-09-27 02:30:12.723000+00:00,29.52,4.7,2.0,False,1034.0,-0.10924369747899076,2025-09-27 08:00:12.723000+05:30
device_22,container,2025-09-27 02:30:14.265000+00:00,30.92,4.34,2.02,False,954.8,0.9079118028534384,2025-09-27 08:00:14.265000+05:30
device_22,container,2025-09-27 02:30:15.370000+00:00,29.57,5.15,1.96,False,1133.0,-1.2217194570135759,2025-09-27 08:00:15.370000+05:30
device_22,container,2025-09-27 02:30:16.056000+00:00,30.56,4.79,1.82,False,1053.8,1.4431486880466449,2025-09-27 08:00:16.056000+05:30
device_23,container,2025-09-27 02:30:11.591000+00:00,28.4,4.84,2.14,False,1064.8,0.0,2025-09-27 08:00:11.591000+05:30
device_23,container,2025-09-27 02:30:13.549000+00:00,29.99,5.62,1.8,False,1236.4,0.8120531154239019,2025-09-27 08:00:13.549000+05:30
device_23,container,2025-09-27 02:30:14.291000+00:00,30.7,5.43,2.04,False,1194.6,0.9568733153638825,2025-09-27 08:00:14.291000+05:30
device_23,container,2025-09-27 02:30:15.157000+00:00,28.72,5.85,1.83,False,1287.0,-2.286374133949192,2025-09-27 08:00:15.157000+05:30
device_23,container,2025-09-27 02:30:15.854000+00:00,28.82,5.76,1.8,False,1267.2,0.14347202295552572,2025-09-27 08:00:15.854000+05:30
device_24,container,2025-09-27 02:30:11.809000+00:00,30.79,5.12,2.12,False,1126.4,0.0,2025-09-27 08:00:11.809000+05:30
device_24,container,2025-09-27 02:30:13.077000+00:00,29.77,4.31,1.83,False,948.1999999999999,-0.8044164037854886,2025-09-27 08:00:13.077000+05:30
device_24,container,2025-09-27 02:30:14.856000+00:00,29.12,5.2,2.18,False,1144.0,-0.36537380550871196,2025-09-27 08:00:14.856000+05:30
device_24,container,2025-09-27 02:30:15.646000+00:00,28.27,5.91,2.13,False,1300.2,-1.0759493670886093,2025-09-27 08:00:15.646000+05:30
device_25,container,2025-09-27 02:30:11.159000+00:00,29.64,5.13,2.02,False,1128.6,0.0,2025-09-27 08:00:11.159000+05:30
device_25,container,2025-09-27 02:30:12.476000+00:00,30.41,4.92,2.11,False,1082.4,0.5846621108580103,2025-09-27 08:00:12.476000+05:30
device_25,container,2025-09-27 02:30:13.565000+00:00,29.24,4.54,2.01,False,998.8,-1.0743801652892577,2025-09-27 08:00:13.565000+05:30
device_25,container,2025-09-27 02:30:14.726000+00:00,31.0,5.66,1.98,False,1245.2,1.5159345391903545,2025-09-27 08:00:14.726000+05:30
device_26,container,2025-09-27 02:30:11.386000+00:00,29.17,5.17,1.93,False,1137.4,0.0,2025-09-27 08:00:11.386000+05:30
device_26,container,2025-09-27 02:30:12.217000+00:00,28.07,5.82,2.08,False,1280.4,-1.3237063778580043,2025-09-27 08:00:12.217000+05:30
device_26,container,2025-09-27 02:30:13.245000+00:00,29.1,4.99,1.87,False,1097.8,1.00194552529183,2025-09-27 08:00:13.245000+05:30
device_26,container,2025-09-27 02:30:14.624000+00:00,31.49,5.25,2.08,False,1155.0,1.7331399564902081,2025-09-27 08:00:14.624000+05:30
device_26,container,2025-09-27 02:30:15.669000+00:00,30.5,5.33,1.9,False,1172.6,-0.9473684210526302,2025-09-27 08:00:15.669000+05:30
device_27,container,2025-09-27 02:30:11.307000+00:00,28.07,4.22,2.12,False,928.4,0.0,2025-09-27 08:00:11.307000+05:30
device_27,container,2025-09-27 02:30:12.656000+00:00,31.41,4.32,1.85,False,950.4000000000001,2.475908080059303,2025-09-27 08:00:12.656000+05:30
device_27,container,2025-09-27 02:30:14.590000+00:00,29.71,5.06,2.1,False,1113.1999999999998,-0.8790072388831434,2025-09-27 08:00:14.590000+05:30
device_27,container,2025-09-27 02:30:15.963000+00:00,28.07,4.34,1.87,False,954.8,-1.1944646758922073,2025-09-27 08:00:15.963000+05:30
device_28,container,2025-09-27 02:30:11.052000+00:00,31.52,4.9,1.97,False,1078.0,0.0,2025-09-27 08:00:11.052000+05:30
device_28,container,2025-09-27 02:30:11.791000+00:00,29.34,5.89,2.09,False,1295.8,-2.949932341001353,2025-09-27 08:00:11.791000+05:30
device_28,container,2025-09-27 02:30:13.133000+00:00,31.2,4.53,2.06,False,996.6,1.3859910581222052,2025-09-27 08:00:13.133000+05:30
device_28,container,2025-09-27 02:30:14.186000+00:00,29.76,4.19,1.99,False,921.8000000000001,-1.3675213675213655,2025-09-27 08:00:14.186000+05:30
device_28,container,2025-09-27 02:30:15.010000+00:00,28.91,5.28,2.09,False,1161.6000000000001,-1.0315533980582543,2025-09-27 08:00:15.010000+05:30
device_28,container,2025-09-27 02:30:16.073000+00:00,28.72,5.79,1.89,False,1273.8,-0.17873941674506236,2025-09-27 08:00:16.073000+05:30
device_29,container,2025-09-27 02:30:11.332000+00:00,30.11,4.83,1.87,False,1062.6,0.0,2025-09-27 08:00:11.332000+05:30
device_29,container,2025-09-27 02:30:13.145000+00:00,30.1,4.74,2.08,False,1042.8,-0.00551571980143299,2025-09-27 08:00:13.145000+05:30
device_29,container,2025-09-27 02:30:14.610000+00:00,30.5,4.1,1.9,False,901.9999999999999,0.27303754266211505,2025-09-27 08:00:14.610000+05:30
device_29,container,2025-09-27 02:30:16.160000+00:00,29.75,5.36,2.0,False,1179.2,-0.48387096774193544,2025-09-27 08:00:16.160000+05:30
device_3,pipe,2025-09-27 02:30:11.847000+00:00,29.04,4.28,2.13,True,941.6,0.0,2025-09-27 08:00:11.847000+05:30
device_3,pipe,2025-09-27 02:30:13.138000+00:00,29.41,5.14,2.01,True,1130.8,0.28659953524399767,2025-09-27 08:00:13.138000+05:30
device_3,pipe,2025-09-27 02:30:14.634000+00:00,31.85,4.13,1.88,True,908.6,1.6310160427807496,2025-09-27 08:00:14.634000+05:30
device_3,pipe,2025-09-27 02:30:15.327000+00:00,31.19,4.19,2.18,True,921.8000000000001,-0.9523809523809527,2025-09-27 08:00:15.327000+05:30
device_30,container,2025-09-27 02:30:11.433000+00:00,28.0,5.73,2.08,False,1260.6000000000001,0.0,2025-09-27 08:00:11.433000+05:30
device_30,container,2025-09-27 02:30:12.495000+00:00,28.41,5.82,1.89,False,1280.4,0.38606403013182683,2025-09-27 08:00:12.495000+05:30
device_30,container,2025-09-27 02:30:13.627000+00:00,30.39,5.01,1.82,False,1102.2,1.749116607773852,2025-09-27 08:00:13.627000+05:30
device_30,container,2025-09-27 02:30:14.794000+00:00,29.87,5.2,1.82,False,1144.0,-0.44558697514995677,2025-09-27 08:00:14.794000+05:30
device_30,container,2025-09-27 02:30:15.660000+00:00,29.24,4.04,1.8,False,888.8,-0.7274826789838367,2025-09-27 08:00:15.660000+05:30
device_30,container,2025-09-27 02:30:16.270000+00:00,31.18,4.51,1.87,False,992.1999999999999,3.180327868852461,2025-09-27 08:00:16.270000+05:30
device_31,battery_bank,2025-09-27 02:30:11.184000+00:00,29.88,4.51,2.05,False,992.1999999999999,0.0,2025-09-27 08:00:11.184000+05:30
device_31,battery_bank,2025-09-27 02:30:12.666000+00:00,28.22,4.14,2.11,False,910.8,-1.1201079622132255,2025-09-27 08:00:12.666000+05:30
device_31,battery_bank,2025-09-27 02:30:14.561000+00:00,29.76,5.34,1.96,False,1174.8,0.8126649076517165,2025-09-27 08:00:14.561000+05:30
device_32,battery_bank,2025-09-27 02:30:11.638000+00:00,31.57,5.6,1.94,False,1232.0,0.0,2025-09-27 08:00:11.638000+05:30
device_32,battery_bank,2025-09-27 02:30:12.516000+00:00,29.05,4.02,2.2,False,884.3999999999999,-2.8701594533029606,2025-09-27 08:00:12.516000+05:30
device_32,battery_bank,2025-09-27 02:30:13.579000+00:00,30.36,5.96,1.95,False,1311.2,1.2323612417685783,2025-09-27 08:00:13.579000+05:30
device_32,battery_bank,2025-09-27 02:30:15.350000+00:00,29.46,5.03,2.07,False,1106.6000000000001,-0.5081874647092031,2025-09-27 08:00:15.350000+05:30
device_33,battery_bank,2025-09-27 02:30:11.062000+00:00,29.82,4.59,2.13,False,1009.8,0.0,2025-09-27 08:00:11.062000+05:30
device_33,battery_bank,2025-09-27 02:30:12.449000+00:00,28.13,5.15,1.98,False,1133.0,-1.2184571016582562,2025-09-27 08:00:12.449000+05:30
device_33,battery_bank,2025-09-27 02:30:13.332000+00:00,29.49,4.7,2.17,False,1034.0,1.5402038505096256,2025-09-27 08:00:13.332000+05:30
device_33,battery_bank,2025-09-27 02:30:14.854000+00:00,30.42,4.07,1.81,False,895.4000000000001,0.6110381077529587,2025-09-27 08:00:14.854000+05:30
device_33,battery_bank,2025-09-27 02:30:15.880000+00:00,29.96,5.84,1.99,False,1284.8,-0.4483430799220281,2025-09-27 08:00:15.880000+05:30
device_34,battery_bank,2025-09-27 02:30:11.375000+00:00,31.7,4.72,2.18,False,1038.3999999999999,0.0,2025-09-27 08:00:11.375000+05:30
device_34,battery_bank,2025-09-27 02:30:13.142000+00:00,29.58,5.41,1.86,False,1190.2,-1.1997736276174313,2025-09-27 08:00:13.142000+05:30
device_34,battery_bank,2025-09-27 02:30:14.563000+00:00,31.39,4.36,1.96,False,959.2,1.2737508796622112,2025-09-27 08:00:14.563000+05:30
device_34,battery_bank,2025-09-27 02:30:15.516000+00:00,29.0,5.99,1.86,False,1317.8,-2.507869884575027,2025-09-27 08:00:15.516000+05:30
device_35,battery_bank,2025-09-27 02:30:11.223000+00:00,30.0,4.37,2.14,False,961.4,0.0,2025-09-27 08:00:11.223000+05:30
device_35,battery_bank,2025-09-27 02:30:12.276000+00:00,29.04,4.75,1.94,False,1045.0,-0.9116809116809126,2025-09-27 08:00:12.276000+05:30
device_35,battery_bank,2025-09-27 02:30:13.185000+00:00,30.76,5.24,2.05,False,1152.8,1.8921892189218947,2025-09-27 08:00:13.185000+05:30
device_35,battery_bank,2025-09-27 02:30:13.704000+00:00,29.51,4.66,1.85,False,1025.2,-2.4084778420038533,2025-09-27 08:00:13.704000+05:30
device_35,battery_bank,2025-09-27 02:30:15.458000+00:00,30.63,5.37,1.89,False,1181.4,0.6385404789053577,2025-09-27 08:00:15.458000+05:30
device_35,battery_bank,2025-09-27 02:30:16.191000+00:00,28.05,5.35,1.84,False,1177.0,-3.519781718963163,2025-09-27 08:00:16.191000+05:30
device_36,battery_bank,2025-09-27 02:30:11.041000+00:00,28.03,4.28,1.94,False,941.6,0.0,2025-09-27 08:00:11.041000+05:30
device_36,battery_bank,2025-09-27 02:30:12.589000+00:00,30.72,4.6,1.96,False,1011.9999999999999,1.737726098191213,2025-09-27 08:00:12.589000+05:30
device_36,battery_bank,2025-09-27 02:30:14.574000+00:00,31.47,4.05,1.87,False,891.0,0.3778337531486146,2025-09-27 08:00:14.574000+05:30
device_36,battery_bank,2025-09-27 02:30:15.655000+00:00,30.03,4.15,1.88,False,913.0000000000001,-1.33209990749306,2025-09-27 08:00:15.655000+05:30
device_37,battery_bank,2025-09-27 02:30:12.459000+00:00,28.97,4.09,2.07,False,899.8,0.0,2025-09-27 08:00:12.459000+05:30
device_37,battery_bank,2025-09-27 02:30:13.633000+00:00,28.78,4.77,1.84,False,1049.3999999999999,-0.16183986371379705,2025-09-27 08:00:13.633000+05:30
device_37,battery_bank,2025-09-27 02:30:14.565000+00:00,28.36,5.24,2.19,False,1152.8,-0.4506437768240361,2025-09-27 08:00:14.565000+05:30
device_37,battery_bank,2025-09-27 02:30:15.211000+00:00,31.78,5.35,2.02,False,1177.0,5.294117647058826,2025-09-27 08:00:15.211000+05:30
device_38,battery_bank,2025-09-27 02:30:11.507000+00:00,30.43,4.32,1.98,False,950.4000000000001,0.0,2025-09-27 08:00:11.507000+05:30
device_38,battery_bank,2025-09-27 02:30:12.556000+00:00,29.86,4.9,1.83,False,1078.0,-0.5433746425166829,2025-09-27 08:00:12.556000+05:30
device_38,battery_bank,2025-09-27 02:30:13.969000+00:00,28.22,5.61,1.87,False,1234.2,-1.1606510969568298,2025-09-27 08:00:13.969000+05:30
device_38,battery_bank,2025-09-27 02:30:14.659000+00:00,30.84,5.07,2.11,False,1115.4,3.797101449275364,2025-09-27 08:00:14.659000+05:30
device_38,battery_bank,2025-09-27 02:30:16.273000+00:00,29.36,4.52,2.13,False,994.3999999999999,-0.9169764560099135,2025-09-27 08:00:16.273000+05:30
device_39,battery_bank,2025-09-27 02:30:11.609000+00:00,31.95,5.2,2.13,False,1144.0,0.0,2025-09-27 08:00:11.609000+05:30
device_39,battery_bank,2025-09-27 02:30:13.306000+00:00,31.33,5.9,1.97,False,1298.0,-0.36535061873895164,2025-09-27 08:00:13.306000+05:30
device_39,battery_bank,2025-09-27 02:30:14.358000+00:00,29.54,5.35,2.04,False,1177.0,-1.7015209125475277,2025-09-27 08:00:14.358000+05:30
device_39,battery_bank,2025-09-27 02:30:15.827000+00:00,28.72,4.41,2.04,False,970.2,-0.558202859087815,2025-09-27 08:00:15.827000+05:30
device_4,pipe,2025-09-27 02:30:11.780000+00:00,31.76,4.77,2.01,True,1049.3999999999999,0.0,2025-09-27 08:00:11.780000+05:30
device_4,pipe,2025-09-27 02:30:13.030000+00:00,31.4,4.27,2.07,True,939.3999999999999,-0.28800000000000237,2025-09-27 08:00:13.030000+05:30
device_4,pipe,2025-09-27 02:30:13.971000+00:00,29.13,4.28,1.83,True,941.6,-2.412327311370882,2025-09-27 08:00:13.971000+05:30
device_4,pipe,2025-09-27 02:30:14.799000+00:00,30.06,5.0,1.94,True,1100.0,1.123188405797101,2025-09-27 08:00:14.799000+05:30
device_4,pipe,2025-09-27 02:30:15.489000+00:00,29.5,5.2,1.84,True,1144.0,-0.8115942028985489,2025-09-27 08:00:15.489000+05:30
device_40,battery_bank,2025-09-27 02:30:12.235000+00:00,30.89,5.76,2.01,False,1267.2,0.0,2025-09-27 08:00:12.235000+05:30
device_40,battery_bank,2025-09-27 02:30:12.965000+00:00,31.4,4.26,1.89,False,937.1999999999999,0.6986301369862986,2025-09-27 08:00:12.965000+05:30
device_40,battery_bank,2025-09-27 02:30:14.110000+00:00,30.16,5.71,2.05,False,1256.2,-1.082969432314409,2025-09-27 08:00:14.110000+05:30
device_40,battery_bank,2025-09-27 02:30:15.319000+00:00,29.8,5.31,2.07,False,1168.1999999999998,-0.29776674937965214,2025-09-27 08:00:15.319000+05:30
device_40,battery_bank,2025-09-27 02:30:16.162000+00:00,29.72,4.44,1.99,False,976.8000000000001,-0.09489916963226791,2025-09-27 08:00:16.162000+05:30
device_41,battery_bank,2025-09-27 02:30:12.596000+00:00,29.59,4.68,2.04,False,1029.6,0.0,2025-09-27 08:00:12.596000+05:30
device_41,battery_bank,2025-09-27 02:30:13.594000+00:00,28.68,5.72,2.11,False,1258.3999999999999,-0.9118236472945893,2025-09-27 08:00:13.594000+05:30
device_41,battery_bank,2025-09-27 02:30:14.279000+00:00,29.59,4.78,2.12,False,1051.6000000000001,1.3284671532846717,2025-09-27 08:00:14.279000+05:30
device_41,battery_bank,2025-09-27 02:30:15.103000+00:00,31.47,4.42,1.89,False,972.4,2.2815533980582514,2025-09-27 08:00:15.103000+05:30
device_42,battery_bank,2025-09-27 02:30:11.443000+00:00,31.59,5.92,1.86,False,1302.4,0.0,2025-09-27 08:00:11.443000+05:30
device_42,battery_bank,2025-09-27 02:30:12.756000+00:00,29.97,5.84,2.0,False,1284.8,-1.2338156892612346,2025-09-27 08:00:12.756000+05:30
device_42,battery_bank,2025-09-27 02:30:13.521000+00:00,31.38,4.19,2.09,False,921.8000000000001,1.843137254901961,2025-09-27 08:00:13.521000+05:30
device_42,battery_bank,2025-09-27 02:30:14.406000+00:00,30.53,4.86,2.08,False,1069.2,-0.9604519774011275,2025-09-27 08:00:14.406000+05:30
device_42,battery_bank,2025-09-27 02:30:15.181000+00:00,28.87,4.62,2.16,False,1016.4,-2.141935483870968,2025-09-27 08:00:15.181000+05:30
device_42,battery_bank,2025-09-27 02:30:15.951000+00:00,29.46,4.19,2.08,False,921.8000000000001,0.766233766233766,2025-09-27 08:00:15.951000+05:30
device_43,battery_bank,2025-09-27 02:30:12.086000+00:00,28.6,4.23,2.02,False,930.6000000000001,0.0,2025-09-27 08:00:12.086000+05:30
device_43,battery_bank,2025-09-27 02:30:13.073000+00:00,30.33,4.08,1.91,False,897.6,1.752786220871324,2025-09-27 08:00:13.073000+05:30
device_43,battery_bank,2025-09-27 02:30:13.720000+00:00,29.98,4.17,1.91,False,917.4,-0.5409582689335362,2025-09-27 08:00:13.720000+05:30
device_43,battery_bank,2025-09-27 02:30:15.671000+00:00,29.65,4.15,1.91,False,913.0000000000001,-0.16914402870323006,2025-09-27 08:00:15.671000+05:30
device_44,battery_bank,2025-09-27 02:30:11.284000+00:00,30.45,4.8,2.19,False,1056.0,0.0,2025-09-27 08:00:11.284000+05:30
device_44,battery_bank,2025-09-27 02:30:11.950000+00:00,29.08,4.08,2.02,False,897.6,-2.0570570570570585,2025-09-27 08:00:11.950000+05:30
device_44,battery_bank,2025-09-27 02:30:13.263000+00:00,29.65,5.74,1.89,False,1262.8,0.43412033511043435,2025-09-27 08:00:13.263000+05:30
device_44,battery_bank,2025-09-27 02:30:14.900000+00:00,30.16,4.24,1.93,False,932.8000000000001,0.3115455100794145,2025-09-27 08:00:14.900000+05:30
device_44,battery_bank,2025-09-27 02:30:16.086000+00:00,28.83,5.49,1.99,False,1207.8,-1.1214165261382816,2025-09-27 08:00:16.086000+05:30
device_45,battery_bank,2025-09-27 02:30:11.837000+00:00,30.61,4.66,2.05,False,1025.2,0.0,2025-09-27 08:00:11.837000+05:30
device_45,battery_bank,2025-09-27 02:30:13.294000+00:00,31.96,4.95,1.88,False,1089.0,0.9265614275909412,2025-09-27 08:00:13.294000+05:30
device_45,battery_bank,2025-09-27 02:30:14.612000+00:00,31.74,4.68,1.86,False,1029.6,-0.16691957511381061,2025-09-27 08:00:14.612000+05:30
device_46,battery_bank,2025-09-27 02:30:11.075000+00:00,30.15,4.43,2.15,False,974.5999999999999,0.0,2025-09-27 08:00:11.075000+05:30
device_46,battery_bank,2025-09-27 02:30:12.082000+00:00,28.35,5.46,1.9,False,1201.2,-1.787487586891755,2025-09-27 08:00:12.082000+05:30
device_46,battery_bank,2025-09-27 02:30:13.424000+00:00,31.33,5.71,1.85,False,1256.2,2.220566318926972,2025-09-27 08:00:13.424000+05:30
device_46,battery_bank,2025-09-27 02:30:15.073000+00:00,30.36,4.7,2.09,False,1034.0,-0.5882352941176464,2025-09-27 08:00:15.073000+05:30
device_47,battery_bank,2025-09-27 02:30:11.189000+00:00,30.21,4.82,1.86,False,1060.4,0.0,2025-09-27 08:00:11.189000+05:30
device_47,battery_bank,2025-09-27 02:30:11.944000+00:00,29.08,4.31,2.02,False,948.1999999999999,-1.4966887417218577,2025-09-27 08:00:11.944000+05:30
device_47,battery_bank,2025-09-27 02:30:12.752000+00:00,29.93,4.56,1.88,False,1003.1999999999999,1.0519801980198036,2025-09-27 08:00:12.752000+05:30
device_47,battery_bank,2025-09-27 02:30:13.973000+00:00,30.77,5.67,2.18,False,1247.4,0.6879606879606878,2025-09-27 08:00:13.973000+05:30
device_47,battery_bank,2025-09-27 02:30:15.568000+00:00,29.48,4.27,1.88,False,939.3999999999999,-0.8087774294670841,2025-09-27 08:00:15.568000+05:30
device_48,battery_bank,2025-09-27 02:30:11.147000+00:00,31.37,4.22,2.11,False,928.4,0.0,2025-09-27 08:00:11.147000+05:30
device_48,battery_bank,2025-09-27 02:30:13.051000+00:00,28.97,4.67,1.92,False,1027.4,-1.2605042016806733,2025-09-27 08:00:13.051000+05:30
device_48,battery_bank,2025-09-27 02:30:14.249000+00:00,31.73,5.78,2.14,False,1271.6000000000001,2.3038397328881484,2025-09-27 08:00:14.249000+05:30
device_48,battery_bank,2025-09-27 02:30:15.944000+00:00,28.69,4.34,1.82,False,954.8,-1.7935103244837753,2025-09-27 08:00:15.944000+05:30
device_49,battery_bank,2025-09-27 02:30:11.345000+00:00,28.21,5.43,1.82,False,1194.6,0.0,2025-09-27 08:00:11.345000+05:30
device_49,battery_bank,2025-09-27 02:30:13.148000+00:00,30.73,5.07,1.99,False,1115.4,1.3976705490848584,2025-09-27 08:00:13.148000+05:30
device_49,battery_bank,2025-09-27 02:30:14.364000+00:00,29.65,5.37,2.13,False,1181.4,-0.8881578947368437,2025-09-27 08:00:14.364000+05:30
device_49,battery_bank,2025-09-27 02:30:15.892000+00:00,30.05,5.71,1.85,False,1256.2,0.26178010471204327,2025-09-27 08:00:15.892000+05:30
device_5,pipe,2025-09-27 02:30:12.290000+00:00,30.76,4.36,1.86,True,959.2,0.0,2025-09-27 08:00:12.290000+05:30
device_5,pipe,2025-09-27 02:30:13.518000+00:00,30.24,5.3,2.18,True,1166.0,-0.42345276872964427,2025-09-27 08:00:13.518000+05:30
device_5,pipe,2025-09-27 02:30:14.305000+00:00,28.76,5.86,2.08,True,1289.2,-1.880559085133414,2025-09-27 08:00:14.305000+05:30
device_5,pipe,2025-09-27 02:30:16.051000+00:00,31.1,4.7,1.95,True,1034.0,1.3402061855670102,2025-09-27 08:00:16.051000+05:30
device_50,battery_bank,2025-09-27 02:30:12.264000+00:00,28.95,5.58,2.04,False,1227.6,0.0,2025-09-27 08:00:12.264000+05:30
device_50,battery_bank,2025-09-27 02:30:13.060000+00:00,31.12,4.64,2.1,False,1020.8,2.726130653266334,2025-09-27 08:00:13.060000+05:30
device_50,battery_bank,2025-09-27 02:30:13.938000+00:00,30.76,4.96,1.97,False,1091.2,-0.41002277904327955,2025-09-27 08:00:13.938000+05:30
device_50,battery_bank,2025-09-27 02:30:14.458000+00:00,28.69,4.85,2.04,False,1067.0,-3.9807692307692313,2025-09-27 08:00:14.458000+05:30
device_50,battery_bank,2025-09-27 02:30:15.353000+00:00,31.9,4.33,2.01,False,952.6,3.5865921787709465,2025-09-27 08:00:15.353000+05:30
device_6,pipe,2025-09-27 02:30:11.320000+00:00,29.87,5.86,2.02,True,1289.2,0.0,2025-09-27 08:00:11.320000+05:30
device_6,pipe,2025-09-27 02:30:12.143000+00:00,31.5,5.08,1.87,True,1117.6,1.9805589307411897,2025-09-27 08:00:12.143000+05:30
device_6,pipe,2025-09-27 02:30:13.286000+00:00,31.41,4.23,1.81,True,930.6000000000001,-0.07874015748031483,2025-09-27 08:00:13.286000+05:30
device_6,pipe,2025-09-27 02:30:14.488000+00:00,29.99,4.39,2.11,True,965.8,-1.18136439267887,2025-09-27 08:00:14.488000+05:30
device_6,pipe,2025-09-27 02:30:15.507000+00:00,28.59,4.98,1.96,True,1095.6000000000001,-1.3738959764474963,2025-09-27 08:00:15.507000+05:30
device_7,pipe,2025-09-27 02:30:11.980000+00:00,31.84,4.43,1.91,True,974.5999999999999,0.0,2025-09-27 08:00:11.980000+05:30
device_7,pipe,2025-09-27 02:30:12.714000+00:00,31.02,4.47,2.18,True,983.4,-1.1171662125340605,2025-09-27 08:00:12.714000+05:30
device_7,pipe,2025-09-27 02:30:13.217000+00:00,30.2,5.72,2.03,True,1258.3999999999999,-1.630218687872764,2025-09-27 08:00:13.217000+05:30
device_7,pipe,2025-09-27 02:30:14.414000+00:00,29.68,4.16,2.11,True,915.2,-0.4344193817878025,2025-09-27 08:00:14.414000+05:30
device_7,pipe,2025-09-27 02:30:15.832000+00:00,28.4,4.88,2.09,True,1073.6,-0.9026798307475326,2025-09-27 08:00:15.832000+05:30
device_8,pipe,2025-09-27 02:30:11.518000+00:00,29.76,5.66,2.09,True,1245.2,0.0,2025-09-27 08:00:11.518000+05:30
device_8,pipe,2025-09-27 02:30:13.275000+00:00,31.48,4.15,2.15,True,913.0000000000001,0.9789413773477512,2025-09-27 08:00:13.275000+05:30
device_8,pipe,2025-09-27 02:30:13.891000+00:00,29.97,4.82,2.17,True,1060.4,-2.451298701298704,2025-09-27 08:00:13.891000+05:30
device_8,pipe,2025-09-27 02:30:14.644000+00:00,29.1,5.99,1.9,True,1317.8,-1.1553784860557734,2025-09-27 08:00:14.644000+05:30
device_8,pipe,2025-09-27 02:30:15.976000+00:00,31.72,4.74,2.13,True,1042.8,1.966966966966965,2025-09-27 08:00:15.976000+05:30
device_9,pipe,2025-09-27 02:30:12.583000+00:00,31.39,4.95,2.0,True,1089.0,0.0,2025-09-27 08:00:12.583000+05:30
device_9,pipe,2025-09-27 02:30:14.453000+00:00,30.8,5.85,2.11,True,1287.0,-0.31550802139037426,2025-09-27 08:00:14.453000+05:30
device_9,pipe,2025-09-27 02:30:16.113000+00:00,28.87,5.21,2.06,True,1146.2,-1.1626506024096384,2025-09-27 08:00:16.113000+05:30
device_1,pipe,2025-09-27 02:30:17.569000+00:00,28.12,5.18,2.06,True,1139.6,0.0,2025-09-27 08:00:17.569000+05:30
device_1,pipe,2025-09-27 02:30:18.137000+00:00,31.13,5.54,2.09,True,1218.8,5.299295774647884,2025-09-27 08:00:18.137000+05:30
device_1,pipe,2025-09-27 02:30:19.268000+00:00,28.55,4.35,1.87,True,956.9999999999999,-2.2811671087533143,2025-09-27 08:00:19.268000+05:30
device_1,pipe,2025-09-27 02:30:21.199000+00:00,29.91,5.39,2.13,True,1185.8,0.7042982910409111,2025-09-27 08:00:21.199000+05:30
device_10,pipe,2025-09-27 02:30:16.293000+00:00,28.68,4.26,1.82,True,937.1999999999999,0.0,2025-09-27 08:00:16.293000+05:30
device_10,pipe,2025-09-27 02:30:17.873000+00:00,28.97,4.28,2.15,True,941.6,0.1835443037974678,2025-09-27 08:00:17.873000+05:30
device_10,pipe,2025-09-27 02:30:19.278000+00:00,31.45,5.97,1.91,True,1313.3999999999999,1.7651245551601427,2025-09-27 08:00:19.278000+05:30
device_10,pipe,2025-09-27 02:30:21.029000+00:00,30.28,5.67,2.02,True,1247.4,-0.6681896059394622,2025-09-27 08:00:21.029000+05:30
device_11,container,2025-09-27 02:30:17.652000+00:00,29.19,5.87,2.13,False,1291.4,0.0,2025-09-27 08:00:17.652000+05:30
device_11,container,2025-09-27 02:30:19.606000+00:00,28.24,4.87,1.8,False,1071.4,-0.4861821903787118,2025-09-27 08:00:19.606000+05:30
device_11,container,2025-09-27 02:30:21.133000+00:00,28.58,5.98,2.1,False,1315.6000000000001,0.22265880812049763,2025-09-27 08:00:21.133000+05:30
device_12,container,2025-09-27 02:30:17.514000+00:00,28.62,5.94,2.01,False,1306.8000000000002,0.0,2025-09-27 08:00:17.514000+05:30
device_12,container,2025-09-27 02:30:19.218000+00:00,31.02,5.43,2.17,False,1194.6,1.4084507042253513,2025-09-27 08:00:19.218000+05:30
device_12,container,2025-09-27 02:30:20.673000+00:00,30.69,5.71,1.83,False,1256.2,-0.226804123711339,2025-09-27 08:00:20.673000+05:30
device_13,container,2025-09-27 02:30:16.394000+00:00,30.13,4.71,1.97,False,1036.2,0.0,2025-09-27 08:00:16.394000+05:30
device_13,container,2025-09-27 02:30:17.605000+00:00,29.3,4.03,1.86,False,886.6,-0.6853839801816666,2025-09-27 08:00:17.605000+05:30
device_13,container,2025-09-27 02:30:19.169000+00:00,31.14,4.58,2.16,False,1007.6,1.176470588235294,2025-09-27 08:00:19.169000+05:30
device_13,container,2025-09-27 02:30:20.328000+00:00,29.13,5.7,2.01,False,1254.0,-1.7342536669542723,2025-09-27 08:00:20.328000+05:30
device_14,container,2025-09-27 02:30:17.223000+00:00,30.01,4.78,2.04,False,1051.6000000000001,0.0,2025-09-27 08:00:17.223000+05:30
device_14,container,2025-09-27 02:30:19.073000+00:00,30.01,4.97,2.18,False,1093.3999999999999,0.0,2025-09-27 08:00:19.073000+05:30
device_14,container,2025-09-27 02:30:20.910000+00:00,29.82,5.62,1.83,False,1236.4,-0.10342950462711012,2025-09-27 08:00:20.910000+05:30
device_15,container,2025-09-27 02:30:16.658000+00:00,29.99,4.59,2.03,False,1009.8,0.0,2025-09-27 08:00:16.658000+05:30
device_15,container,2025-09-27 02:30:17.405000+00:00,31.05,5.57,1.95,False,1225.4,1.4190093708166027,2025-09-27 08:00:17.405000+05:30
device_15,container,2025-09-27 02:30:18.932000+00:00,29.86,5.56,2.1,False,1223.1999999999998,-0.7793058284217429,2025-09-27 08:00:18.932000+05:30
device_15,container,2025-09-27 02:30:19.490000+00:00,30.28,5.43,1.86,False,1194.6,0.7526881720430137,2025-09-27 08:00:19.490000+05:30
device_15,container,2025-09-27 02:30:20.938000+00:00,30.44,5.9,2.05,False,1298.0,0.11049723756906088,2025-09-27 08:00:20.938000+05:30
device_16,container,2025-09-27 02:30:16.815000+00:00,31.5,4.81,2.14,False,1058.1999999999998,0.0,2025-09-27 08:00:16.815000+05:30
device_16,container,2025-09-27 02:30:18.045000+00:00,29.07,4.58,2.07,False,1007.6,-1.9756097560975607,2025-09-27 08:00:18.045000+05:30
device_16,container,2025-09-27 02:30:19.829000+00:00,31.74,4.45,2.17,False,979.0,1.4966367713004474,2025-09-27 08:00:19.829000+05:30
device_16,container,2025-09-27 02:30:20.906000+00:00,28.74,5.35,2.16,False,1177.0,-2.785515320334262,2025-09-27 08:00:20.906000+05:30
device_17,container,2025-09-27 02:30:18.256000+00:00,30.5,5.87,2.11,False,1291.4,0.0,2025-09-27 08:00:18.256000+05:30
device_17,container,2025-09-27 02:30:19.620000+00:00,30.28,4.87,2.02,False,1071.4,-0.16129032258064432,2025-09-27 08:00:19.620000+05:30
device_18,container,2025-09-27 02:30:17.811000+00:00,30.9,4.36,1.9,False,959.2,0.0,2025-09-27 08:00:17.811000+05:30
device_18,container,2025-09-27 02:30:18.703000+00:00,29.21,5.04,1.84,False,1108.8,-1.8946188340807149,2025-09-27 08:00:18.703000+05:30
device_18,container,2025-09-27 02:30:19.787000+00:00,30.67,5.14,1.96,False,1130.8,1.346863468634687,2025-09-27 08:00:19.787000+05:30
device_19,container,2025-09-27 02:30:17.206000+00:00,29.81,4.37,1.83,False,961.4,0.0,2025-09-27 08:00:17.206000+05:30
device_19,container,2025-09-27 02:30:17.826000+00:00,30.13,5.32,1.87,False,1170.4,0.516129032258065,2025-09-27 08:00:17.826000+05:30
device_19,container,2025-09-27 02:30:18.527000+00:00,28.63,5.31,1.92,False,1168.1999999999998,-2.1398002853067046,2025-09-27 08:00:18.527000+05:30
device_19,container,2025-09-27 02:30:20.715000+00:00,30.33,5.26,1.98,False,1157.2,0.7769652650822665,2025-09-27 08:00:20.715000+05:30
device_2,pipe,2025-09-27 02:30:16.975000+00:00,28.14,4.09,2.19,True,899.8,0.0,2025-09-27 08:00:16.975000+05:30
device_2,pipe,2025-09-27 02:30:17.795000+00:00,30.11,4.17,1.87,True,917.4,2.4024390243902425,2025-09-27 08:00:17.795000+05:30
device_2,pipe,2025-09-27 02:30:18.484000+00:00,29.16,4.42,2.06,True,972.4,-1.378809869375906,2025-09-27 08:00:18.484000+05:30
device_2,pipe,2025-09-27 02:30:20.655000+00:00,29.84,5.22,2.07,True,1148.3999999999999,0.3132197144173191,2025-09-27 08:00:20.655000+05:30
device_20,container,2025-09-27 02:30:17.562000+00:00,29.41,5.87,2.18,False,1291.4,0.0,2025-09-27 08:00:17.562000+05:30
device_20,container,2025-09-27 02:30:19.179000+00:00,30.5,4.03,2.01,False,886.6,0.6740878169449597,2025-09-27 08:00:19.179000+05:30
device_20,container,2025-09-27 02:30:20.665000+00:00,31.26,4.23,1.92,False,930.6000000000001,0.5114401076716026,2025-09-27 08:00:20.665000+05:30
device_21,container,2025-09-27 02:30:16.690000+00:00,29.51,4.38,2.16,False,963.6,0.0,2025-09-27 08:00:16.690000+05:30
device_21,container,2025-09-27 02:30:17.606000+00:00,28.13,4.13,2.2,False,908.6,-1.506550218340614,2025-09-27 08:00:17.606000+05:30
device_21,container,2025-09-27 02:30:18.921000+00:00,31.03,5.78,2.14,False,1271.6000000000001,2.2053231939163513,2025-09-27 08:00:18.921000+05:30
device_21,container,2025-09-27 02:30:20.366000+00:00,31.2,4.62,1.87,False,1016.4,0.11764705882352813,2025-09-27 08:00:20.366000+05:30
device_22,container,2025-09-27 02:30:17.872000+00:00,30.86,5.08,2.2,False,1117.6,0.0,2025-09-27 08:00:17.872000+05:30
device_22,container,2025-09-27 02:30:18.938000+00:00,28.82,4.83,2.01,False,1062.6,-1.9136960600375226,2025-09-27 08:00:18.938000+05:30
device_22,container,2025-09-27 02:30:20.312000+00:00,31.49,5.64,2.18,False,1240.8,1.9432314410480334,2025-09-27 08:00:20.312000+05:30
device_22,container,2025-09-27 02:30:21.040000+00:00,29.9,5.98,1.95,False,1315.6000000000001,-2.184065934065934,2025-09-27 08:00:21.040000+05:30
device_23,container,2025-09-27 02:30:16.909000+00:00,29.78,4.56,1.86,False,1003.1999999999999,0.0,2025-09-27 08:00:16.909000+05:30
device_23,container,2025-09-27 02:30:17.452000+00:00,30.59,4.54,2.03,False,998.8,1.491712707182318,2025-09-27 08:00:17.452000+05:30
device_23,container,2025-09-27 02:30:18.778000+00:00,30.28,4.47,1.87,False,983.4,-0.23378582202111517,2025-09-27 08:00:18.778000+05:30
device_23,container,2025-09-27 02:30:19.454000+00:00,29.05,5.61,1.81,False,1234.2,-1.8195266272189354,2025-09-27 08:00:19.454000+05:30
device_23,container,2025-09-27 02:30:21.044000+00:00,30.87,4.48,2.1,False,985.6000000000001,1.1446540880503147,2025-09-27 08:00:21.044000+05:30
device_24,container,2025-09-27 02:30:16.705000+00:00,29.96,4.86,2.18,False,1069.2,0.0,2025-09-27 08:00:16.705000+05:30
device_24,container,2025-09-27 02:30:17.239000+00:00,28.46,4.16,2.05,False,915.2,-2.8089887640449436,2025-09-27 08:00:17.239000+05:30
device_24,container,2025-09-27 02:30:18.953000+00:00,28.42,5.33,2.12,False,1172.6,-0.023337222870477917,2025-09-27 08:00:18.953000+05:30
device_24,container,2025-09-27 02:30:20.693000+00:00,28.63,5.39,2.16,False,1185.8,0.12068965517241224,2025-09-27 08:00:20.693000+05:30
device_25,container,2025-09-27 02:30:16.707000+00:00,30.27,4.24,1.86,False,932.8000000000001,0.0,2025-09-27 08:00:16.707000+05:30
device_25,container,2025-09-27 02:30:18.250000+00:00,28.05,5.2,1.8,False,1144.0,-1.4387556707712241,2025-09-27 08:00:18.250000+05:30
device_25,container,2025-09-27 02:30:19.075000+00:00,29.36,5.12,2.01,False,1126.4,1.5878787878787863,2025-09-27 08:00:19.075000+05:30
device_25,container,2025-09-27 02:30:20.609000+00:00,30.93,4.17,1.86,False,917.4,1.0234680573663626,2025-09-27 08:00:20.609000+05:30
device_25,container,2025-09-27 02:30:21.265000+00:00,28.59,4.59,1.92,False,1009.8,-3.567073170731707,2025-09-27 08:00:21.265000+05:30
device_26,container,2025-09-27 02:30:16.879000+00:00,30.96,4.2,1.94,False,924.0,0.0,2025-09-27 08:00:16.879000+05:30
device_26,container,2025-09-27 02:30:18.776000+00:00,30.16,4.94,1.92,False,1086.8000000000002,-0.42171850289931506,2025-09-27 08:00:18.776000+05:30
device_26,container,2025-09-27 02:30:20.090000+00:00,28.29,4.33,1.85,False,952.6,-1.4231354642313554,2025-09-27 08:00:20.090000+05:30
device_27,container,2025-09-27 02:30:17.473000+00:00,31.45,5.69,1.87,False,1251.8000000000002,0.0,2025-09-27 08:00:17.473000+05:30
device_27,container,2025-09-27 02:30:18.387000+00:00,28.97,5.87,2.11,False,1291.4,-2.7133479212253833,2025-09-27 08:00:18.387000+05:30
device_27,container,2025-09-27 02:30:19.795000+00:00,31.72,4.47,2.0,False,983.4,1.9531250000000002,2025-09-27 08:00:19.795000+05:30
device_27,container,2025-09-27 02:30:21.274000+00:00,31.12,4.21,2.11,False,926.2,-0.40567951318458273,2025-09-27 08:00:21.274000+05:30
device_28,container,2025-09-27 02:30:18.052000+00:00,29.58,5.17,1.92,False,1137.4,0.0,2025-09-27 08:00:18.052000+05:30
device_28,container,2025-09-27 02:30:18.574000+00:00,31.26,4.94,2.02,False,1086.8000000000002,3.2183908045977074,2025-09-27 08:00:18.574000+05:30
device_28,container,2025-09-27 02:30:19.193000+00:00,29.76,4.68,2.13,False,1029.6,-2.4232633279483036,2025-09-27 08:00:19.193000+05:30
device_28,container,2025-09-27 02:30:20.897000+00:00,30.87,4.05,2.2,False,891.0,0.651408450704225,2025-09-27 08:00:20.897000+05:30
device_29,container,2025-09-27 02:30:17.577000+00:00,30.0,4.75,1.89,False,1045.0,0.0,2025-09-27 08:00:17.577000+05:30
device_29,container,2025-09-27 02:30:19.354000+00:00,29.58,4.75,2.14,False,1045.0,-0.2363534046145198,2025-09-27 08:00:19.354000+05:30
device_29,container,2025-09-27 02:30:20.590000+00:00,28.07,4.36,2.18,False,959.2,-1.2216828478964386,2025-09-27 08:00:20.590000+05:30
device_3,pipe,2025-09-27 02:30:16.306000+00:00,29.27,4.34,1.92,True,954.8,0.0,2025-09-27 08:00:16.306000+05:30
device_3,pipe,2025-09-27 02:30:17.203000+00:00,28.6,4.42,1.81,True,972.4,-0.7469342251950927,2025-09-27 08:00:17.203000+05:30
device_3,pipe,2025-09-27 02:30:18.800000+00:00,31.52,4.15,2.03,True,913.0000000000001,1.8284283030682518,2025-09-27 08:00:18.800000+05:30
device_3,pipe,2025-09-27 02:30:19.910000+00:00,29.57,5.68,2.13,True,1249.6,-1.756756756756756,2025-09-27 08:00:19.910000+05:30
device_3,pipe,2025-09-27 02:30:21.047000+00:00,29.01,4.37,2.13,True,961.4,-0.49252418645558377,2025-09-27 08:00:21.047000+05:30
device_30,container,2025-09-27 02:30:17.734000+00:00,31.74,5.94,1.91,False,1306.8000000000002,0.0,2025-09-27 08:00:17.734000+05:30
device_30,container,2025-09-27 02:30:19.629000+00:00,31.17,4.12,2.15,False,906.4,-0.30079155672823044,2025-09-27 08:00:19.629000+05:30
device_30,container,2025-09-27 02:30:21.249000+00:00,31.67,5.34,1.92,False,1174.8,0.30864197530864196,2025-09-27 08:00:21.249000+05:30
device_31,battery_bank,2025-09-27 02:30:16.284000+00:00,29.22,5.71,1.95,False,1256.2,0.0,2025-09-27 08:00:16.284000+05:30
device_31,battery_bank,2025-09-27 02:30:17.512000+00:00,30.62,5.87,2.07,False,1291.4,1.1400651465798064,2025-09-27 08:00:17.512000+05:30
device_31,battery_bank,2025-09-27 02:30:19.518000+00:00,30.44,5.27,1.98,False,1159.3999999999999,-0.08973080757726806,2025-09-27 08:00:19.518000+05:30
device_31,battery_bank,2025-09-27 02:30:21.260000+00:00,28.04,5.86,1.87,False,1289.2,-1.3777267508610804,2025-09-27 08:00:21.260000+05:30
device_32,battery_bank,2025-09-27 02:30:17.265000+00:00,29.3,4.04,2.11,False,888.8,0.0,2025-09-27 08:00:17.265000+05:30
device_32,battery_bank,2025-09-27 02:30:18.698000+00:00,29.12,5.26,1.87,False,1157.2,-0.1256106071179342,2025-09-27 08:00:18.698000+05:30
device_32,battery_bank,2025-09-27 02:30:20.209000+00:00,30.0,5.6,2.0,False,1232.0,0.5823957643944402,2025-09-27 08:00:20.209000+05:30
device_33,battery_bank,2025-09-27 02:30:17.575000+00:00,29.36,4.59,1.99,False,1009.8,0.0,2025-09-27 08:00:17.575000+05:30
device_33,battery_bank,2025-09-27 02:30:18.614000+00:00,31.52,4.0,1.92,False,880.0,2.0789220404234845,2025-09-27 08:00:18.614000+05:30
device_33,battery_bank,2025-09-27 02:30:19.325000+00:00,31.77,4.41,1.81,False,970.2,0.35161744022503516,2025-09-27 08:00:19.325000+05:30
device_33,battery_bank,2025-09-27 02:30:20.626000+00:00,29.99,5.33,2.18,False,1172.6,-1.3681783243658734,2025-09-27 08:00:20.626000+05:30
device_34,battery_bank,2025-09-27 02:30:16.665000+00:00,31.05,5.41,2.06,False,1190.2,0.0,2025-09-27 08:00:16.665000+05:30
device_34,battery_bank,2025-09-27 02:30:17.208000+00:00,30.43,4.4,1.89,False,968.0000000000001,-1.1418047882136297,2025-09-27 08:00:17.208000+05:30
device_34,battery_bank,2025-09-27 02:30:18.696000+00:00,29.13,4.1,1.99,False,901.9999999999999,-0.8736559139784951,2025-09-27 08:00:18.696000+05:30
device_34,battery_bank,2025-09-27 02:30:20.129000+00:00,29.09,4.9,1.99,False,1078.0,-0.02791346824842927,2025-09-27 08:00:20.129000+05:30
device_35,battery_bank,2025-09-27 02:30:17.156000+00:00,31.52,4.38,2.17,False,963.6,0.0,2025-09-27 08:00:17.156000+05:30
device_35,battery_bank,2025-09-27 02:30:18.582000+00:00,30.99,4.6,2.08,False,1011.9999999999999,-0.3716690042075744,2025-09-27 08:00:18.582000+05:30
device_35,battery_bank,2025-09-27 02:30:20.184000+00:00,29.45,5.59,2.09,False,1229.8,-0.9612983770287136,2025-09-27 08:00:20.184000+05:30
device_35,battery_bank,2025-09-27 02:30:21.388000+00:00,30.49,5.16,1.85,False,1135.2,0.8637873754152817,2025-09-27 08:00:21.388000+05:30
device_36,battery_bank,2025-09-27 02:30:16.303000+00:00,31.83,4.71,2.05,False,1036.2,0.0,2025-09-27 08:00:16.303000+05:30
device_36,battery_bank,2025-09-27 02:30:17.475000+00:00,30.43,5.87,2.03,False,1291.4,-1.1945392491467566,2025-09-27 08:00:17.475000+05:30
device_36,battery_bank,2025-09-27 02:30:18.438000+00:00,30.25,5.37,1.82,False,1181.4,-0.186915887850467,2025-09-27 08:00:18.438000+05:30
device_36,battery_bank,2025-09-27 02:30:20.075000+00:00,28.41,4.92,1.89,False,1082.4,-1.12400733048259,2025-09-27 08:00:20.075000+05:30
device_37,battery_bank,2025-09-27 02:30:17.211000+00:00,28.48,4.17,2.1,False,917.4,0.0,2025-09-27 08:00:17.211000+05:30
device_37,battery_bank,2025-09-27 02:30:18.607000+00:00,31.39,5.4,2.14,False,1188.0,2.0845272206303727,2025-09-27 08:00:18.607000+05:30
device_37,battery_bank,2025-09-27 02:30:20.640000+00:00,31.41,4.11,2.13,False,904.2,0.009837678307919121,2025-09-27 08:00:20.640000+05:30
device_37,battery_bank,2025-09-27 02:30:21.286000+00:00,31.33,4.2,2.05,False,924.0,-0.12383900928792856,2025-09-27 08:00:21.286000+05:30
device_38,battery_bank,2025-09-27 02:30:17.966000+00:00,30.48,5.53,2.06,False,1216.6000000000001,0.0,2025-09-27 08:00:17.966000+05:30
device_38,battery_bank,2025-09-27 02:30:19.903000+00:00,29.11,4.36,2.0,False,959.2,-0.7072792978833252,2025-09-27 08:00:19.903000+05:30
device_39,battery_bank,2025-09-27 02:30:16.971000+00:00,29.92,5.96,1.99,False,1311.2,0.0,2025-09-27 08:00:16.971000+05:30
device_39,battery_bank,2025-09-27 02:30:18.107000+00:00,30.89,4.61,2.03,False,1014.2,0.8538732394366187,2025-09-27 08:00:18.107000+05:30
device_39,battery_bank,2025-09-27 02:30:19.383000+00:00,31.88,5.09,1.85,False,1119.8,0.775862068965516,2025-09-27 08:00:19.383000+05:30
device_39,battery_bank,2025-09-27 02:30:21.330000+00:00,28.59,5.7,2.08,False,1254.0,-1.6897791474062656,2025-09-27 08:00:21.330000+05:30
device_4,pipe,2025-09-27 02:30:17.467000+00:00,30.75,4.0,2.05,True,880.0,0.0,2025-09-27 08:00:17.467000+05:30
device_4,pipe,2025-09-27 02:30:19.086000+00:00,29.65,5.38,2.18,True,1183.6,-0.6794317479925889,2025-09-27 08:00:19.086000+05:30
device_4,pipe,2025-09-27 02:30:20.384000+00:00,30.21,5.35,1.85,True,1177.0,0.4314329738058569,2025-09-27 08:00:20.384000+05:30
device_4,pipe,2025-09-27 02:30:21.195000+00:00,29.71,5.32,2.07,True,1170.4,-0.6165228113440197,2025-09-27 08:00:21.195000+05:30
device_40,battery_bank,2025-09-27 02:30:17.559000+00:00,28.23,4.85,2.05,False,1067.0,0.0,2025-09-27 08:00:17.559000+05:30
device_40,battery_bank,2025-09-27 02:30:19.449000+00:00,28.14,4.56,1.96,False,1003.1999999999999,-0.04761904761904755,2025-09-27 08:00:19.449000+05:30
device_40,battery_bank,2025-09-27 02:30:20.916000+00:00,31.07,4.38,2.02,False,963.6,1.9972733469665982,2025-09-27 08:00:20.916000+05:30
device_41,battery_bank,2025-09-27 02:30:16.409000+00:00,30.94,4.27,2.1,False,939.3999999999999,0.0,2025-09-27 08:00:16.409000+05:30
device_41,battery_bank,2025-09-27 02:30:18.014000+00:00,28.38,5.1,1.85,False,1122.0,-1.595015576323989,2025-09-27 08:00:18.014000+05:30
device_41,battery_bank,2025-09-27 02:30:18.780000+00:00,29.34,4.8,2.13,False,1056.0,1.2532637075718027,2025-09-27 08:00:18.780000+05:30
device_41,battery_bank,2025-09-27 02:30:19.710000+00:00,29.31,5.67,1.93,False,1247.4,-0.03225806451613025,2025-09-27 08:00:19.710000+05:30
device_42,battery_bank,2025-09-27 02:30:17.796000+00:00,29.52,5.52,2.07,False,1214.3999999999999,0.0,2025-09-27 08:00:17.796000+05:30
device_42,battery_bank,2025-09-27 02:30:18.918000+00:00,31.81,4.87,1.88,False,1071.4,2.040998217468805,2025-09-27 08:00:18.918000+05:30
device_42,battery_bank,2025-09-27 02:30:20.343000+00:00,30.73,4.05,1.96,False,891.0,-0.7578947368421041,2025-09-27 08:00:20.343000+05:30
device_43,battery_bank,2025-09-27 02:30:17.522000+00:00,29.52,5.18,2.17,False,1139.6,0.0,2025-09-27 08:00:17.522000+05:30
device_43,battery_bank,2025-09-27 02:30:18.341000+00:00,31.21,4.14,1.91,False,910.8,2.063492063492065,2025-09-27 08:00:18.341000+05:30
device_43,battery_bank,2025-09-27 02:30:18.886000+00:00,30.42,4.48,1.83,False,985.6000000000001,-1.4495412844036681,2025-09-27 08:00:18.886000+05:30
device_43,battery_bank,2025-09-27 02:30:20.113000+00:00,31.84,4.78,2.07,False,1051.6000000000001,1.1572942135289308,2025-09-27 08:00:20.113000+05:30
device_44,battery_bank,2025-09-27 02:30:17.620000+00:00,31.18,5.94,1.9,False,1306.8000000000002,0.0,2025-09-27 08:00:17.620000+05:30
device_44,battery_bank,2025-09-27 02:30:18.248000+00:00,28.07,4.1,2.11,False,901.9999999999999,-4.952229299363056,2025-09-27 08:00:18.248000+05:30
device_44,battery_bank,2025-09-27 02:30:19.637000+00:00,28.21,4.74,2.06,False,1042.8,0.1007919366450688,2025-09-27 08:00:19.637000+05:30
device_44,battery_bank,2025-09-27 02:30:20.933000+00:00,30.74,4.73,2.07,False,1040.6000000000001,1.9521604938271586,2025-09-27 08:00:20.933000+05:30
device_45,battery_bank,2025-09-27 02:30:16.502000+00:00,28.97,4.89,1.98,False,1075.8,0.0,2025-09-27 08:00:16.502000+05:30
device_45,battery_bank,2025-09-27 02:30:17.032000+00:00,30.64,5.79,1.96,False,1273.8,3.150943396226418,2025-09-27 08:00:17.032000+05:30
device_45,battery_bank,2025-09-27 02:30:18.122000+00:00,30.47,5.01,2.07,False,1102.2,-0.15596330275229514,2025-09-27 08:00:18.122000+05:30
device_45,battery_bank,2025-09-27 02:30:18.950000+00:00,29.96,5.94,2.0,False,1306.8000000000002,-0.6159420289855049,2025-09-27 08:00:18.950000+05:30
device_45,battery_bank,2025-09-27 02:30:19.576000+00:00,30.55,5.74,2.06,False,1262.8,0.9424920127795525,2025-09-27 08:00:19.576000+05:30
device_45,battery_bank,2025-09-27 02:30:20.903000+00:00,28.89,5.42,2.0,False,1192.4,-1.250941974378297,2025-09-27 08:00:20.903000+05:30
device_46,battery_bank,2025-09-27 02:30:16.862000+00:00,31.32,4.71,1.95,False,1036.2,0.0,2025-09-27 08:00:16.862000+05:30
device_46,battery_bank,2025-09-27 02:30:18.023000+00:00,28.17,5.25,1.89,False,1155.0,-2.713178294573642,2025-09-27 08:00:18.023000+05:30
device_46,battery_bank,2025-09-27 02:30:19.511000+00:00,30.47,5.76,2.17,False,1267.2,1.545698924731181,2025-09-27 08:00:19.511000+05:30
device_46,battery_bank,2025-09-27 02:30:21.391000+00:00,29.24,4.28,1.98,False,941.6,-0.6542553191489364,2025-09-27 08:00:21.391000+05:30
device_47,battery_bank,2025-09-27 02:30:17.560000+00:00,29.69,4.05,2.2,False,891.0,0.0,2025-09-27 08:00:17.560000+05:30
device_47,battery_bank,2025-09-27 02:30:18.605000+00:00,31.92,6.0,1.87,False,1320.0,2.1339712918660294,2025-09-27 08:00:18.605000+05:30
device_47,battery_bank,2025-09-27 02:30:20.100000+00:00,28.47,4.04,2.2,False,888.8,-2.3076923076923093,2025-09-27 08:00:20.100000+05:30
device_47,battery_bank,2025-09-27 02:30:20.924000+00:00,30.71,4.76,2.11,False,1047.2,2.71844660194175,2025-09-27 08:00:20.924000+05:30
device_48,battery_bank,2025-09-27 02:30:16.529000+00:00,28.54,5.23,2.17,False,1150.6000000000001,0.0,2025-09-27 08:00:16.529000+05:30
device_48,battery_bank,2025-09-27 02:30:17.140000+00:00,31.78,4.03,2.04,False,886.6,5.302782324058923,2025-09-27 08:00:17.140000+05:30
device_48,battery_bank,2025-09-27 02:30:18.016000+00:00,29.93,5.33,2.08,False,1172.6,-2.111872146118723,2025-09-27 08:00:18.016000+05:30
device_48,battery_bank,2025-09-27 02:30:19.226000+00:00,30.23,5.1,1.89,False,1122.0,0.24793388429752125,2025-09-27 08:00:19.226000+05:30
device_48,battery_bank,2025-09-27 02:30:21.036000+00:00,30.69,4.9,1.88,False,1078.0,0.25414364640884024,2025-09-27 08:00:21.036000+05:30
device_49,battery_bank,2025-09-27 02:30:17.585000+00:00,31.93,5.96,1.86,False,1311.2,0.0,2025-09-27 08:00:17.585000+05:30
device_49,battery_bank,2025-09-27 02:30:18.623000+00:00,30.44,4.76,1.98,False,1047.2,-1.4354527938342951,2025-09-27 08:00:18.623000+05:30
device_49,battery_bank,2025-09-27 02:30:19.468000+00:00,31.26,4.24,1.92,False,932.8000000000001,0.9704142011834324,2025-09-27 08:00:19.468000+05:30
device_49,battery_bank,2025-09-27 02:30:21.326000+00:00,31.09,4.82,1.86,False,1060.4,-0.09149623250807411,2025-09-27 08:00:21.326000+05:30
device_5,pipe,2025-09-27 02:30:16.940000+00:00,30.85,5.64,2.06,True,1240.8,0.0,2025-09-27 08:00:16.940000+05:30
device_5,pipe,2025-09-27 02:30:17.881000+00:00,28.27,4.74,2.0,True,1042.8,-2.7417640807651456,2025-09-27 08:00:17.881000+05:30
device_5,pipe,2025-09-27 02:30:19.465000+00:00,28.04,4.54,2.07,True,998.8,-0.14520202020202047,2025-09-27 08:00:19.465000+05:30
device_5,pipe,2025-09-27 02:30:21.137000+00:00,28.87,4.53,2.15,True,996.6,0.49641148325358964,2025-09-27 08:00:21.137000+05:30
device_50,battery_bank,2025-09-27 02:30:16.505000+00:00,30.65,5.05,1.8,False,1111.0,0.0,2025-09-27 08:00:16.505000+05:30
device_50,battery_bank,2025-09-27 02:30:17.374000+00:00,30.91,5.18,2.11,False,1139.6,0.29919447640966806,2025-09-27 08:00:17.374000+05:30
device_50,battery_bank,2025-09-27 02:30:18.956000+00:00,28.84,5.13,1.98,False,1128.6,-1.3084702907711758,2025-09-27 08:00:18.956000+05:30
device_50,battery_bank,2025-09-27 02:30:19.920000+00:00,29.26,5.77,2.13,False,1269.3999999999999,0.43568464730290635,2025-09-27 08:00:19.920000+05:30
device_50,battery_bank,2025-09-27 02:30:20.894000+00:00,31.55,5.38,1.82,False,1183.6,2.351129363449691,2025-09-27 08:00:20.894000+05:30
device_6,pipe,2025-09-27 02:30:16.309000+00:00,30.07,5.51,1.98,True,1212.2,0.0,2025-09-27 08:00:16.309000+05:30
device_6,pipe,2025-09-27 02:30:17.078000+00:00,28.38,4.61,2.09,True,1014.2,-2.1976592977893383,2025-09-27 08:00:17.078000+05:30
device_6,pipe,2025-09-27 02:30:19.011000+00:00,28.53,5.96,1.85,True,1311.2,0.07759958613554171,2025-09-27 08:00:19.011000+05:30
device_6,pipe,2025-09-27 02:30:20.702000+00:00,28.99,4.8,2.13,True,1056.0,0.27202838557066666,2025-09-27 08:00:20.702000+05:30
device_6,pipe,2025-09-27 02:30:21.338000+00:00,30.46,5.77,2.04,True,1269.3999999999999,2.3113207547169847,2025-09-27 08:00:21.338000+05:30
device_7,pipe,2025-09-27 02:30:17.683000+00:00,30.46,4.41,2.05,True,970.2,0.0,2025-09-27 08:00:17.683000+05:30
device_7,pipe,2025-09-27 02:30:18.480000+00:00,29.66,4.76,2.02,True,1047.2,-1.003764115432874,2025-09-27 08:00:18.480000+05:30
device_7,pipe,2025-09-27 02:30:20.680000+00:00,29.75,4.69,1.93,True,1031.8000000000002,0.04090909090909084,2025-09-27 08:00:20.680000+05:30
device_8,pipe,2025-09-27 02:30:17.036000+00:00,28.69,5.72,1.9,True,1258.3999999999999,0.0,2025-09-27 08:00:17.036000+05:30
device_8,pipe,2025-09-27 02:30:18.434000+00:00,28.37,4.86,2.15,True,1069.2,-0.22889842632331925,2025-09-27 08:00:18.434000+05:30
device_8,pipe,2025-09-27 02:30:20.378000+00:00,30.25,5.67,1.98,True,1247.4,0.967078189300411,2025-09-27 08:00:20.378000+05:30
device_8,pipe,2025-09-27 02:30:21.017000+00:00,30.99,5.48,2.18,True,1205.6000000000001,1.1580594679186205,2025-09-27 08:00:21.017000+05:30
device_9,pipe,2025-09-27 02:30:16.768000+00:00,28.41,4.17,2.0,True,917.4,0.0,2025-09-27 08:00:16.768000+05:30
device_9,pipe,2025-09-27 02:30:17.731000+00:00,31.97,5.12,2.03,True,1126.4,3.696780893042574,2025-09-27 08:00:17.731000+05:30
device_9,pipe,2025-09-27 02:30:18.543000+00:00,28.63,4.31,1.95,True,948.1999999999999,-4.113300492610837,2025-09-27 08:00:18.543000+05:30
device_9,pipe,2025-09-27 02:30:19.232000+00:00,30.3,5.59,2.13,True,1229.8,2.4238026124818606,2025-09-27 08:00:19.232000+05:30
device_9,pipe,2025-09-27 02:30:21.022000+00:00,31.97,4.39,1.81,True,965.8,0.9329608938547476,2025-09-27 08:00:21.022000+05:30
device_1,pipe,2025-09-27 02:30:22.802000+00:00,28.74,5.28,1.95,True,1161.6000000000001,0.0,2025-09-27 08:00:22.802000+05:30
device_1,pipe,2025-09-27 02:30:24.109000+00:00,31.9,4.46,2.17,True,981.2,2.417750573833206,2025-09-27 08:00:24.109000+05:30
device_1,pipe,2025-09-27 02:30:25.250000+00:00,31.64,5.27,1.98,True,1159.3999999999999,-0.22787028921998073,2025-09-27 08:00:25.250000+05:30
device_1,pipe,2025-09-27 02:30:26.153000+00:00,29.69,5.0,1.82,True,1100.0,-2.1594684385382052,2025-09-27 08:00:26.153000+05:30
device_10,pipe,2025-09-27 02:30:22.087000+00:00,29.0,4.8,1.96,True,1056.0,0.0,2025-09-27 08:00:22.087000+05:30
device_10,pipe,2025-09-27 02:30:24.081000+00:00,29.62,5.69,2.02,True,1251.8000000000002,0.31093279839518606,2025-09-27 08:00:24.081000+05:30
device_10,pipe,2025-09-27 02:30:26.001000+00:00,29.17,4.53,2.04,True,996.6,-0.23437499999999964,2025-09-27 08:00:26.001000+05:30
device_11,container,2025-09-27 02:30:22.805000+00:00,28.99,5.66,1.9,False,1245.2,0.0,2025-09-27 08:00:22.805000+05:30
device_11,container,2025-09-27 02:30:24.124000+00:00,28.82,4.31,2.05,False,948.1999999999999,-0.1288855193328265,2025-09-27 08:00:24.124000+05:30
device_11,container,2025-09-27 02:30:25.700000+00:00,31.31,4.42,2.18,False,972.4,1.579949238578679,2025-09-27 08:00:25.700000+05:30
device_12,container,2025-09-27 02:30:22.285000+00:00,30.24,5.72,1.98,False,1258.3999999999999,0.0,2025-09-27 08:00:22.285000+05:30
device_12,container,2025-09-27 02:30:22.896000+00:00,31.3,5.37,2.17,False,1181.4,1.7348608837970578,2025-09-27 08:00:22.896000+05:30
device_12,container,2025-09-27 02:30:23.587000+00:00,31.05,5.69,1.84,False,1251.8000000000002,-0.36179450072358904,2025-09-27 08:00:23.587000+05:30
device_12,container,2025-09-27 02:30:24.530000+00:00,30.64,5.93,1.86,False,1304.6,-0.43478260869565233,2025-09-27 08:00:24.530000+05:30
device_12,container,2025-09-27 02:30:25.111000+00:00,30.87,5.43,1.82,False,1194.6,0.3958691910499147,2025-09-27 08:00:25.111000+05:30
device_12,container,2025-09-27 02:30:26.428000+00:00,28.13,5.53,1.94,False,1216.6000000000001,-2.080485952923312,2025-09-27 08:00:26.428000+05:30
device_13,container,2025-09-27 02:30:21.666000+00:00,31.46,5.27,2.19,False,1159.3999999999999,0.0,2025-09-27 08:00:21.666000+05:30
device_13,container,2025-09-27 02:30:23.674000+00:00,31.16,5.18,1.88,False,1139.6,-0.14940239043824738,2025-09-27 08:00:23.674000+05:30
device_13,container,2025-09-27 02:30:25.254000+00:00,31.34,4.63,2.18,False,1018.6,0.11392405063291121,2025-09-27 08:00:25.254000+05:30
device_13,container,2025-09-27 02:30:25.789000+00:00,30.09,5.8,1.95,False,1276.0,-2.336448598130841,2025-09-27 08:00:25.789000+05:30
device_14,container,2025-09-27 02:30:22.724000+00:00,31.29,5.83,2.15,False,1282.6,0.0,2025-09-27 08:00:22.724000+05:30
device_14,container,2025-09-27 02:30:23.783000+00:00,28.29,4.83,1.9,False,1062.6,-2.8328611898017,2025-09-27 08:00:23.783000+05:30
device_14,container,2025-09-27 02:30:25.781000+00:00,28.58,4.4,1.88,False,968.0000000000001,0.1451451451451447,2025-09-27 08:00:25.781000+05:30
device_15,container,2025-09-27 02:30:22.900000+00:00,29.36,5.96,1.82,False,1311.2,0.0,2025-09-27 08:00:22.900000+05:30
device_15,container,2025-09-27 02:30:23.651000+00:00,31.95,4.45,2.01,False,979.0,3.448735019973369,2025-09-27 08:00:23.651000+05:30
device_15,container,2025-09-27 02:30:24.884000+00:00,31.05,5.69,2.08,False,1251.8000000000002,-0.7299270072992688,2025-09-27 08:00:24.884000+05:30
device_15,container,2025-09-27 02:30:26.467000+00:00,28.75,5.75,2.05,False,1265.0,-1.4529374605180043,2025-09-27 08:00:26.467000+05:30
device_16,container,2025-09-27 02:30:22.138000+00:00,28.6,5.74,1.87,False,1262.8,0.0,2025-09-27 08:00:22.138000+05:30
device_16,container,2025-09-27 02:30:23.579000+00:00,28.37,5.09,2.15,False,1119.8,-0.15961138098542707,2025-09-27 08:00:23.579000+05:30
device_16,container,2025-09-27 02:30:25.346000+00:00,28.85,5.64,2.08,False,1240.8,0.2716468590831921,2025-09-27 08:00:25.346000+05:30
device_17,container,2025-09-27 02:30:21.416000+00:00,29.06,5.16,1.9,False,1135.2,0.0,2025-09-27 08:00:21.416000+05:30
device_17,container,2025-09-27 02:30:22.378000+00:00,28.12,4.67,2.16,False,1027.4,-0.9771309771309749,2025-09-27 08:00:22.378000+05:30
device_17,container,2025-09-27 02:30:23.705000+00:00,28.63,4.71,1.84,False,1036.2,0.38432554634513794,2025-09-27 08:00:23.705000+05:30
device_17,container,2025-09-27 02:30:24.537000+00:00,28.74,4.29,1.85,False,943.8,0.1322115384615378,2025-09-27 08:00:24.537000+05:30
device_17,container,2025-09-27 02:30:25.592000+00:00,28.92,5.72,1.94,False,1258.3999999999999,0.17061611374407895,2025-09-27 08:00:25.592000+05:30
device_18,container,2025-09-27 02:30:21.412000+00:00,30.84,4.84,2.09,False,1064.8,0.0,2025-09-27 08:00:21.412000+05:30
device_18,container,2025-09-27 02:30:23.255000+00:00,29.25,4.28,1.88,False,941.6,-0.8627238198589257,2025-09-27 08:00:23.255000+05:30
device_18,container,2025-09-27 02:30:24.071000+00:00,31.37,4.2,1.96,False,924.0,2.598039215686276,2025-09-27 08:00:24.071000+05:30
device_18,container,2025-09-27 02:30:25.539000+00:00,29.61,5.12,2.14,False,1126.4,-1.1989100817438703,2025-09-27 08:00:25.539000+05:30
device_19,container,2025-09-27 02:30:21.548000+00:00,29.45,4.21,1.8,False,926.2,0.0,2025-09-27 08:00:21.548000+05:30
device_19,container,2025-09-27 02:30:23.551000+00:00,28.85,4.84,2.06,False,1064.8,-0.2995506739890154,2025-09-27 08:00:23.551000+05:30
device_19,container,2025-09-27 02:30:25.203000+00:00,30.43,5.32,1.86,False,1170.4,0.9564164648910402,2025-09-27 08:00:25.203000+05:30
device_19,container,2025-09-27 02:30:26.121000+00:00,30.53,4.91,1.85,False,1080.2,0.10893246187363989,2025-09-27 08:00:26.121000+05:30
device_2,pipe,2025-09-27 02:30:22.143000+00:00,31.8,5.3,2.13,True,1166.0,0.0,2025-09-27 08:00:22.143000+05:30
device_2,pipe,2025-09-27 02:30:23.057000+00:00,29.38,4.62,2.19,True,1016.4,-2.64770240700219,2025-09-27 08:00:23.057000+05:30
device_2,pipe,2025-09-27 02:30:24.197000+00:00,31.74,4.73,2.11,True,1040.6000000000001,2.070175438596491,2025-09-27 08:00:24.197000+05:30
device_2,pipe,2025-09-27 02:30:24.811000+00:00,28.31,5.55,2.09,True,1221.0,-5.586319218241042,2025-09-27 08:00:24.811000+05:30
device_2,pipe,2025-09-27 02:30:26.567000+00:00,28.45,4.76,2.04,True,1047.2,0.07972665148063814,2025-09-27 08:00:26.567000+05:30
device_20,container,2025-09-27 02:30:21.902000+00:00,31.44,5.12,1.82,False,1126.4,0.0,2025-09-27 08:00:21.902000+05:30
device_20,container,2025-09-27 02:30:22.518000+00:00,29.73,5.05,1.95,False,1111.0,-2.7759740259740275,2025-09-27 08:00:22.518000+05:30
device_20,container,2025-09-27 02:30:23.980000+00:00,28.83,5.44,1.8,False,1196.8000000000002,-0.6155950752393996,2025-09-27 08:00:23.980000+05:30
device_20,container,2025-09-27 02:30:25.653000+00:00,31.08,5.91,1.97,False,1300.2,1.3448894202032278,2025-09-27 08:00:25.653000+05:30
device_21,container,2025-09-27 02:30:22.060000+00:00,30.7,5.99,2.09,False,1317.8,0.0,2025-09-27 08:00:22.060000+05:30
device_21,container,2025-09-27 02:30:24.060000+00:00,29.52,4.29,2.1,False,943.8,-0.5899999999999999,2025-09-27 08:00:24.060000+05:30
device_21,container,2025-09-27 02:30:25.600000+00:00,31.43,4.69,2.03,False,1031.8000000000002,1.2402597402597404,2025-09-27 08:00:25.600000+05:30
device_22,container,2025-09-27 02:30:22.145000+00:00,31.43,5.56,2.0,False,1223.1999999999998,0.0,2025-09-27 08:00:22.145000+05:30
device_22,container,2025-09-27 02:30:24.144000+00:00,31.03,4.07,2.11,False,895.4000000000001,-0.20010005002501177,2025-09-27 08:00:24.144000+05:30
device_22,container,2025-09-27 02:30:25.500000+00:00,29.98,5.77,2.09,False,1269.3999999999999,-0.7743362831858411,2025-09-27 08:00:25.500000+05:30
device_22,container,2025-09-27 02:30:26.458000+00:00,28.54,4.59,1.97,False,1009.8,-1.503131524008352,2025-09-27 08:00:26.458000+05:30
device_23,container,2025-09-27 02:30:22.112000+00:00,30.34,4.85,2.11,False,1067.0,0.0,2025-09-27 08:00:22.112000+05:30
device_23,container,2025-09-27 02:30:23.814000+00:00,28.45,4.58,2.09,False,1007.6,-1.1104582843713282,2025-09-27 08:00:23.814000+05:30
device_23,container,2025-09-27 02:30:24.589000+00:00,31.09,4.8,2.13,False,1056.0,3.4064516129032265,2025-09-27 08:00:24.589000+05:30
device_23,container,2025-09-27 02:30:26.073000+00:00,30.24,4.71,2.2,False,1036.2,-0.5727762803234511,2025-09-27 08:00:26.073000+05:30
device_24,container,2025-09-27 02:30:22.084000+00:00,30.83,4.67,2.19,False,1027.4,0.0,2025-09-27 08:00:22.084000+05:30
device_24,container,2025-09-27 02:30:23.227000+00:00,29.93,5.54,2.01,False,1218.8,-0.7874015748031483,2025-09-27 08:00:23.227000+05:30
device_24,container,2025-09-27 02:30:23.966000+00:00,31.21,5.43,1.86,False,1194.6,1.7320703653585943,2025-09-27 08:00:23.966000+05:30
device_24,container,2025-09-27 02:30:25.409000+00:00,28.61,4.18,1.93,False,919.5999999999999,-1.8018018018018027,2025-09-27 08:00:25.409000+05:30
device_24,container,2025-09-27 02:30:26.158000+00:00,31.48,5.86,2.14,False,1289.2,3.831775700934581,2025-09-27 08:00:26.158000+05:30
device_25,container,2025-09-27 02:30:21.896000+00:00,28.89,4.34,2.04,False,954.8,0.0,2025-09-27 08:00:21.896000+05:30
device_25,container,2025-09-27 02:30:23.425000+00:00,29.6,4.36,1.83,False,959.2,0.4643557880967959,2025-09-27 08:00:23.425000+05:30
device_25,container,2025-09-27 02:30:25.066000+00:00,28.42,4.91,2.18,False,1080.2,-0.7190737355271174,2025-09-27 08:00:25.066000+05:30
device_25,container,2025-09-27 02:30:26.353000+00:00,31.26,4.99,2.15,False,1097.8,2.2066822066822067,2025-09-27 08:00:26.353000+05:30
device_26,container,2025-09-27 02:30:22.063000+00:00,30.38,4.45,2.14,False,979.0,0.0,2025-09-27 08:00:22.063000+05:30
device_26,container,2025-09-27 02:30:23.435000+00:00,28.79,5.22,2.09,False,1148.3999999999999,-1.1588921282798832,2025-09-27 08:00:23.435000+05:30
device_26,container,2025-09-27 02:30:24.042000+00:00,28.97,4.38,2.01,False,963.6,0.2965403624382203,2025-09-27 08:00:24.042000+05:30
device_26,container,2025-09-27 02:30:24.880000+00:00,30.08,5.08,1.81,False,1117.6,1.3245823389021474,2025-09-27 08:00:24.880000+05:30
device_26,container,2025-09-27 02:30:25.605000+00:00,30.82,4.96,2.06,False,1091.2,1.0206896551724165,2025-09-27 08:00:25.605000+05:30
device_27,container,2025-09-27 02:30:21.802000+00:00,28.09,4.6,2.08,False,1011.9999999999999,0.0,2025-09-27 08:00:21.802000+05:30
device_27,container,2025-09-27 02:30:23.242000+00:00,31.18,4.32,2.01,False,950.4000000000001,2.1458333333333335,2025-09-27 08:00:23.242000+05:30
device_27,container,2025-09-27 02:30:23.985000+00:00,30.97,4.27,1.96,False,939.3999999999999,-0.28263795423957044,2025-09-27 08:00:23.985000+05:30
device_27,container,2025-09-27 02:30:24.679000+00:00,28.33,4.65,1.92,False,1023.0000000000001,-3.804034582132566,2025-09-27 08:00:24.679000+05:30
device_27,container,2025-09-27 02:30:25.870000+00:00,31.26,5.03,2.04,False,1106.6000000000001,2.46011754827876,2025-09-27 08:00:25.870000+05:30
device_28,container,2025-09-27 02:30:21.651000+00:00,28.82,5.49,2.13,False,1207.8,0.0,2025-09-27 08:00:21.651000+05:30
device_28,container,2025-09-27 02:30:22.996000+00:00,31.06,4.98,2.01,False,1095.6000000000001,1.6654275092936792,2025-09-27 08:00:22.996000+05:30
device_28,container,2025-09-27 02:30:24.911000+00:00,29.08,4.64,1.83,False,1020.8,-1.0339425587467366,2025-09-27 08:00:24.911000+05:30
device_28,container,2025-09-27 02:30:25.872000+00:00,30.06,5.35,1.83,False,1177.0,1.0197710718002087,2025-09-27 08:00:25.872000+05:30
device_29,container,2025-09-27 02:30:21.881000+00:00,29.92,4.02,2.13,False,884.3999999999999,0.0,2025-09-27 08:00:21.881000+05:30
device_29,container,2025-09-27 02:30:23.730000+00:00,29.51,5.39,1.9,False,1185.8,-0.22174148188209852,2025-09-27 08:00:23.730000+05:30
device_29,container,2025-09-27 02:30:24.851000+00:00,28.66,5.78,2.17,False,1271.6000000000001,-0.7582515611061564,2025-09-27 08:00:24.851000+05:30
device_3,pipe,2025-09-27 02:30:22.612000+00:00,29.29,4.01,2.13,True,882.1999999999999,0.0,2025-09-27 08:00:22.612000+05:30
device_3,pipe,2025-09-27 02:30:23.445000+00:00,31.26,4.99,2.16,True,1097.8,2.3649459783913596,2025-09-27 08:00:23.445000+05:30
device_3,pipe,2025-09-27 02:30:25.035000+00:00,30.47,4.95,2.08,True,1089.0,-0.49685534591195135,2025-09-27 08:00:25.035000+05:30
device_30,container,2025-09-27 02:30:22.744000+00:00,28.22,5.2,2.16,False,1144.0,0.0,2025-09-27 08:00:22.744000+05:30
device_30,container,2025-09-27 02:30:23.925000+00:00,28.26,5.99,2.17,False,1317.8,0.033869602032178404,2025-09-27 08:00:23.925000+05:30
device_30,container,2025-09-27 02:30:24.787000+00:00,28.52,5.05,2.03,False,1111.0,0.3016241299303921,2025-09-27 08:00:24.787000+05:30
device_30,container,2025-09-27 02:30:26.021000+00:00,29.88,4.88,1.91,False,1073.6,1.1021069692058343,2025-09-27 08:00:26.021000+05:30
device_31,battery_bank,2025-09-27 02:30:22.010000+00:00,29.28,5.46,1.82,False,1201.2,0.0,2025-09-27 08:00:22.010000+05:30
device_31,battery_bank,2025-09-27 02:30:23.062000+00:00,30.26,4.56,2.09,False,1003.1999999999999,0.9315589353612171,2025-09-27 08:00:23.062000+05:30
device_31,battery_bank,2025-09-27 02:30:23.670000+00:00,31.21,5.94,1.97,False,1306.8000000000002,1.562499999999999,2025-09-27 08:00:23.670000+05:30
device_31,battery_bank,2025-09-27 02:30:25.344000+00:00,28.68,4.97,2.07,False,1093.3999999999999,-1.5113500597371572,2025-09-27 08:00:25.344000+05:30
device_31,battery_bank,2025-09-27 02:30:26.460000+00:00,29.04,4.86,2.13,False,1069.2,0.32258064516128976,2025-09-27 08:00:26.460000+05:30
device_32,battery_bank,2025-09-27 02:30:21.435000+00:00,28.67,4.61,2.19,False,1014.2,0.0,2025-09-27 08:00:21.435000+05:30
device_32,battery_bank,2025-09-27 02:30:23.089000+00:00,30.34,5.08,1.83,False,1117.6,1.0096735187424415,2025-09-27 08:00:23.089000+05:30
device_32,battery_bank,2025-09-27 02:30:23.764000+00:00,31.4,4.34,1.9,False,954.8,1.5703703703703684,2025-09-27 08:00:23.764000+05:30
device_32,battery_bank,2025-09-27 02:30:25.746000+00:00,29.26,4.92,2.03,False,1082.4,-1.0797174571140247,2025-09-27 08:00:25.746000+05:30
device_33,battery_bank,2025-09-27 02:30:22.057000+00:00,29.83,5.72,1.99,False,1258.3999999999999,0.0,2025-09-27 08:00:22.057000+05:30
device_33,battery_bank,2025-09-27 02:30:23.526000+00:00,29.19,4.35,2.08,False,956.9999999999999,-0.4356705241660973,2025-09-27 08:00:23.526000+05:30
device_33,battery_bank,2025-09-27 02:30:25.532000+00:00,29.14,4.14,2.0,False,910.8,-0.0249252243270193,2025-09-27 08:00:25.532000+05:30
device_33,battery_bank,2025-09-27 02:30:26.536000+00:00,31.54,4.82,1.93,False,1060.4,2.390438247011951,2025-09-27 08:00:26.536000+05:30
device_34,battery_bank,2025-09-27 02:30:22.053000+00:00,28.4,5.11,1.91,False,1124.2,0.0,2025-09-27 08:00:22.053000+05:30
device_34,battery_bank,2025-09-27 02:30:23.647000+00:00,28.41,5.03,2.11,False,1106.6000000000001,0.006273525721456438,2025-09-27 08:00:23.647000+05:30
device_34,battery_bank,2025-09-27 02:30:25.375000+00:00,31.83,4.17,2.13,False,917.4,1.9791666666666656,2025-09-27 08:00:25.375000+05:30
device_34,battery_bank,2025-09-27 02:30:26.397000+00:00,28.17,5.95,1.98,False,1309.0,-3.5812133072407013,2025-09-27 08:00:26.397000+05:30
device_35,battery_bank,2025-09-27 02:30:22.860000+00:00,29.64,4.62,1.97,False,1016.4,0.0,2025-09-27 08:00:22.860000+05:30
device_35,battery_bank,2025-09-27 02:30:24.209000+00:00,29.67,5.83,1.89,False,1282.6,0.022238695329874825,2025-09-27 08:00:24.209000+05:30
device_35,battery_bank,2025-09-27 02:30:25.876000+00:00,31.02,4.73,2.01,False,1040.6000000000001,0.80983803239352,2025-09-27 08:00:25.876000+05:30
device_36,battery_bank,2025-09-27 02:30:22.049000+00:00,31.75,4.46,1.93,False,981.2,0.0,2025-09-27 08:00:22.049000+05:30
device_36,battery_bank,2025-09-27 02:30:23.642000+00:00,29.32,4.46,1.94,False,981.2,-1.5254237288135593,2025-09-27 08:00:23.642000+05:30
device_36,battery_bank,2025-09-27 02:30:25.296000+00:00,31.45,5.66,1.88,False,1245.2,1.2877871825876657,2025-09-27 08:00:25.296000+05:30
device_36,battery_bank,2025-09-27 02:30:26.351000+00:00,28.1,5.02,1.95,False,1104.3999999999999,-3.175355450236965,2025-09-27 08:00:26.351000+05:30
device_37,battery_bank,2025-09-27 02:30:22.722000+00:00,29.35,5.45,1.88,False,1199.0,0.0,2025-09-27 08:00:22.722000+05:30
device_37,battery_bank,2025-09-27 02:30:24.047000+00:00,29.0,4.99,1.81,False,1097.8,-0.2641509433962275,2025-09-27 08:00:24.047000+05:30
device_37,battery_bank,2025-09-27 02:30:24.687000+00:00,30.78,5.0,1.98,False,1100.0,2.7812500000000018,2025-09-27 08:00:24.687000+05:30
device_37,battery_bank,2025-09-27 02:30:25.655000+00:00,30.66,5.4,2.13,False,1188.0,-0.12396694214876136,2025-09-27 08:00:25.655000+05:30
device_37,battery_bank,2025-09-27 02:30:26.198000+00:00,31.71,4.28,2.03,False,941.6,1.9337016574585648,2025-09-27 08:00:26.198000+05:30
device_38,battery_bank,2025-09-27 02:30:21.425000+00:00,29.34,5.88,1.84,False,1293.6,0.0,2025-09-27 08:00:21.425000+05:30
device_38,battery_bank,2025-09-27 02:30:23.470000+00:00,29.63,4.34,1.86,False,954.8,0.14180929095354483,2025-09-27 08:00:23.470000+05:30
device_38,battery_bank,2025-09-27 02:30:24.849000+00:00,30.71,4.74,1.94,False,1042.8,0.7831762146482972,2025-09-27 08:00:24.849000+05:30
device_38,battery_bank,2025-09-27 02:30:26.400000+00:00,28.05,5.6,2.1,False,1232.0,-1.715022566086396,2025-09-27 08:00:26.400000+05:30
device_39,battery_bank,2025-09-27 02:30:22.239000+00:00,29.77,4.94,2.08,False,1086.8000000000002,0.0,2025-09-27 08:00:22.239000+05:30
device_39,battery_bank,2025-09-27 02:30:23.216000+00:00,31.11,5.53,2.07,False,1216.6000000000001,1.3715455475946774,2025-09-27 08:00:23.216000+05:30
device_39,battery_bank,2025-09-27 02:30:24.626000+00:00,31.75,5.98,1.94,False,1315.6000000000001,0.4539007092198586,2025-09-27 08:00:24.626000+05:30
device_39,battery_bank,2025-09-27 02:30:25.753000+00:00,30.25,4.84,2.08,False,1064.8,-1.3309671694764862,2025-09-27 08:00:25.753000+05:30
device_4,pipe,2025-09-27 02:30:21.749000+00:00,31.71,5.21,1.88,True,1146.2,0.0,2025-09-27 08:00:21.749000+05:30
device_4,pipe,2025-09-27 02:30:22.409000+00:00,29.55,5.6,2.04,True,1232.0,-3.272727272727273,2025-09-27 08:00:22.409000+05:30
device_4,pipe,2025-09-27 02:30:22.961000+00:00,30.28,5.46,1.83,True,1201.2,1.3224637681159428,2025-09-27 08:00:22.961000+05:30
device_4,pipe,2025-09-27 02:30:24.521000+00:00,31.44,5.87,1.86,True,1291.4,0.7435897435897436,2025-09-27 08:00:24.521000+05:30
device_4,pipe,2025-09-27 02:30:26.127000+00:00,28.06,4.8,2.19,True,1056.0,-2.1046077210460785,2025-09-27 08:00:26.127000+05:30
device_40,battery_bank,2025-09-27 02:30:21.794000+00:00,31.04,4.25,2.0,False,935.0,0.0,2025-09-27 08:00:21.794000+05:30
device_40,battery_bank,2025-09-27 02:30:23.698000+00:00,28.1,4.23,2.13,False,930.6000000000001,-1.5441176470588225,2025-09-27 08:00:23.698000+05:30
device_40,battery_bank,2025-09-27 02:30:24.438000+00:00,31.41,4.48,1.94,False,985.6000000000001,4.472972972972971,2025-09-27 08:00:24.438000+05:30
device_40,battery_bank,2025-09-27 02:30:26.370000+00:00,29.57,4.31,1.99,False,948.1999999999999,-0.9523809523809523,2025-09-27 08:00:26.370000+05:30
device_41,battery_bank,2025-09-27 02:30:21.698000+00:00,29.64,4.91,2.05,False,1080.2,0.0,2025-09-27 08:00:21.698000+05:30
device_41,battery_bank,2025-09-27 02:30:23.638000+00:00,31.04,5.18,1.9,False,1139.6,0.7216494845360818,2025-09-27 08:00:23.638000+05:30
device_41,battery_bank,2025-09-27 02:30:25.142000+00:00,31.53,5.11,1.99,False,1124.2,0.32579787234042684,2025-09-27 08:00:25.142000+05:30
device_41,battery_bank,2025-09-27 02:30:26.258000+00:00,28.32,5.91,1.9,False,1300.2,-2.876344086021506,2025-09-27 08:00:26.258000+05:30
device_42,battery_bank,2025-09-27 02:30:21.445000+00:00,29.48,5.37,2.11,False,1181.4,0.0,2025-09-27 08:00:21.445000+05:30
device_42,battery_bank,2025-09-27 02:30:22.977000+00:00,31.99,4.49,1.94,False,987.8000000000001,1.638381201044385,2025-09-27 08:00:22.977000+05:30
device_42,battery_bank,2025-09-27 02:30:24.592000+00:00,30.77,5.96,1.94,False,1311.2,-0.755417956656346,2025-09-27 08:00:24.592000+05:30
device_42,battery_bank,2025-09-27 02:30:26.243000+00:00,29.42,4.97,1.96,False,1093.3999999999999,-0.8176862507571157,2025-09-27 08:00:26.243000+05:30
device_43,battery_bank,2025-09-27 02:30:21.452000+00:00,29.91,5.34,2.0,False,1174.8,0.0,2025-09-27 08:00:21.452000+05:30
device_43,battery_bank,2025-09-27 02:30:22.596000+00:00,30.71,4.3,2.03,False,946.0,0.6993006993006999,2025-09-27 08:00:22.596000+05:30
device_43,battery_bank,2025-09-27 02:30:23.771000+00:00,29.81,4.42,1.98,False,972.4,-0.7659574468085124,2025-09-27 08:00:23.771000+05:30
device_43,battery_bank,2025-09-27 02:30:24.691000+00:00,31.73,5.68,2.05,False,1249.6,2.086956521739132,2025-09-27 08:00:24.691000+05:30
device_43,battery_bank,2025-09-27 02:30:25.561000+00:00,31.16,4.06,1.81,False,893.1999999999999,-0.6551724137931038,2025-09-27 08:00:25.561000+05:30
device_44,battery_bank,2025-09-27 02:30:22.848000+00:00,30.73,4.65,2.13,False,1023.0000000000001,0.0,2025-09-27 08:00:22.848000+05:30
device_44,battery_bank,2025-09-27 02:30:23.480000+00:00,30.75,5.02,2.12,False,1104.3999999999999,0.03164556962025249,2025-09-27 08:00:23.480000+05:30
device_44,battery_bank,2025-09-27 02:30:25.219000+00:00,30.96,4.77,1.85,False,1049.3999999999999,0.12075905692927018,2025-09-27 08:00:25.219000+05:30
device_45,battery_bank,2025-09-27 02:30:21.992000+00:00,31.41,5.04,2.14,False,1108.8,0.0,2025-09-27 08:00:21.992000+05:30
device_45,battery_bank,2025-09-27 02:30:23.544000+00:00,28.38,4.03,1.92,False,886.6,-1.9523195876288666,2025-09-27 08:00:23.544000+05:30
device_45,battery_bank,2025-09-27 02:30:24.383000+00:00,31.14,5.84,1.93,False,1284.8,3.2896305125149006,2025-09-27 08:00:24.383000+05:30
device_45,battery_bank,2025-09-27 02:30:25.530000+00:00,28.47,4.71,2.06,False,1036.2,-2.3278116826503936,2025-09-27 08:00:25.530000+05:30
device_46,battery_bank,2025-09-27 02:30:22.182000+00:00,29.4,4.46,1.82,False,981.2,0.0,2025-09-27 08:00:22.182000+05:30
device_46,battery_bank,2025-09-27 02:30:24.094000+00:00,31.65,4.18,2.18,False,919.5999999999999,1.1767782426778244,2025-09-27 08:00:24.094000+05:30
device_46,battery_bank,2025-09-27 02:30:24.618000+00:00,29.54,5.79,1.83,False,1273.8,-4.026717557251907,2025-09-27 08:00:24.618000+05:30
device_46,battery_bank,2025-09-27 02:30:25.298000+00:00,30.9,5.82,2.14,False,1280.4,1.9999999999999991,2025-09-27 08:00:25.298000+05:30
device_46,battery_bank,2025-09-27 02:30:26.088000+00:00,29.1,5.4,1.88,False,1188.0,-2.278481012658224,2025-09-27 08:00:26.088000+05:30
device_47,battery_bank,2025-09-27 02:30:21.790000+00:00,29.6,4.06,1.81,False,893.1999999999999,0.0,2025-09-27 08:00:21.790000+05:30
device_47,battery_bank,2025-09-27 02:30:22.894000+00:00,30.65,5.87,1.97,False,1291.4,0.9510869565217365,2025-09-27 08:00:22.894000+05:30
device_47,battery_bank,2025-09-27 02:30:24.140000+00:00,28.13,4.71,2.02,False,1036.2,-2.022471910112359,2025-09-27 08:00:24.140000+05:30
device_47,battery_bank,2025-09-27 02:30:25.657000+00:00,29.5,5.7,1.85,False,1254.0,0.9030982201713916,2025-09-27 08:00:25.657000+05:30
device_48,battery_bank,2025-09-27 02:30:22.109000+00:00,30.7,5.08,1.93,False,1117.6,0.0,2025-09-27 08:00:22.109000+05:30
device_48,battery_bank,2025-09-27 02:30:23.520000+00:00,29.05,5.11,1.84,False,1124.2,-1.1693834160170082,2025-09-27 08:00:23.520000+05:30
device_48,battery_bank,2025-09-27 02:30:24.942000+00:00,29.41,5.22,1.98,False,1148.3999999999999,0.25316455696202494,2025-09-27 08:00:24.942000+05:30
device_48,battery_bank,2025-09-27 02:30:26.210000+00:00,29.07,5.77,2.07,False,1269.3999999999999,-0.26813880126182954,2025-09-27 08:00:26.210000+05:30
device_49,battery_bank,2025-09-27 02:30:22.017000+00:00,29.75,4.94,2.12,False,1086.8000000000002,0.0,2025-09-27 08:00:22.017000+05:30
device_49,battery_bank,2025-09-27 02:30:22.659000+00:00,28.19,4.66,1.85,False,1025.2,-2.429906542056073,2025-09-27 08:00:22.659000+05:30
device_49,battery_bank,2025-09-27 02:30:24.200000+00:00,29.65,5.79,1.9,False,1273.8,0.947436729396494,2025-09-27 08:00:24.200000+05:30
device_49,battery_bank,2025-09-27 02:30:25.067000+00:00,29.12,5.76,1.96,False,1267.2,-0.6113033448673559,2025-09-27 08:00:25.067000+05:30
device_49,battery_bank,2025-09-27 02:30:26.179000+00:00,31.21,4.94,1.95,False,1086.8000000000002,1.8794964028776975,2025-09-27 08:00:26.179000+05:30
device_5,pipe,2025-09-27 02:30:23.074000+00:00,30.14,5.39,2.17,True,1185.8,0.0,2025-09-27 08:00:23.074000+05:30
device_5,pipe,2025-09-27 02:30:24.429000+00:00,30.39,4.39,1.93,True,965.8,0.18450184501845018,2025-09-27 08:00:24.429000+05:30
device_5,pipe,2025-09-27 02:30:25.502000+00:00,30.96,5.33,2.2,True,1172.6,0.5312208760484626,2025-09-27 08:00:25.502000+05:30
device_5,pipe,2025-09-27 02:30:26.569000+00:00,28.95,4.49,1.88,True,987.8000000000001,-1.8837863167760092,2025-09-27 08:00:26.569000+05:30
device_50,battery_bank,2025-09-27 02:30:22.120000+00:00,30.6,5.08,1.9,False,1117.6,0.0,2025-09-27 08:00:22.120000+05:30
device_50,battery_bank,2025-09-27 02:30:22.957000+00:00,31.9,4.7,2.1,False,1034.0,1.5531660692950982,2025-09-27 08:00:22.957000+05:30
device_50,battery_bank,2025-09-27 02:30:24.585000+00:00,30.29,5.05,2.18,False,1111.0,-0.9889434889434887,2025-09-27 08:00:24.585000+05:30
device_50,battery_bank,2025-09-27 02:30:25.405000+00:00,28.4,4.14,1.89,False,910.8,-2.3048780487804885,2025-09-27 08:00:25.405000+05:30
device_50,battery_bank,2025-09-27 02:30:25.997000+00:00,31.65,5.01,2.1,False,1102.2,5.489864864864865,2025-09-27 08:00:25.997000+05:30
device_6,pipe,2025-09-27 02:30:23.174000+00:00,28.85,5.66,2.08,True,1245.2,0.0,2025-09-27 08:00:23.174000+05:30
device_6,pipe,2025-09-27 02:30:24.127000+00:00,28.77,4.7,2.02,True,1034.0,-0.08394543546694842,2025-09-27 08:00:24.127000+05:30
device_6,pipe,2025-09-27 02:30:25.778000+00:00,29.84,4.26,1.88,True,937.1999999999999,0.6480920654149003,2025-09-27 08:00:25.778000+05:30
device_7,pipe,2025-09-27 02:30:21.984000+00:00,29.34,5.66,1.89,True,1245.2,0.0,2025-09-27 08:00:21.984000+05:30
device_7,pipe,2025-09-27 02:30:23.211000+00:00,31.24,5.66,1.91,True,1245.2,1.548492257538711,2025-09-27 08:00:23.211000+05:30
device_7,pipe,2025-09-27 02:30:23.887000+00:00,30.35,4.61,2.09,True,1014.2,-1.3165680473372736,2025-09-27 08:00:23.887000+05:30
device_7,pipe,2025-09-27 02:30:24.972000+00:00,31.65,5.66,1.88,True,1245.2,1.1981566820276472,2025-09-27 08:00:24.972000+05:30
device_8,pipe,2025-09-27 02:30:22.013000+00:00,31.93,5.98,2.07,True,1315.6000000000001,0.0,2025-09-27 08:00:22.013000+05:30
device_8,pipe,2025-09-27 02:30:22.565000+00:00,28.93,5.71,2.2,True,1256.2,-5.434782608695651,2025-09-27 08:00:22.565000+05:30
device_8,pipe,2025-09-27 02:30:23.912000+00:00,30.16,5.79,2.0,True,1273.8,0.9131403118040092,2025-09-27 08:00:23.912000+05:30
device_8,pipe,2025-09-27 02:30:24.803000+00:00,31.78,4.17,2.07,True,917.4,1.8181818181818192,2025-09-27 08:00:24.803000+05:30
device_8,pipe,2025-09-27 02:30:25.354000+00:00,29.8,4.1,2.14,True,901.9999999999999,-3.593466424682396,2025-09-27 08:00:25.354000+05:30
device_9,pipe,2025-09-27 02:30:21.744000+00:00,28.52,4.36,2.2,True,959.2,0.0,2025-09-27 08:00:21.744000+05:30
device_9,pipe,2025-09-27 02:30:23.536000+00:00,30.17,5.7,2.14,True,1254.0,0.9207589285714297,2025-09-27 08:00:23.536000+05:30
device_9,pipe,2025-09-27 02:30:24.386000+00:00,31.64,4.25,1.88,True,935.0,1.729411764705881,2025-09-27 08:00:24.386000+05:30
device_9,pipe,2025-09-27 02:30:26.017000+00:00,31.57,4.43,2.15,True,974.5999999999999,-0.04291845493562249,2025-09-27 08:00:26.017000+05:30
device_1,pipe,2025-09-27 02:30:26.787000+00:00,28.65,4.75,2.08,True,1045.0,0.0,2025-09-27 08:00:26.787000+05:30
device_1,pipe,2025-09-27 02:30:27.878000+00:00,28.3,4.79,2.1,True,1053.8,-0.32080659945004386,2025-09-27 08:00:27.878000+05:30
device_1,pipe,2025-09-27 02:30:28.664000+00:00,28.85,4.55,1.91,True,1001.0,0.6997455470737922,2025-09-27 08:00:28.664000+05:30
device_1,pipe,2025-09-27 02:30:30.650000+00:00,30.73,4.81,2.03,True,1058.1999999999998,0.9466263846928494,2025-09-27 08:00:30.650000+05:30
device_10,pipe,2025-09-27 02:30:26.735000+00:00,29.85,5.56,1.82,True,1223.1999999999998,0.0,2025-09-27 08:00:26.735000+05:30
device_10,pipe,2025-09-27 02:30:27.721000+00:00,29.39,5.15,2.17,True,1133.0,-0.46653144016227266,2025-09-27 08:00:27.721000+05:30
device_10,pipe,2025-09-27 02:30:28.398000+00:00,29.05,5.83,1.84,True,1282.6,-0.5022156573116688,2025-09-27 08:00:28.398000+05:30
device_10,pipe,2025-09-27 02:30:28.969000+00:00,28.14,4.54,2.16,True,998.8,-1.5936952714535906,2025-09-27 08:00:28.969000+05:30
device_10,pipe,2025-09-27 02:30:30.342000+00:00,31.49,5.77,2.18,True,1269.3999999999999,2.439912600145665,2025-09-27 08:00:30.342000+05:30
device_11,container,2025-09-27 02:30:27.489000+00:00,28.16,5.35,2.18,False,1177.0,0.0,2025-09-27 08:00:27.489000+05:30
device_11,container,2025-09-27 02:30:28.432000+00:00,30.25,4.56,2.14,False,1003.1999999999999,2.2163308589607635,2025-09-27 08:00:28.432000+05:30
device_11,container,2025-09-27 02:30:29.517000+00:00,29.16,4.27,2.15,False,939.3999999999999,-1.0046082949308754,2025-09-27 08:00:29.517000+05:30
device_11,container,2025-09-27 02:30:30.205000+00:00,28.11,4.77,1.83,False,1049.3999999999999,-1.5261627906976756,2025-09-27 08:00:30.205000+05:30
device_11,container,2025-09-27 02:30:31.075000+00:00,28.14,5.68,2.01,False,1249.6,0.03448275862069096,2025-09-27 08:00:31.075000+05:30
device_12,container,2025-09-27 02:30:27.825000+00:00,31.61,4.89,1.99,False,1075.8,0.0,2025-09-27 08:00:27.825000+05:30
device_12,container,2025-09-27 02:30:29.415000+00:00,30.73,5.57,2.13,False,1225.4,-0.5534591194968547,2025-09-27 08:00:29.415000+05:30
device_12,container,2025-09-27 02:30:30.122000+00:00,28.07,5.64,2.04,False,1240.8,-3.7623762376237626,2025-09-27 08:00:30.122000+05:30
device_13,container,2025-09-27 02:30:27.543000+00:00,31.43,4.54,2.05,False,998.8,0.0,2025-09-27 08:00:27.543000+05:30
device_13,container,2025-09-27 02:30:29.496000+00:00,31.89,4.41,1.96,False,970.2,0.2355350742447521,2025-09-27 08:00:29.496000+05:30
device_13,container,2025-09-27 02:30:30.860000+00:00,29.03,5.23,1.93,False,1150.6000000000001,-2.0967741935483866,2025-09-27 08:00:30.860000+05:30
device_14,container,2025-09-27 02:30:27.494000+00:00,28.36,5.76,2.14,False,1267.2,0.0,2025-09-27 08:00:27.494000+05:30
device_14,container,2025-09-27 02:30:28.338000+00:00,29.35,4.82,1.93,False,1060.4,1.1729857819905236,2025-09-27 08:00:28.338000+05:30
device_14,container,2025-09-27 02:30:30.134000+00:00,30.73,4.24,2.09,False,932.8000000000001,0.7683741648106899,2025-09-27 08:00:30.134000+05:30
device_14,container,2025-09-27 02:30:31.623000+00:00,30.24,4.05,1.94,False,891.0,-0.32907991940900067,2025-09-27 08:00:31.623000+05:30
device_15,container,2025-09-27 02:30:28.015000+00:00,29.71,4.19,2.02,False,921.8000000000001,0.0,2025-09-27 08:00:28.015000+05:30
device_15,container,2025-09-27 02:30:28.553000+00:00,28.34,4.53,2.17,False,996.6,-2.5464684014869907,2025-09-27 08:00:28.553000+05:30
device_15,container,2025-09-27 02:30:29.586000+00:00,30.44,5.52,2.11,False,1214.3999999999999,2.032913843175219,2025-09-27 08:00:29.586000+05:30
device_15,container,2025-09-27 02:30:31.054000+00:00,31.96,5.19,2.0,False,1141.8000000000002,1.0354223433242504,2025-09-27 08:00:31.054000+05:30
device_16,container,2025-09-27 02:30:27.308000+00:00,30.89,4.83,2.01,False,1062.6,0.0,2025-09-27 08:00:27.308000+05:30
device_16,container,2025-09-27 02:30:27.897000+00:00,30.31,4.47,2.03,False,983.4,-0.9847198641765736,2025-09-27 08:00:27.897000+05:30
device_16,container,2025-09-27 02:30:29.430000+00:00,29.54,4.66,2.05,False,1025.2,-0.5022831050228308,2025-09-27 08:00:29.430000+05:30
device_16,container,2025-09-27 02:30:30.466000+00:00,28.12,4.72,2.17,False,1038.3999999999999,-1.3706563706563688,2025-09-27 08:00:30.466000+05:30
device_16,container,2025-09-27 02:30:31.549000+00:00,29.68,4.5,2.18,False,990.0,1.4404432132963978,2025-09-27 08:00:31.549000+05:30
device_17,container,2025-09-27 02:30:27.193000+00:00,31.46,5.07,2.04,False,1115.4,0.0,2025-09-27 08:00:27.193000+05:30
device_17,container,2025-09-27 02:30:28.203000+00:00,30.11,5.83,1.99,False,1282.6,-1.336633663366338,2025-09-27 08:00:28.203000+05:30
device_17,container,2025-09-27 02:30:28.993000+00:00,29.49,5.08,2.12,False,1117.6,-0.7848101265822797,2025-09-27 08:00:28.993000+05:30
device_17,container,2025-09-27 02:30:30.830000+00:00,30.5,4.63,2.08,False,1018.6,0.5498094719651615,2025-09-27 08:00:30.830000+05:30
device_18,container,2025-09-27 02:30:27.121000+00:00,29.43,5.01,1.97,False,1102.2,0.0,2025-09-27 08:00:27.121000+05:30
device_18,container,2025-09-27 02:30:28.522000+00:00,30.75,4.14,2.14,False,910.8,0.9421841541755891,2025-09-27 08:00:28.522000+05:30
device_18,container,2025-09-27 02:30:29.677000+00:00,30.31,4.38,1.85,False,963.6,-0.38095238095238204,2025-09-27 08:00:29.677000+05:30
device_18,container,2025-09-27 02:30:31.388000+00:00,28.43,5.57,1.81,False,1225.4,-1.0987726475745172,2025-09-27 08:00:31.388000+05:30
device_19,container,2025-09-27 02:30:27.090000+00:00,31.96,5.35,2.15,False,1177.0,0.0,2025-09-27 08:00:27.090000+05:30
device_19,container,2025-09-27 02:30:28.430000+00:00,31.76,4.59,1.98,False,1009.8,-0.14925373134328304,2025-09-27 08:00:28.430000+05:30
device_19,container,2025-09-27 02:30:30.405000+00:00,30.75,4.64,1.93,False,1020.8,-0.5113924050632919,2025-09-27 08:00:30.405000+05:30
device_2,pipe,2025-09-27 02:30:27.573000+00:00,31.12,4.31,1.94,True,948.1999999999999,0.0,2025-09-27 08:00:27.573000+05:30
device_2,pipe,2025-09-27 02:30:29.237000+00:00,31.83,4.42,1.93,True,972.4,0.4266826923076907,2025-09-27 08:00:29.237000+05:30
device_2,pipe,2025-09-27 02:30:30.902000+00:00,31.97,5.88,1.83,True,1293.6,0.08408408408408442,2025-09-27 08:00:30.902000+05:30
device_20,container,2025-09-27 02:30:26.967000+00:00,31.2,4.31,1.91,False,948.1999999999999,0.0,2025-09-27 08:00:26.967000+05:30
device_20,container,2025-09-27 02:30:27.568000+00:00,28.19,4.47,1.86,False,983.4,-5.008319467554073,2025-09-27 08:00:27.568000+05:30
device_20,container,2025-09-27 02:30:28.177000+00:00,28.26,4.57,2.08,False,1005.4000000000001,0.11494252873563265,2025-09-27 08:00:28.177000+05:30
device_20,container,2025-09-27 02:30:29.498000+00:00,31.73,5.26,2.11,False,1157.2,2.6267978803936405,2025-09-27 08:00:29.498000+05:30
device_20,container,2025-09-27 02:30:31.378000+00:00,28.09,4.64,2.04,False,1020.8,-1.936170212765958,2025-09-27 08:00:31.378000+05:30
device_21,container,2025-09-27 02:30:27.013000+00:00,31.31,5.14,1.9,False,1130.8,0.0,2025-09-27 08:00:27.013000+05:30
device_21,container,2025-09-27 02:30:28.076000+00:00,28.09,5.3,2.17,False,1166.0,-3.0291627469426143,2025-09-27 08:00:28.076000+05:30
device_21,container,2025-09-27 02:30:29.253000+00:00,29.19,5.74,1.82,False,1262.8,0.9345794392523377,2025-09-27 08:00:29.253000+05:30
device_21,container,2025-09-27 02:30:30.188000+00:00,31.57,4.13,2.1,False,908.6,2.545454545454544,2025-09-27 08:00:30.188000+05:30
device_21,container,2025-09-27 02:30:31.687000+00:00,28.08,5.29,2.06,False,1163.8,-2.328218812541696,2025-09-27 08:00:31.687000+05:30
device_22,container,2025-09-27 02:30:27.882000+00:00,29.53,4.75,1.87,False,1045.0,0.0,2025-09-27 08:00:27.882000+05:30
device_22,container,2025-09-27 02:30:28.678000+00:00,28.98,5.12,2.02,False,1126.4,-0.6909547738693476,2025-09-27 08:00:28.678000+05:30
device_22,container,2025-09-27 02:30:30.528000+00:00,28.25,5.22,1.98,False,1148.3999999999999,-0.3945945945945948,2025-09-27 08:00:30.528000+05:30
device_22,container,2025-09-27 02:30:31.692000+00:00,28.54,5.75,2.16,False,1265.0,0.24914089347078966,2025-09-27 08:00:31.692000+05:30
device_23,container,2025-09-27 02:30:27.943000+00:00,29.5,4.5,2.02,False,990.0,0.0,2025-09-27 08:00:27.943000+05:30
device_23,container,2025-09-27 02:30:29.234000+00:00,29.23,5.81,1.97,False,1278.1999999999998,-0.2091402013942677,2025-09-27 08:00:29.234000+05:30
device_23,container,2025-09-27 02:30:31.062000+00:00,31.85,5.42,2.16,False,1192.4,1.433260393873086,2025-09-27 08:00:31.062000+05:30
device_24,container,2025-09-27 02:30:27.905000+00:00,30.05,4.65,1.89,False,1023.0000000000001,0.0,2025-09-27 08:00:27.905000+05:30
device_24,container,2025-09-27 02:30:29.886000+00:00,30.56,5.26,2.11,False,1157.2,0.2574457344775356,2025-09-27 08:00:29.886000+05:30
device_24,container,2025-09-27 02:30:30.808000+00:00,31.97,4.06,2.19,False,893.1999999999999,1.5292841648590023,2025-09-27 08:00:30.808000+05:30
device_25,container,2025-09-27 02:30:27.159000+00:00,29.81,5.97,1.84,False,1313.3999999999999,0.0,2025-09-27 08:00:27.159000+05:30
device_25,container,2025-09-27 02:30:29.153000+00:00,31.99,5.88,1.95,False,1293.6,1.0932798395185555,2025-09-27 08:00:29.153000+05:30
device_25,container,2025-09-27 02:30:30.138000+00:00,30.28,4.76,2.02,False,1047.2,-1.736040609137053,2025-09-27 08:00:30.138000+05:30
device_26,container,2025-09-27 02:30:26.782000+00:00,28.5,4.61,2.19,False,1014.2,0.0,2025-09-27 08:00:26.782000+05:30
device_26,container,2025-09-27 02:30:28.206000+00:00,31.11,4.85,1.88,False,1067.0,1.8328651685393256,2025-09-27 08:00:28.206000+05:30
device_26,container,2025-09-27 02:30:30.077000+00:00,30.45,5.17,2.06,False,1137.4,-0.352752538749332,2025-09-27 08:00:30.077000+05:30
device_26,container,2025-09-27 02:30:31.477000+00:00,29.46,5.01,1.81,False,1102.2,-0.7071428571428561,2025-09-27 08:00:31.477000+05:30
device_27,container,2025-09-27 02:30:27.250000+00:00,30.11,4.52,2.11,False,994.3999999999999,0.0,2025-09-27 08:00:27.250000+05:30
device_27,container,2025-09-27 02:30:29.077000+00:00,31.33,4.98,1.84,False,1095.6000000000001,0.6677613574165292,2025-09-27 08:00:29.077000+05:30
device_27,container,2025-09-27 02:30:29.646000+00:00,30.81,4.43,1.92,False,974.5999999999999,-0.9138840070298763,2025-09-27 08:00:29.646000+05:30
device_27,container,2025-09-27 02:30:30.203000+00:00,29.4,4.31,2.01,False,948.1999999999999,-2.5314183123877916,2025-09-27 08:00:30.203000+05:30
device_27,container,2025-09-27 02:30:31.070000+00:00,29.8,4.31,2.11,False,948.1999999999999,0.46136101499423543,2025-09-27 08:00:31.070000+05:30
device_28,container,2025-09-27 02:30:26.737000+00:00,30.43,5.86,2.19,False,1289.2,0.0,2025-09-27 08:00:26.737000+05:30
device_28,container,2025-09-27 02:30:27.665000+00:00,29.19,4.07,1.94,False,895.4000000000001,-1.3362068965517224,2025-09-27 08:00:27.665000+05:30
device_28,container,2025-09-27 02:30:29.309000+00:00,30.62,4.23,1.81,False,930.6000000000001,0.8698296836982967,2025-09-27 08:00:29.309000+05:30
device_28,container,2025-09-27 02:30:30.065000+00:00,30.64,4.37,1.8,False,961.4,0.02645502645502589,2025-09-27 08:00:30.065000+05:30
device_28,container,2025-09-27 02:30:31.362000+00:00,29.53,4.18,1.84,False,919.5999999999999,-0.8558211256746334,2025-09-27 08:00:31.362000+05:30
device_29,container,2025-09-27 02:30:26.828000+00:00,28.09,5.56,2.06,False,1223.1999999999998,0.0,2025-09-27 08:00:26.828000+05:30
device_29,container,2025-09-27 02:30:28.752000+00:00,28.97,5.84,2.17,False,1284.8,0.4573804573804569,2025-09-27 08:00:28.752000+05:30
device_29,container,2025-09-27 02:30:30.512000+00:00,31.86,4.2,1.97,False,924.0,1.6420454545454548,2025-09-27 08:00:30.512000+05:30
device_3,pipe,2025-09-27 02:30:26.753000+00:00,30.72,4.65,2.02,True,1023.0000000000001,0.0,2025-09-27 08:00:26.753000+05:30
device_3,pipe,2025-09-27 02:30:28.172000+00:00,29.41,5.73,1.94,True,1260.6000000000001,-0.923185341789992,2025-09-27 08:00:28.172000+05:30
device_3,pipe,2025-09-27 02:30:29.568000+00:00,31.74,5.88,2.02,True,1293.6,1.669054441260744,2025-09-27 08:00:29.568000+05:30
device_3,pipe,2025-09-27 02:30:30.976000+00:00,31.96,5.4,2.06,True,1188.0,0.15625000000000172,2025-09-27 08:00:30.976000+05:30
device_30,container,2025-09-27 02:30:26.644000+00:00,31.77,4.84,1.96,False,1064.8,0.0,2025-09-27 08:00:26.644000+05:30
device_30,container,2025-09-27 02:30:27.946000+00:00,31.35,5.25,1.81,False,1155.0,-0.32258064516128887,2025-09-27 08:00:27.946000+05:30
device_30,container,2025-09-27 02:30:29.219000+00:00,31.2,4.05,2.02,False,891.0,-0.11783189316575188,2025-09-27 08:00:29.219000+05:30
device_30,container,2025-09-27 02:30:29.956000+00:00,29.87,5.53,1.96,False,1216.6000000000001,-1.8046132971506084,2025-09-27 08:00:29.956000+05:30
device_30,container,2025-09-27 02:30:30.813000+00:00,31.98,5.6,1.88,False,1232.0,2.462077012835472,2025-09-27 08:00:30.813000+05:30
device_31,battery_bank,2025-09-27 02:30:27.175000+00:00,31.14,4.56,1.97,False,1003.1999999999999,0.0,2025-09-27 08:00:27.175000+05:30
device_31,battery_bank,2025-09-27 02:30:28.387000+00:00,31.86,4.52,1.91,False,994.3999999999999,0.5940594059405931,2025-09-27 08:00:28.387000+05:30
device_31,battery_bank,2025-09-27 02:30:29.869000+00:00,30.22,5.4,2.17,False,1188.0,-1.1066126855600544,2025-09-27 08:00:29.869000+05:30
device_31,battery_bank,2025-09-27 02:30:30.518000+00:00,31.63,4.03,1.82,False,886.6,2.172573189522342,2025-09-27 08:00:30.518000+05:30
device_32,battery_bank,2025-09-27 02:30:26.906000+00:00,29.08,4.07,1.81,False,895.4000000000001,0.0,2025-09-27 08:00:26.906000+05:30
device_32,battery_bank,2025-09-27 02:30:28.672000+00:00,30.92,5.35,1.85,False,1177.0,1.0419026047565139,2025-09-27 08:00:28.672000+05:30
device_32,battery_bank,2025-09-27 02:30:30.373000+00:00,29.34,4.75,2.01,False,1045.0,-0.9288653733098188,2025-09-27 08:00:30.373000+05:30
device_32,battery_bank,2025-09-27 02:30:30.887000+00:00,30.17,5.65,2.11,False,1243.0,1.6147859922179024,2025-09-27 08:00:30.887000+05:30
device_33,battery_bank,2025-09-27 02:30:28.383000+00:00,30.75,4.03,2.05,False,886.6,0.0,2025-09-27 08:00:28.383000+05:30
device_33,battery_bank,2025-09-27 02:30:29.849000+00:00,30.03,4.13,2.14,False,908.6,-0.49113233287858044,2025-09-27 08:00:29.849000+05:30
device_34,battery_bank,2025-09-27 02:30:27.275000+00:00,30.79,5.97,1.88,False,1313.3999999999999,0.0,2025-09-27 08:00:27.275000+05:30
device_34,battery_bank,2025-09-27 02:30:28.892000+00:00,29.1,5.03,2.04,False,1106.6000000000001,-1.0451453308596153,2025-09-27 08:00:28.892000+05:30
device_34,battery_bank,2025-09-27 02:30:29.958000+00:00,29.82,5.44,2.01,False,1196.8000000000002,0.6754221388367719,2025-09-27 08:00:29.958000+05:30
device_35,battery_bank,2025-09-27 02:30:26.741000+00:00,29.08,5.11,2.09,False,1124.2,0.0,2025-09-27 08:00:26.741000+05:30
device_35,battery_bank,2025-09-27 02:30:27.445000+00:00,31.35,5.96,1.88,False,1311.2,3.224431818181823,2025-09-27 08:00:27.445000+05:30
device_35,battery_bank,2025-09-27 02:30:28.078000+00:00,30.95,5.0,1.84,False,1100.0,-0.6319115323854694,2025-09-27 08:00:28.078000+05:30
device_35,battery_bank,2025-09-27 02:30:29.494000+00:00,30.78,5.99,2.16,False,1317.8,-0.12005649717513994,2025-09-27 08:00:29.494000+05:30
device_35,battery_bank,2025-09-27 02:30:30.769000+00:00,29.68,4.8,2.0,False,1056.0,-0.8627450980392168,2025-09-27 08:00:30.769000+05:30
device_36,battery_bank,2025-09-27 02:30:27.929000+00:00,28.34,4.62,1.91,False,1016.4,0.0,2025-09-27 08:00:27.929000+05:30
device_36,battery_bank,2025-09-27 02:30:29.913000+00:00,31.05,5.84,1.9,False,1284.8,1.3659274193548392,2025-09-27 08:00:29.913000+05:30
device_36,battery_bank,2025-09-27 02:30:31.470000+00:00,28.61,5.45,1.87,False,1199.0,-1.5671162491971748,2025-09-27 08:00:31.470000+05:30
device_37,battery_bank,2025-09-27 02:30:27.130000+00:00,31.51,4.68,2.0,False,1029.6,0.0,2025-09-27 08:00:27.130000+05:30
device_37,battery_bank,2025-09-27 02:30:27.988000+00:00,29.25,4.95,2.19,False,1089.0,-2.634032634032636,2025-09-27 08:00:27.988000+05:30
device_37,battery_bank,2025-09-27 02:30:28.661000+00:00,29.29,5.11,2.03,False,1124.2,0.05943536404160348,2025-09-27 08:00:28.661000+05:30
device_37,battery_bank,2025-09-27 02:30:29.367000+00:00,28.49,4.03,2.15,False,886.6,-1.133144475920681,2025-09-27 08:00:29.367000+05:30
device_37,battery_bank,2025-09-27 02:30:29.881000+00:00,28.87,4.22,2.07,False,928.4,0.7392996108949466,2025-09-27 08:00:29.881000+05:30
device_37,battery_bank,2025-09-27 02:30:30.561000+00:00,30.89,5.66,2.08,False,1245.2,2.970588235294117,2025-09-27 08:00:30.561000+05:30
device_37,battery_bank,2025-09-27 02:30:31.246000+00:00,29.63,5.68,1.89,False,1249.6,-1.8394160583941628,2025-09-27 08:00:31.246000+05:30
device_38,battery_bank,2025-09-27 02:30:27.491000+00:00,30.54,4.24,1.92,False,932.8000000000001,0.0,2025-09-27 08:00:27.491000+05:30
device_38,battery_bank,2025-09-27 02:30:29.243000+00:00,28.0,4.18,2.2,False,919.5999999999999,-1.4497716894977164,2025-09-27 08:00:29.243000+05:30
device_38,battery_bank,2025-09-27 02:30:30.885000+00:00,31.47,5.26,2.01,False,1157.2,2.113276492082825,2025-09-27 08:00:30.885000+05:30
device_39,battery_bank,2025-09-27 02:30:27.148000+00:00,29.78,4.06,1.91,False,893.1999999999999,0.0,2025-09-27 08:00:27.148000+05:30
device_39,battery_bank,2025-09-27 02:30:28.707000+00:00,30.45,5.28,2.11,False,1161.6000000000001,0.4297626683771637,2025-09-27 08:00:28.707000+05:30
device_39,battery_bank,2025-09-27 02:30:29.873000+00:00,31.17,5.2,1.94,False,1144.0,0.6174957118353366,2025-09-27 08:00:29.873000+05:30
device_39,battery_bank,2025-09-27 02:30:31.367000+00:00,30.44,4.63,2.19,False,1018.6,-0.488621151271754,2025-09-27 08:00:31.367000+05:30
device_4,pipe,2025-09-27 02:30:28.123000+00:00,29.01,5.47,2.19,True,1203.3999999999999,0.0,2025-09-27 08:00:28.123000+05:30
device_4,pipe,2025-09-27 02:30:30.089000+00:00,31.52,4.61,1.92,True,1014.2,1.276703967446591,2025-09-27 08:00:30.089000+05:30
device_4,pipe,2025-09-27 02:30:30.906000+00:00,31.19,5.42,2.18,True,1192.4,-0.40391676866584864,2025-09-27 08:00:30.906000+05:30
device_40,battery_bank,2025-09-27 02:30:27.443000+00:00,31.66,4.91,1.96,False,1080.2,0.0,2025-09-27 08:00:27.443000+05:30
device_40,battery_bank,2025-09-27 02:30:28.195000+00:00,28.62,5.93,1.8,False,1304.6,-4.04255319148936,2025-09-27 08:00:28.195000+05:30
device_40,battery_bank,2025-09-27 02:30:29.961000+00:00,30.03,5.96,2.18,False,1311.2,0.7984144960362402,2025-09-27 08:00:29.961000+05:30
device_40,battery_bank,2025-09-27 02:30:31.086000+00:00,31.13,5.57,1.96,False,1225.4,0.9777777777777759,2025-09-27 08:00:31.086000+05:30
device_41,battery_bank,2025-09-27 02:30:27.142000+00:00,30.44,4.04,2.17,False,888.8,0.0,2025-09-27 08:00:27.142000+05:30
device_41,battery_bank,2025-09-27 02:30:28.768000+00:00,30.88,5.66,1.91,False,1245.2,0.2706027060270589,2025-09-27 08:00:28.768000+05:30
device_41,battery_bank,2025-09-27 02:30:30.515000+00:00,31.68,4.74,1.89,False,1042.8,0.45792787635947374,2025-09-27 08:00:30.515000+05:30
device_41,battery_bank,2025-09-27 02:30:31.135000+00:00,28.6,4.12,2.03,False,906.4,-4.967741935483868,2025-09-27 08:00:31.135000+05:30
device_42,battery_bank,2025-09-27 02:30:27.964000+00:00,29.61,4.24,1.97,False,932.8000000000001,0.0,2025-09-27 08:00:27.964000+05:30
device_42,battery_bank,2025-09-27 02:30:29.786000+00:00,31.48,5.03,1.97,False,1106.6000000000001,1.0263446761800226,2025-09-27 08:00:29.786000+05:30
device_42,battery_bank,2025-09-27 02:30:31.685000+00:00,29.47,4.27,1.94,False,939.3999999999999,-1.0584518167456565,2025-09-27 08:00:31.685000+05:30
device_43,battery_bank,2025-09-27 02:30:27.535000+00:00,31.37,4.08,1.96,False,897.6,0.0,2025-09-27 08:00:27.535000+05:30
device_43,battery_bank,2025-09-27 02:30:29.215000+00:00,30.37,4.41,2.08,False,970.2,-0.5952380952380952,2025-09-27 08:00:29.215000+05:30
device_43,battery_bank,2025-09-27 02:30:29.910000+00:00,28.18,4.07,1.86,False,895.4000000000001,-3.1510791366906497,2025-09-27 08:00:29.910000+05:30
device_43,battery_bank,2025-09-27 02:30:30.726000+00:00,31.48,4.67,1.82,False,1027.4,4.044117647058824,2025-09-27 08:00:30.726000+05:30
device_43,battery_bank,2025-09-27 02:30:31.250000+00:00,29.05,4.7,2.2,False,1034.0,-4.637404580152671,2025-09-27 08:00:31.250000+05:30
device_44,battery_bank,2025-09-27 02:30:26.875000+00:00,31.73,5.45,1.85,False,1199.0,0.0,2025-09-27 08:00:26.875000+05:30
device_44,battery_bank,2025-09-27 02:30:27.660000+00:00,28.7,4.76,2.2,False,1047.2,-3.8598726114649695,2025-09-27 08:00:27.660000+05:30
device_44,battery_bank,2025-09-27 02:30:28.614000+00:00,30.9,5.94,1.88,False,1306.8000000000002,2.30607966457023,2025-09-27 08:00:28.614000+05:30
device_44,battery_bank,2025-09-27 02:30:29.507000+00:00,30.1,5.32,2.13,False,1170.4,-0.8958566629339274,2025-09-27 08:00:29.507000+05:30
device_44,battery_bank,2025-09-27 02:30:30.415000+00:00,31.87,4.87,2.14,False,1071.4,1.9493392070484576,2025-09-27 08:00:30.415000+05:30
device_44,battery_bank,2025-09-27 02:30:31.238000+00:00,31.43,4.59,1.98,False,1009.8,-0.5346294046172555,2025-09-27 08:00:31.238000+05:30
device_45,battery_bank,2025-09-27 02:30:26.971000+00:00,28.53,5.37,1.93,False,1181.4,0.0,2025-09-27 08:00:26.971000+05:30
device_45,battery_bank,2025-09-27 02:30:28.395000+00:00,31.4,4.03,2.16,False,886.6,2.0154494382022454,2025-09-27 08:00:28.395000+05:30
device_45,battery_bank,2025-09-27 02:30:29.708000+00:00,28.65,5.15,2.06,False,1133.0,-2.0944402132520947,2025-09-27 08:00:29.708000+05:30
device_45,battery_bank,2025-09-27 02:30:31.098000+00:00,31.43,5.24,2.16,False,1152.8,2.000000000000001,2025-09-27 08:00:31.098000+05:30
device_46,battery_bank,2025-09-27 02:30:27.237000+00:00,29.05,5.57,1.83,False,1225.4,0.0,2025-09-27 08:00:27.237000+05:30
device_46,battery_bank,2025-09-27 02:30:27.901000+00:00,28.71,5.68,2.07,False,1249.6,-0.512048192771084,2025-09-27 08:00:27.901000+05:30
device_46,battery_bank,2025-09-27 02:30:29.034000+00:00,29.87,4.54,2.01,False,998.8,1.0238305383936452,2025-09-27 08:00:29.034000+05:30
device_46,battery_bank,2025-09-27 02:30:30.816000+00:00,28.07,4.46,2.12,False,981.2,-1.0101010101010104,2025-09-27 08:00:30.816000+05:30
device_47,battery_bank,2025-09-27 02:30:26.924000+00:00,31.74,5.17,1.9,False,1137.4,0.0,2025-09-27 08:00:26.924000+05:30
device_47,battery_bank,2025-09-27 02:30:27.674000+00:00,29.55,4.63,2.09,False,1018.6,-2.919999999999997,2025-09-27 08:00:27.674000+05:30
device_47,battery_bank,2025-09-27 02:30:29.306000+00:00,28.59,5.79,2.04,False,1273.8,-0.5882352941176476,2025-09-27 08:00:29.306000+05:30
device_47,battery_bank,2025-09-27 02:30:30.101000+00:00,31.44,5.2,2.01,False,1144.0,3.58490566037736,2025-09-27 08:00:30.101000+05:30
device_48,battery_bank,2025-09-27 02:30:28.090000+00:00,28.47,4.81,2.07,False,1058.1999999999998,0.0,2025-09-27 08:00:28.090000+05:30
device_48,battery_bank,2025-09-27 02:30:29.492000+00:00,30.78,5.34,2.15,False,1174.8,1.6476462196861643,2025-09-27 08:00:29.492000+05:30
device_48,battery_bank,2025-09-27 02:30:30.723000+00:00,30.02,4.34,2.17,False,954.8,-0.6173842404549159,2025-09-27 08:00:30.723000+05:30
device_48,battery_bank,2025-09-27 02:30:31.638000+00:00,31.04,5.12,1.86,False,1126.4,1.1147540983606552,2025-09-27 08:00:31.638000+05:30
device_49,battery_bank,2025-09-27 02:30:28.130000+00:00,31.85,4.85,2.05,False,1067.0,0.0,2025-09-27 08:00:28.130000+05:30
device_49,battery_bank,2025-09-27 02:30:29.446000+00:00,30.27,4.17,1.95,False,917.4,-1.2006079027355636,2025-09-27 08:00:29.446000+05:30
device_49,battery_bank,2025-09-27 02:30:31.176000+00:00,29.89,5.19,2.05,False,1141.8000000000002,-0.21965317919075086,2025-09-27 08:00:31.176000+05:30
device_5,pipe,2025-09-27 02:30:28.158000+00:00,28.11,4.0,2.19,True,880.0,0.0,2025-09-27 08:00:28.158000+05:30
device_5,pipe,2025-09-27 02:30:29.983000+00:00,31.41,5.77,1.84,True,1269.3999999999999,1.8082191780821921,2025-09-27 08:00:29.983000+05:30
device_5,pipe,2025-09-27 02:30:31.223000+00:00,30.8,5.86,2.02,True,1289.2,-0.4919354838709673,2025-09-27 08:00:31.223000+05:30
device_50,battery_bank,2025-09-27 02:30:27.505000+00:00,29.08,4.56,2.2,False,1003.1999999999999,0.0,2025-09-27 08:00:27.505000+05:30
device_50,battery_bank,2025-09-27 02:30:28.440000+00:00,29.82,5.63,2.07,False,1238.6,0.7914438502673817,2025-09-27 08:00:28.440000+05:30
device_50,battery_bank,2025-09-27 02:30:28.985000+00:00,29.01,4.22,1.91,False,928.4,-1.4862385321100893,2025-09-27 08:00:28.985000+05:30
device_50,battery_bank,2025-09-27 02:30:30.080000+00:00,29.15,5.93,2.11,False,1304.6,0.12785388127853609,2025-09-27 08:00:30.080000+05:30
device_50,battery_bank,2025-09-27 02:30:31.480000+00:00,31.46,5.48,2.08,False,1205.6000000000001,1.6500000000000017,2025-09-27 08:00:31.480000+05:30
device_6,pipe,2025-09-27 02:30:27.305000+00:00,30.25,5.59,1.93,True,1229.8,0.0,2025-09-27 08:00:27.305000+05:30
device_6,pipe,2025-09-27 02:30:28.136000+00:00,30.88,5.1,2.11,True,1122.0,0.7581227436823093,2025-09-27 08:00:28.136000+05:30
device_6,pipe,2025-09-27 02:30:29.583000+00:00,28.6,5.49,1.96,True,1207.8,-1.5756738078783672,2025-09-27 08:00:29.583000+05:30
device_6,pipe,2025-09-27 02:30:30.881000+00:00,30.65,5.57,1.97,True,1225.4,1.5793528505392889,2025-09-27 08:00:30.881000+05:30
device_6,pipe,2025-09-27 02:30:31.651000+00:00,28.1,4.59,1.92,True,1009.8,-3.311688311688308,2025-09-27 08:00:31.651000+05:30
device_7,pipe,2025-09-27 02:30:26.921000+00:00,28.29,4.24,2.07,True,932.8000000000001,0.0,2025-09-27 08:00:26.921000+05:30
device_7,pipe,2025-09-27 02:30:27.597000+00:00,29.92,5.4,1.85,True,1188.0,2.4112426035502996,2025-09-27 08:00:27.597000+05:30
device_7,pipe,2025-09-27 02:30:28.876000+00:00,31.62,4.74,1.99,True,1042.8,1.329163408913213,2025-09-27 08:00:28.876000+05:30
device_7,pipe,2025-09-27 02:30:30.653000+00:00,30.97,4.64,2.07,True,1020.8,-0.3657850309510423,2025-09-27 08:00:30.653000+05:30
device_8,pipe,2025-09-27 02:30:27.231000+00:00,29.38,5.57,2.17,True,1225.4,0.0,2025-09-27 08:00:27.231000+05:30
device_8,pipe,2025-09-27 02:30:28.714000+00:00,31.49,4.82,2.1,True,1060.4,1.4227916385704649,2025-09-27 08:00:28.714000+05:30
device_8,pipe,2025-09-27 02:30:29.859000+00:00,29.4,4.79,1.83,True,1053.8,-1.8253275109170304,2025-09-27 08:00:29.859000+05:30
device_8,pipe,2025-09-27 02:30:31.474000+00:00,28.16,4.0,2.09,True,880.0,-0.7678018575851383,2025-09-27 08:00:31.474000+05:30
device_9,pipe,2025-09-27 02:30:27.226000+00:00,28.86,4.54,2.18,True,998.8,0.0,2025-09-27 08:00:27.226000+05:30
device_9,pipe,2025-09-27 02:30:29.031000+00:00,30.33,5.35,2.01,True,1177.0,0.8144044321329634,2025-09-27 08:00:29.031000+05:30
device_9,pipe,2025-09-27 02:30:30.469000+00:00,29.45,5.76,2.09,True,1267.2,-0.6119610570236432,2025-09-27 08:00:30.469000+05:30
device_9,pipe,2025-09-27 02:30:31.315000+00:00,29.43,5.11,1.89,True,1124.2,-0.023640661938533775,2025-09-27 08:00:31.315000+05:30
device_1,pipe,2025-09-27 02:30:02.378000+00:00,30.16,5.61,2.04,True,1234.2,0.0,2025-09-27 08:00:02.378000+05:30
device_1,pipe,2025-09-27 02:30:03.559000+00:00,28.71,5.37,1.97,True,1181.4,-1.2277730736663837,2025-09-27 08:00:03.559000+05:30
device_1,pipe,2025-09-27 02:30:04.785000+00:00,30.45,4.33,2.14,True,952.6,1.4192495921696562,2025-09-27 08:00:04.785000+05:30
device_1,pipe,2025-09-27 02:30:06.077000+00:00,28.8,4.36,2.06,True,959.2,-1.2770897832817325,2025-09-27 08:00:06.077000+05:30
device_1,pipe,2025-09-27 02:30:06.601000+00:00,31.65,5.73,2.03,True,1260.6000000000001,5.438931297709919,2025-09-27 08:00:06.601000+05:30
device_1,pipe,2025-09-27 02:30:07.637000+00:00,29.79,4.08,1.81,True,897.6,-1.7953667953667947,2025-09-27 08:00:07.637000+05:30
device_1,pipe,2025-09-27 02:30:08.444000+00:00,31.74,5.41,1.85,True,1190.2,2.416356877323419,2025-09-27 08:00:08.444000+05:30
device_1,pipe,2025-09-27 02:30:08.987000+00:00,29.66,4.86,1.87,True,1069.2,-3.8305709023941032,2025-09-27 08:00:08.987000+05:30
device_1,pipe,2025-09-27 02:30:09.639000+00:00,28.2,4.0,1.96,True,880.0,-2.239263803680983,2025-09-27 08:00:09.639000+05:30
device_1,pipe,2025-09-27 02:30:11.199000+00:00,29.09,4.0,1.89,True,880.0,0.5705128205128208,2025-09-27 08:00:11.199000+05:30
device_1,pipe,2025-09-27 02:30:11.817000+00:00,29.61,4.09,1.81,True,899.8,0.841423948220064,2025-09-27 08:00:11.817000+05:30
device_1,pipe,2025-09-27 02:30:12.550000+00:00,29.64,5.25,1.98,True,1155.0,0.04092769440654998,2025-09-27 08:00:12.550000+05:30
device_1,pipe,2025-09-27 02:30:13.396000+00:00,31.61,4.64,2.12,True,1020.8,2.328605200945625,2025-09-27 08:00:13.396000+05:30
device_1,pipe,2025-09-27 02:30:15.227000+00:00,31.81,4.65,1.81,True,1023.0000000000001,0.10922992900054576,2025-09-27 08:00:15.227000+05:30
device_1,pipe,2025-09-27 02:30:15.840000+00:00,29.86,4.49,1.83,True,987.8000000000001,-3.1810766721044033,2025-09-27 08:00:15.840000+05:30
device_1,pipe,2025-09-27 02:30:17.569000+00:00,28.12,5.18,2.06,True,1139.6,-1.006362058993637,2025-09-27 08:00:17.569000+05:30
device_1,pipe,2025-09-27 02:30:18.137000+00:00,31.13,5.54,2.09,True,1218.8,5.299295774647884,2025-09-27 08:00:18.137000+05:30
device_1,pipe,2025-09-27 02:30:19.268000+00:00,28.55,4.35,1.87,True,956.9999999999999,-2.2811671087533143,2025-09-27 08:00:19.268000+05:30
device_1,pipe,2025-09-27 02:30:21.199000+00:00,29.91,5.39,2.13,True,1185.8,0.7042982910409111,2025-09-27 08:00:21.199000+05:30
device_1,pipe,2025-09-27 02:30:22.802000+00:00,28.74,5.28,1.95,True,1161.6000000000001,-0.7298814722395519,2025-09-27 08:00:22.802000+05:30
device_1,pipe,2025-09-27 02:30:24.109000+00:00,31.9,4.46,2.17,True,981.2,2.417750573833206,2025-09-27 08:00:24.109000+05:30
device_1,pipe,2025-09-27 02:30:25.250000+00:00,31.64,5.27,1.98,True,1159.3999999999999,-0.22787028921998073,2025-09-27 08:00:25.250000+05:30
device_1,pipe,2025-09-27 02:30:26.153000+00:00,29.69,5.0,1.82,True,1100.0,-2.1594684385382052,2025-09-27 08:00:26.153000+05:30
device_1,pipe,2025-09-27 02:30:26.787000+00:00,28.65,4.75,2.08,True,1045.0,-1.6403785488959033,2025-09-27 08:00:26.787000+05:30
device_1,pipe,2025-09-27 02:30:27.878000+00:00,28.3,4.79,2.1,True,1053.8,-0.32080659945004386,2025-09-27 08:00:27.878000+05:30
device_1,pipe,2025-09-27 02:30:28.664000+00:00,28.85,4.55,1.91,True,1001.0,0.6997455470737922,2025-09-27 08:00:28.664000+05:30
device_1,pipe,2025-09-27 02:30:30.650000+00:00,30.73,4.81,2.03,True,1058.1999999999998,0.9466263846928494,2025-09-27 08:00:30.650000+05:30
device_1,pipe,2025-09-27 02:30:32.272000+00:00,31.27,4.22,1.93,True,928.4,0.3329223181257701,2025-09-27 08:00:32.272000+05:30
device_1,pipe,2025-09-27 02:30:33.484000+00:00,28.41,5.51,2.14,True,1212.2,-2.3597359735973593,2025-09-27 08:00:33.484000+05:30
device_1,pipe,2025-09-27 02:30:34.937000+00:00,31.3,4.79,1.99,True,1053.8,1.9889883000688233,2025-09-27 08:00:34.937000+05:30
device_1,pipe,2025-09-27 02:30:36.007000+00:00,28.42,5.95,1.96,True,1309.0,-2.691588785046728,2025-09-27 08:00:36.007000+05:30
device_10,pipe,2025-09-27 02:30:01.873000+00:00,28.04,4.95,1.9,True,1089.0,0.0,2025-09-27 08:00:01.873000+05:30
device_10,pipe,2025-09-27 02:30:03.794000+00:00,28.25,4.19,1.9,True,921.8000000000001,0.10931806350858972,2025-09-27 08:00:03.794000+05:30
device_10,pipe,2025-09-27 02:30:05.343000+00:00,28.48,4.23,1.82,True,930.6000000000001,0.148482892188509,2025-09-27 08:00:05.343000+05:30
device_10,pipe,2025-09-27 02:30:06.680000+00:00,31.6,4.31,1.81,True,948.1999999999999,2.333582647718774,2025-09-27 08:00:06.680000+05:30
device_10,pipe,2025-09-27 02:30:08.382000+00:00,30.73,4.46,1.99,True,981.2,-0.5111633372502944,2025-09-27 08:00:08.382000+05:30
device_10,pipe,2025-09-27 02:30:10.098000+00:00,29.85,5.65,1.95,True,1243.0,-0.5128205128205122,2025-09-27 08:00:10.098000+05:30
device_10,pipe,2025-09-27 02:30:11.843000+00:00,31.47,4.75,2.14,True,1045.0,0.9283667621776489,2025-09-27 08:00:11.843000+05:30
device_10,pipe,2025-09-27 02:30:13.738000+00:00,29.62,5.36,1.88,True,1179.2,-0.9762532981530332,2025-09-27 08:00:13.738000+05:30
device_10,pipe,2025-09-27 02:30:14.530000+00:00,28.64,4.89,1.94,True,1075.8,-1.237373737373738,2025-09-27 08:00:14.530000+05:30
device_10,pipe,2025-09-27 02:30:15.260000+00:00,31.55,4.45,2.07,True,979.0,3.986301369863014,2025-09-27 08:00:15.260000+05:30
device_10,pipe,2025-09-27 02:30:16.293000+00:00,28.68,4.26,1.82,True,937.1999999999999,-2.778315585672799,2025-09-27 08:00:16.293000+05:30
device_10,pipe,2025-09-27 02:30:17.873000+00:00,28.97,4.28,2.15,True,941.6,0.1835443037974678,2025-09-27 08:00:17.873000+05:30
device_10,pipe,2025-09-27 02:30:19.278000+00:00,31.45,5.97,1.91,True,1313.3999999999999,1.7651245551601427,2025-09-27 08:00:19.278000+05:30
device_10,pipe,2025-09-27 02:30:21.029000+00:00,30.28,5.67,2.02,True,1247.4,-0.6681896059394622,2025-09-27 08:00:21.029000+05:30
device_10,pipe,2025-09-27 02:30:22.087000+00:00,29.0,4.8,1.96,True,1056.0,-1.2098298676748593,2025-09-27 08:00:22.087000+05:30
device_10,pipe,2025-09-27 02:30:24.081000+00:00,29.62,5.69,2.02,True,1251.8000000000002,0.31093279839518606,2025-09-27 08:00:24.081000+05:30
device_10,pipe,2025-09-27 02:30:26.001000+00:00,29.17,4.53,2.04,True,996.6,-0.23437499999999964,2025-09-27 08:00:26.001000+05:30
device_10,pipe,2025-09-27 02:30:26.735000+00:00,29.85,5.56,1.82,True,1223.1999999999998,0.9264305177111712,2025-09-27 08:00:26.735000+05:30
device_10,pipe,2025-09-27 02:30:27.721000+00:00,29.39,5.15,2.17,True,1133.0,-0.46653144016227266,2025-09-27 08:00:27.721000+05:30
device_10,pipe,2025-09-27 02:30:28.398000+00:00,29.05,5.83,1.84,True,1282.6,-0.5022156573116688,2025-09-27 08:00:28.398000+05:30
device_10,pipe,2025-09-27 02:30:28.969000+00:00,28.14,4.54,2.16,True,998.8,-1.5936952714535906,2025-09-27 08:00:28.969000+05:30
device_10,pipe,2025-09-27 02:30:30.342000+00:00,31.49,5.77,2.18,True,1269.3999999999999,2.439912600145665,2025-09-27 08:00:30.342000+05:30
device_10,pipe,2025-09-27 02:30:32.030000+00:00,31.77,5.81,2.04,True,1278.1999999999998,0.16587677725118552,2025-09-27 08:00:32.030000+05:30
device_10,pipe,2025-09-27 02:30:33.505000+00:00,28.07,4.55,1.85,True,1001.0,-2.508474576271186,2025-09-27 08:00:33.505000+05:30
device_10,pipe,2025-09-27 02:30:34.350000+00:00,28.99,5.4,2.03,True,1188.0,1.088757396449702,2025-09-27 08:00:34.350000+05:30
device_10,pipe,2025-09-27 02:30:36.244000+00:00,30.45,4.41,1.91,True,970.2,0.7708553326293563,2025-09-27 08:00:36.244000+05:30
device_11,container,2025-09-27 02:30:01.692000+00:00,29.35,4.11,1.94,False,904.2,0.0,2025-09-27 08:00:01.692000+05:30
device_11,container,2025-09-27 02:30:02.316000+00:00,28.59,4.0,2.01,False,880.0,-1.2179487179487205,2025-09-27 08:00:02.316000+05:30
device_11,container,2025-09-27 02:30:04.179000+00:00,31.69,4.02,2.04,False,884.3999999999999,1.663982823403114,2025-09-27 08:00:04.179000+05:30
device_11,container,2025-09-27 02:30:04.777000+00:00,30.45,5.33,2.14,False,1172.6,-2.0735785953177293,2025-09-27 08:00:04.777000+05:30
device_11,container,2025-09-27 02:30:06.682000+00:00,29.91,5.67,1.98,False,1247.4,-0.2834645669291334,2025-09-27 08:00:06.682000+05:30
device_11,container,2025-09-27 02:30:08.026000+00:00,30.55,4.62,2.1,False,1016.4,0.4761904761904766,2025-09-27 08:00:08.026000+05:30
device_11,container,2025-09-27 02:30:08.804000+00:00,31.7,4.68,2.09,False,1029.6,1.4781491002570675,2025-09-27 08:00:08.804000+05:30
device_11,container,2025-09-27 02:30:09.704000+00:00,29.14,4.12,2.17,False,906.4,-2.8444444444444428,2025-09-27 08:00:09.704000+05:30
device_11,container,2025-09-27 02:30:10.357000+00:00,29.79,5.38,2.06,False,1183.6,0.9954058192955567,2025-09-27 08:00:10.357000+05:30
device_11,container,2025-09-27 02:30:11.138000+00:00,29.21,5.47,1.95,False,1203.3999999999999,-0.7426376440460926,2025-09-27 08:00:11.138000+05:30
device_11,container,2025-09-27 02:30:11.963000+00:00,29.67,4.73,1.87,False,1040.6000000000001,0.5575757575757586,2025-09-27 08:00:11.963000+05:30
device_11,container,2025-09-27 02:30:13.221000+00:00,31.16,4.4,2.04,False,968.0000000000001,1.1844197138314774,2025-09-27 08:00:13.221000+05:30
device_11,container,2025-09-27 02:30:15.105000+00:00,28.54,4.07,2.14,False,895.4000000000001,-1.3906581740976651,2025-09-27 08:00:15.105000+05:30
device_11,container,2025-09-27 02:30:15.942000+00:00,29.74,5.19,2.0,False,1141.8000000000002,1.4336917562724008,2025-09-27 08:00:15.942000+05:30
device_11,container,2025-09-27 02:30:17.652000+00:00,29.19,5.87,2.13,False,1291.4,-0.32163742690058317,2025-09-27 08:00:17.652000+05:30
device_11,container,2025-09-27 02:30:19.606000+00:00,28.24,4.87,1.8,False,1071.4,-0.4861821903787118,2025-09-27 08:00:19.606000+05:30
device_11,container,2025-09-27 02:30:21.133000+00:00,28.58,5.98,2.1,False,1315.6000000000001,0.22265880812049763,2025-09-27 08:00:21.133000+05:30
device_11,container,2025-09-27 02:30:22.805000+00:00,28.99,5.66,1.9,False,1245.2,0.24521531100478478,2025-09-27 08:00:22.805000+05:30
device_11,container,2025-09-27 02:30:24.124000+00:00,28.82,4.31,2.05,False,948.1999999999999,-0.1288855193328265,2025-09-27 08:00:24.124000+05:30
device_11,container,2025-09-27 02:30:25.700000+00:00,31.31,4.42,2.18,False,972.4,1.579949238578679,2025-09-27 08:00:25.700000+05:30
device_11,container,2025-09-27 02:30:27.489000+00:00,28.16,5.35,2.18,False,1177.0,-1.7607602012297365,2025-09-27 08:00:27.489000+05:30
device_11,container,2025-09-27 02:30:28.432000+00:00,30.25,4.56,2.14,False,1003.1999999999999,2.2163308589607635,2025-09-27 08:00:28.432000+05:30
device_11,container,2025-09-27 02:30:29.517000+00:00,29.16,4.27,2.15,False,939.3999999999999,-1.0046082949308754,2025-09-27 08:00:29.517000+05:30
device_11,container,2025-09-27 02:30:30.205000+00:00,28.11,4.77,1.83,False,1049.3999999999999,-1.5261627906976756,2025-09-27 08:00:30.205000+05:30
device_11,container,2025-09-27 02:30:31.075000+00:00,28.14,5.68,2.01,False,1249.6,0.03448275862069096,2025-09-27 08:00:31.075000+05:30
device_11,container,2025-09-27 02:30:33.063000+00:00,29.5,5.63,1.83,False,1238.6,0.6841046277665993,2025-09-27 08:00:33.063000+05:30
device_11,container,2025-09-27 02:30:33.994000+00:00,30.92,4.65,2.1,False,1023.0000000000001,1.5252416756176173,2025-09-27 08:00:33.994000+05:30
device_11,container,2025-09-27 02:30:35.713000+00:00,31.15,4.02,2.1,False,884.3999999999999,0.1337987201861529,2025-09-27 08:00:35.713000+05:30
device_12,container,2025-09-27 02:30:01.980000+00:00,31.37,4.67,2.11,False,1027.4,0.0,2025-09-27 08:00:01.980000+05:30
device_12,container,2025-09-27 02:30:02.512000+00:00,29.18,5.66,1.98,False,1245.2,-4.116541353383461,2025-09-27 08:00:02.512000+05:30
device_12,container,2025-09-27 02:30:04.282000+00:00,28.04,5.94,2.08,False,1306.8000000000002,-0.6440677966101698,2025-09-27 08:00:04.282000+05:30
device_12,container,2025-09-27 02:30:05.328000+00:00,29.16,5.38,1.87,False,1183.6,1.0707456978967504,2025-09-27 08:00:05.328000+05:30
device_12,container,2025-09-27 02:30:06.140000+00:00,31.06,4.48,1.87,False,985.6000000000001,2.3399014778325102,2025-09-27 08:00:06.140000+05:30
device_12,container,2025-09-27 02:30:07.207000+00:00,31.39,4.39,2.19,False,965.8,0.30927835051546565,2025-09-27 08:00:07.207000+05:30
device_12,container,2025-09-27 02:30:09.187000+00:00,29.65,4.9,2.15,False,1078.0,-0.8787878787878798,2025-09-27 08:00:09.187000+05:30
device_12,container,2025-09-27 02:30:09.769000+00:00,31.33,4.05,1.88,False,891.0,2.8865979381443294,2025-09-27 08:00:09.769000+05:30
device_12,container,2025-09-27 02:30:11.339000+00:00,30.18,4.5,2.2,False,990.0,-0.7324840764331201,2025-09-27 08:00:11.339000+05:30
device_12,container,2025-09-27 02:30:12.391000+00:00,31.11,4.7,2.04,False,1034.0,0.8840304182509503,2025-09-27 08:00:12.391000+05:30
device_12,container,2025-09-27 02:30:13.043000+00:00,30.02,5.65,2.09,False,1243.0,-1.6717791411042942,2025-09-27 08:00:13.043000+05:30
device_12,container,2025-09-27 02:30:14.108000+00:00,31.89,4.48,1.83,False,985.6000000000001,1.7558685446009399,2025-09-27 08:00:14.108000+05:30
device_12,container,2025-09-27 02:30:14.815000+00:00,31.07,5.65,2.12,False,1243.0,-1.1598302687411604,2025-09-27 08:00:14.815000+05:30
device_12,container,2025-09-27 02:30:15.434000+00:00,29.27,5.21,1.91,False,1146.2,-2.9079159935379657,2025-09-27 08:00:15.434000+05:30
device_12,container,2025-09-27 02:30:15.989000+00:00,29.48,5.65,1.94,False,1243.0,0.3783783783783799,2025-09-27 08:00:15.989000+05:30
device_12,container,2025-09-27 02:30:17.514000+00:00,28.62,5.94,2.01,False,1306.8000000000002,-0.5639344262295078,2025-09-27 08:00:17.514000+05:30
device_12,container,2025-09-27 02:30:19.218000+00:00,31.02,5.43,2.17,False,1194.6,1.4084507042253513,2025-09-27 08:00:19.218000+05:30
device_12,container,2025-09-27 02:30:20.673000+00:00,30.69,5.71,1.83,False,1256.2,-0.226804123711339,2025-09-27 08:00:20.673000+05:30
device_12,container,2025-09-27 02:30:22.285000+00:00,30.24,5.72,1.98,False,1258.3999999999999,-0.27915632754342606,2025-09-27 08:00:22.285000+05:30
device_12,container,2025-09-27 02:30:22.896000+00:00,31.3,5.37,2.17,False,1181.4,1.7348608837970578,2025-09-27 08:00:22.896000+05:30
device_12,container,2025-09-27 02:30:23.587000+00:00,31.05,5.69,1.84,False,1251.8000000000002,-0.36179450072358904,2025-09-27 08:00:23.587000+05:30
device_12,container,2025-09-27 02:30:24.530000+00:00,30.64,5.93,1.86,False,1304.6,-0.43478260869565233,2025-09-27 08:00:24.530000+05:30
device_12,container,2025-09-27 02:30:25.111000+00:00,30.87,5.43,1.82,False,1194.6,0.3958691910499147,2025-09-27 08:00:25.111000+05:30
device_12,container,2025-09-27 02:30:26.428000+00:00,28.13,5.53,1.94,False,1216.6000000000001,-2.080485952923312,2025-09-27 08:00:26.428000+05:30
device_12,container,2025-09-27 02:30:27.825000+00:00,31.61,4.89,1.99,False,1075.8,2.4910522548317826,2025-09-27 08:00:27.825000+05:30
device_12,container,2025-09-27 02:30:29.415000+00:00,30.73,5.57,2.13,False,1225.4,-0.5534591194968547,2025-09-27 08:00:29.415000+05:30
device_12,container,2025-09-27 02:30:30.122000+00:00,28.07,5.64,2.04,False,1240.8,-3.7623762376237626,2025-09-27 08:00:30.122000+05:30
device_12,container,2025-09-27 02:30:32.086000+00:00,31.07,5.25,2.13,False,1155.0,1.5274949083503055,2025-09-27 08:00:32.086000+05:30
device_12,container,2025-09-27 02:30:33.723000+00:00,29.46,5.97,1.9,False,1313.3999999999999,-0.983506414172266,2025-09-27 08:00:33.723000+05:30
device_12,container,2025-09-27 02:30:35.076000+00:00,29.83,4.21,2.03,False,926.2,0.2734663710273447,2025-09-27 08:00:35.076000+05:30
device_12,container,2025-09-27 02:30:36.669000+00:00,28.68,4.21,1.95,False,926.2,-0.7219083490269922,2025-09-27 08:00:36.669000+05:30
device_13,container,2025-09-27 02:30:02.324000+00:00,28.73,5.43,2.09,False,1194.6,0.0,2025-09-27 08:00:02.324000+05:30
device_13,container,2025-09-27 02:30:03.853000+00:00,30.66,4.54,2.09,False,998.8,1.262262916939176,2025-09-27 08:00:03.853000+05:30
device_13,container,2025-09-27 02:30:05.082000+00:00,28.48,5.68,2.05,False,1249.6,-1.7737998372660697,2025-09-27 08:00:05.082000+05:30
device_13,container,2025-09-27 02:30:06.142000+00:00,29.71,4.13,2.05,False,908.6,1.1603773584905663,2025-09-27 08:00:06.142000+05:30
device_13,container,2025-09-27 02:30:07.053000+00:00,29.56,4.33,2.15,False,952.6,-0.16465422612513955,2025-09-27 08:00:07.053000+05:30
device_13,container,2025-09-27 02:30:07.847000+00:00,29.68,5.9,1.82,False,1298.0,0.15113350125944708,2025-09-27 08:00:07.847000+05:30
device_13,container,2025-09-27 02:30:08.390000+00:00,31.46,5.71,2.04,False,1256.2,3.278084714548805,2025-09-27 08:00:08.390000+05:30
device_13,container,2025-09-27 02:30:09.870000+00:00,28.42,4.82,2.09,False,1060.4,-2.0540540540540535,2025-09-27 08:00:09.870000+05:30
device_13,container,2025-09-27 02:30:10.750000+00:00,29.85,5.64,1.84,False,1240.8,1.6249999999999998,2025-09-27 08:00:10.750000+05:30
device_13,container,2025-09-27 02:30:11.934000+00:00,29.0,5.81,2.2,False,1278.1999999999998,-0.7179054054054066,2025-09-27 08:00:11.934000+05:30
device_13,container,2025-09-27 02:30:13.188000+00:00,28.26,4.4,2.08,False,968.0000000000001,-0.5901116427432205,2025-09-27 08:00:13.188000+05:30
device_13,container,2025-09-27 02:30:13.814000+00:00,31.24,5.9,2.2,False,1298.0,4.760383386581465,2025-09-27 08:00:13.814000+05:30
device_13,container,2025-09-27 02:30:15.150000+00:00,30.79,4.76,2.18,False,1047.2,-0.3368263473053887,2025-09-27 08:00:15.150000+05:30
device_13,container,2025-09-27 02:30:15.740000+00:00,31.1,4.8,1.95,False,1056.0,0.5254237288135633,2025-09-27 08:00:15.740000+05:30
device_13,container,2025-09-27 02:30:16.394000+00:00,30.13,4.71,1.97,False,1036.2,-1.4831804281345602,2025-09-27 08:00:16.394000+05:30
device_13,container,2025-09-27 02:30:17.605000+00:00,29.3,4.03,1.86,False,886.6,-0.6853839801816666,2025-09-27 08:00:17.605000+05:30
device_13,container,2025-09-27 02:30:19.169000+00:00,31.14,4.58,2.16,False,1007.6,1.176470588235294,2025-09-27 08:00:19.169000+05:30
device_13,container,2025-09-27 02:30:20.328000+00:00,29.13,5.7,2.01,False,1254.0,-1.7342536669542723,2025-09-27 08:00:20.328000+05:30
device_13,container,2025-09-27 02:30:21.666000+00:00,31.46,5.27,2.19,False,1159.3999999999999,1.7414050822122584,2025-09-27 08:00:21.666000+05:30
device_13,container,2025-09-27 02:30:23.674000+00:00,31.16,5.18,1.88,False,1139.6,-0.14940239043824738,2025-09-27 08:00:23.674000+05:30
device_13,container,2025-09-27 02:30:25.254000+00:00,31.34,4.63,2.18,False,1018.6,0.11392405063291121,2025-09-27 08:00:25.254000+05:30
device_13,container,2025-09-27 02:30:25.789000+00:00,30.09,5.8,1.95,False,1276.0,-2.336448598130841,2025-09-27 08:00:25.789000+05:30
device_13,container,2025-09-27 02:30:27.543000+00:00,31.43,4.54,2.05,False,998.8,0.7639680729760546,2025-09-27 08:00:27.543000+05:30
device_13,container,2025-09-27 02:30:29.496000+00:00,31.89,4.41,1.96,False,970.2,0.2355350742447521,2025-09-27 08:00:29.496000+05:30
device_13,container,2025-09-27 02:30:30.860000+00:00,29.03,5.23,1.93,False,1150.6000000000001,-2.0967741935483866,2025-09-27 08:00:30.860000+05:30
device_13,container,2025-09-27 02:30:31.871000+00:00,31.53,4.58,2.15,False,1007.6,2.4727992087042536,2025-09-27 08:00:31.871000+05:30
device_13,container,2025-09-27 02:30:32.940000+00:00,30.78,5.72,1.86,False,1258.3999999999999,-0.7015902712815716,2025-09-27 08:00:32.940000+05:30
device_13,container,2025-09-27 02:30:34+00:00,30.41,4.44,1.89,False,976.8000000000001,-0.3490566037735858,2025-09-27 08:00:34+05:30
device_13,container,2025-09-27 02:30:34.845000+00:00,30.64,5.88,1.86,False,1293.6,0.27218934911242654,2025-09-27 08:00:34.845000+05:30
device_13,container,2025-09-27 02:30:36.382000+00:00,30.79,5.35,2.12,False,1177.0,0.09759271307742264,2025-09-27 08:00:36.382000+05:30
device_13,container,2025-09-27 02:30:36.954000+00:00,29.23,4.12,1.85,False,906.4,-2.7272727272727253,2025-09-27 08:00:36.954000+05:30
device_14,container,2025-09-27 02:30:01.688000+00:00,31.17,4.26,1.98,False,937.1999999999999,0.0,2025-09-27 08:00:01.688000+05:30
device_14,container,2025-09-27 02:30:02.306000+00:00,29.31,4.03,2.1,False,886.6,-3.0097087378640826,2025-09-27 08:00:02.306000+05:30
device_14,container,2025-09-27 02:30:03.155000+00:00,28.87,4.44,2.16,False,976.8000000000001,-0.5182567726737312,2025-09-27 08:00:03.155000+05:30
device_14,container,2025-09-27 02:30:04.224000+00:00,31.09,4.8,2.0,False,1056.0,2.076707202993451,2025-09-27 08:00:04.224000+05:30
device_14,container,2025-09-27 02:30:05.332000+00:00,30.25,5.98,2.14,False,1315.6000000000001,-0.7581227436823103,2025-09-27 08:00:05.332000+05:30
device_14,container,2025-09-27 02:30:05.964000+00:00,30.38,4.26,2.16,False,937.1999999999999,0.205696202531644,2025-09-27 08:00:05.964000+05:30
device_14,container,2025-09-27 02:30:07.222000+00:00,29.49,4.04,1.86,False,888.8,-0.7074721780604138,2025-09-27 08:00:07.222000+05:30
device_14,container,2025-09-27 02:30:09.199000+00:00,28.68,4.05,1.96,False,891.0,-0.4097116843702573,2025-09-27 08:00:09.199000+05:30
device_14,container,2025-09-27 02:30:10.121000+00:00,29.59,4.22,2.0,False,928.4,0.9869848156182214,2025-09-27 08:00:10.121000+05:30
device_14,container,2025-09-27 02:30:10.746000+00:00,30.45,4.27,1.82,False,939.3999999999999,1.375999999999999,2025-09-27 08:00:10.746000+05:30
device_14,container,2025-09-27 02:30:11.956000+00:00,29.78,4.17,2.14,False,917.4,-0.5537190082644613,2025-09-27 08:00:11.956000+05:30
device_14,container,2025-09-27 02:30:13.736000+00:00,31.06,4.03,1.87,False,886.6,0.7191011235955043,2025-09-27 08:00:13.736000+05:30
device_14,container,2025-09-27 02:30:14.596000+00:00,30.69,5.8,1.89,False,1276.0,-0.43023255813953193,2025-09-27 08:00:14.596000+05:30
device_14,container,2025-09-27 02:30:15.894000+00:00,28.58,5.78,2.19,False,1271.6000000000001,-1.6255778120184923,2025-09-27 08:00:15.894000+05:30
device_14,container,2025-09-27 02:30:17.223000+00:00,30.01,4.78,2.04,False,1051.6000000000001,1.0759969902182116,2025-09-27 08:00:17.223000+05:30
device_14,container,2025-09-27 02:30:19.073000+00:00,30.01,4.97,2.18,False,1093.3999999999999,0.0,2025-09-27 08:00:19.073000+05:30
device_14,container,2025-09-27 02:30:20.910000+00:00,29.82,5.62,1.83,False,1236.4,-0.10342950462711012,2025-09-27 08:00:20.910000+05:30
device_14,container,2025-09-27 02:30:22.724000+00:00,31.29,5.83,2.15,False,1282.6,0.8103638368246961,2025-09-27 08:00:22.724000+05:30
device_14,container,2025-09-27 02:30:23.783000+00:00,28.29,4.83,1.9,False,1062.6,-2.8328611898017,2025-09-27 08:00:23.783000+05:30
device_14,container,2025-09-27 02:30:25.781000+00:00,28.58,4.4,1.88,False,968.0000000000001,0.1451451451451447,2025-09-27 08:00:25.781000+05:30
device_14,container,2025-09-27 02:30:27.494000+00:00,28.36,5.76,2.14,False,1267.2,-0.12842965557501393,2025-09-27 08:00:27.494000+05:30
device_14,container,2025-09-27 02:30:28.338000+00:00,29.35,4.82,1.93,False,1060.4,1.1729857819905236,2025-09-27 08:00:28.338000+05:30
device_14,container,2025-09-27 02:30:30.134000+00:00,30.73,4.24,2.09,False,932.8000000000001,0.7683741648106899,2025-09-27 08:00:30.134000+05:30
device_14,container,2025-09-27 02:30:31.623000+00:00,30.24,4.05,1.94,False,891.0,-0.32907991940900067,2025-09-27 08:00:31.623000+05:30
device_14,container,2025-09-27 02:30:32.664000+00:00,28.16,5.76,1.83,False,1267.2,-1.998078770413063,2025-09-27 08:00:32.664000+05:30
device_14,container,2025-09-27 02:30:34.311000+00:00,29.39,4.5,1.94,False,990.0,0.7468123861566487,2025-09-27 08:00:34.311000+05:30
device_14,container,2025-09-27 02:30:35.625000+00:00,30.28,5.82,1.98,False,1280.4,0.6773211567732119,2025-09-27 08:00:35.625000+05:30
device_14,container,2025-09-27 02:30:36.616000+00:00,28.86,5.69,2.11,False,1251.8000000000002,-1.4328960645812328,2025-09-27 08:00:36.616000+05:30
device_15,container,2025-09-27 02:30:01.490000+00:00,28.25,4.15,1.85,False,913.0000000000001,0.0,2025-09-27 08:00:01.490000+05:30
device_15,container,2025-09-27 02:30:02.209000+00:00,31.14,4.62,1.91,False,1016.4,4.019471488178026,2025-09-27 08:00:02.209000+05:30
device_15,container,2025-09-27 02:30:03.776000+00:00,30.99,4.59,2.13,False,1009.8,-0.09572431397575121,2025-09-27 08:00:03.776000+05:30
device_15,container,2025-09-27 02:30:04.476000+00:00,28.09,5.77,1.92,False,1269.3999999999999,-4.1428571428571415,2025-09-27 08:00:04.476000+05:30
device_15,container,2025-09-27 02:30:05.127000+00:00,31.25,5.6,1.88,False,1232.0,4.854070660522273,2025-09-27 08:00:05.127000+05:30
device_15,container,2025-09-27 02:30:05.638000+00:00,30.18,5.67,1.85,False,1247.4,-2.093933463796478,2025-09-27 08:00:05.638000+05:30
device_15,container,2025-09-27 02:30:06.322000+00:00,31.95,4.75,1.93,False,1045.0,2.5877192982456134,2025-09-27 08:00:06.322000+05:30
device_15,container,2025-09-27 02:30:07.039000+00:00,30.56,4.35,2.07,False,956.9999999999999,-1.9386331938633203,2025-09-27 08:00:07.039000+05:30
device_15,container,2025-09-27 02:30:08.309000+00:00,30.03,5.99,2.1,False,1317.8,-0.4173228346456674,2025-09-27 08:00:08.309000+05:30
device_15,container,2025-09-27 02:30:09.181000+00:00,30.75,4.75,2.06,False,1045.0,0.8256880733944941,2025-09-27 08:00:09.181000+05:30
device_15,container,2025-09-27 02:30:10.721000+00:00,31.31,4.78,2.1,False,1051.6000000000001,0.3636363636363628,2025-09-27 08:00:10.721000+05:30
device_15,container,2025-09-27 02:30:12.414000+00:00,31.67,5.99,1.88,False,1317.8,0.21264028352037978,2025-09-27 08:00:12.414000+05:30
device_15,container,2025-09-27 02:30:13.574000+00:00,31.03,5.95,2.07,False,1309.0,-0.551724137931035,2025-09-27 08:00:13.574000+05:30
device_15,container,2025-09-27 02:30:15.072000+00:00,31.95,4.77,1.81,False,1049.3999999999999,0.6141522029372485,2025-09-27 08:00:15.072000+05:30
device_15,container,2025-09-27 02:30:16.658000+00:00,29.99,4.59,2.03,False,1009.8,-1.2358133669609084,2025-09-27 08:00:16.658000+05:30
device_15,container,2025-09-27 02:30:17.405000+00:00,31.05,5.57,1.95,False,1225.4,1.4190093708166027,2025-09-27 08:00:17.405000+05:30
device_15,container,2025-09-27 02:30:18.932000+00:00,29.86,5.56,2.1,False,1223.1999999999998,-0.7793058284217429,2025-09-27 08:00:18.932000+05:30
device_15,container,2025-09-27 02:30:19.490000+00:00,30.28,5.43,1.86,False,1194.6,0.7526881720430137,2025-09-27 08:00:19.490000+05:30
device_15,container,2025-09-27 02:30:20.938000+00:00,30.44,5.9,2.05,False,1298.0,0.11049723756906088,2025-09-27 08:00:20.938000+05:30
device_15,container,2025-09-27 02:30:22.900000+00:00,29.36,5.96,1.82,False,1311.2,-0.5504587155963312,2025-09-27 08:00:22.900000+05:30
device_15,container,2025-09-27 02:30:23.651000+00:00,31.95,4.45,2.01,False,979.0,3.448735019973369,2025-09-27 08:00:23.651000+05:30
device_15,container,2025-09-27 02:30:24.884000+00:00,31.05,5.69,2.08,False,1251.8000000000002,-0.7299270072992688,2025-09-27 08:00:24.884000+05:30
device_15,container,2025-09-27 02:30:26.467000+00:00,28.75,5.75,2.05,False,1265.0,-1.4529374605180043,2025-09-27 08:00:26.467000+05:30
device_15,container,2025-09-27 02:30:28.015000+00:00,29.71,4.19,2.02,False,921.8000000000001,0.6201550387596905,2025-09-27 08:00:28.015000+05:30
device_15,container,2025-09-27 02:30:28.553000+00:00,28.34,4.53,2.17,False,996.6,-2.5464684014869907,2025-09-27 08:00:28.553000+05:30
device_15,container,2025-09-27 02:30:29.586000+00:00,30.44,5.52,2.11,False,1214.3999999999999,2.032913843175219,2025-09-27 08:00:29.586000+05:30
device_15,container,2025-09-27 02:30:31.054000+00:00,31.96,5.19,2.0,False,1141.8000000000002,1.0354223433242504,2025-09-27 08:00:31.054000+05:30
device_15,container,2025-09-27 02:30:32.805000+00:00,31.68,4.53,1.84,False,996.6,-0.15990862364363287,2025-09-27 08:00:32.805000+05:30
device_15,container,2025-09-27 02:30:33.492000+00:00,30.82,5.39,1.81,False,1185.8,-1.2518195050946133,2025-09-27 08:00:33.492000+05:30
device_15,container,2025-09-27 02:30:35.433000+00:00,30.48,4.18,1.86,False,919.5999999999999,-0.17516743946419364,2025-09-27 08:00:35.433000+05:30
device_15,container,2025-09-27 02:30:36.068000+00:00,29.66,4.99,1.97,False,1097.8,-1.2913385826771657,2025-09-27 08:00:36.068000+05:30
device_15,container,2025-09-27 02:30:37.021000+00:00,29.02,4.8,2.19,False,1056.0,-0.6715634837355725,2025-09-27 08:00:37.021000+05:30
device_16,container,2025-09-27 02:30:02.149000+00:00,28.07,5.51,2.05,False,1212.2,0.0,2025-09-27 08:00:02.149000+05:30
device_16,container,2025-09-27 02:30:03.297000+00:00,30.65,4.87,1.84,False,1071.4,2.24738675958188,2025-09-27 08:00:03.297000+05:30
device_16,container,2025-09-27 02:30:04.473000+00:00,29.9,4.08,2.11,False,897.6,-0.6377551020408163,2025-09-27 08:00:04.473000+05:30
device_16,container,2025-09-27 02:30:06.199000+00:00,30.6,4.91,1.94,False,1080.2,0.40556199304751034,2025-09-27 08:00:06.199000+05:30
device_16,container,2025-09-27 02:30:07.520000+00:00,28.74,5.37,1.82,False,1181.4,-1.4080242240726746,2025-09-27 08:00:07.520000+05:30
device_16,container,2025-09-27 02:30:09.366000+00:00,29.8,5.13,2.05,False,1128.6,0.5742145178764909,2025-09-27 08:00:09.366000+05:30
device_16,container,2025-09-27 02:30:10.979000+00:00,28.76,4.48,1.81,False,985.6000000000001,-0.6447613143211403,2025-09-27 08:00:10.979000+05:30
device_16,container,2025-09-27 02:30:12.746000+00:00,29.4,5.93,1.83,False,1304.6,0.3621958121109208,2025-09-27 08:00:12.746000+05:30
device_16,container,2025-09-27 02:30:13.642000+00:00,31.2,4.64,2.03,False,1020.8,2.008928571428572,2025-09-27 08:00:13.642000+05:30
device_16,container,2025-09-27 02:30:15.134000+00:00,29.92,4.65,2.15,False,1023.0000000000001,-0.857908847184985,2025-09-27 08:00:15.134000+05:30
device_16,container,2025-09-27 02:30:15.906000+00:00,30.16,4.45,2.13,False,979.0,0.310880829015542,2025-09-27 08:00:15.906000+05:30
device_16,container,2025-09-27 02:30:16.815000+00:00,31.5,4.81,2.14,False,1058.1999999999998,1.474147414741474,2025-09-27 08:00:16.815000+05:30
device_16,container,2025-09-27 02:30:18.045000+00:00,29.07,4.58,2.07,False,1007.6,-1.9756097560975607,2025-09-27 08:00:18.045000+05:30
device_16,container,2025-09-27 02:30:19.829000+00:00,31.74,4.45,2.17,False,979.0,1.4966367713004474,2025-09-27 08:00:19.829000+05:30
device_16,container,2025-09-27 02:30:20.906000+00:00,28.74,5.35,2.16,False,1177.0,-2.785515320334262,2025-09-27 08:00:20.906000+05:30
device_16,container,2025-09-27 02:30:22.138000+00:00,28.6,5.74,1.87,False,1262.8,-0.11363636363636122,2025-09-27 08:00:22.138000+05:30
device_16,container,2025-09-27 02:30:23.579000+00:00,28.37,5.09,2.15,False,1119.8,-0.15961138098542707,2025-09-27 08:00:23.579000+05:30
device_16,container,2025-09-27 02:30:25.346000+00:00,28.85,5.64,2.08,False,1240.8,0.2716468590831921,2025-09-27 08:00:25.346000+05:30
device_16,container,2025-09-27 02:30:27.308000+00:00,30.89,4.83,2.01,False,1062.6,1.0397553516819569,2025-09-27 08:00:27.308000+05:30
device_16,container,2025-09-27 02:30:27.897000+00:00,30.31,4.47,2.03,False,983.4,-0.9847198641765736,2025-09-27 08:00:27.897000+05:30
device_16,container,2025-09-27 02:30:29.430000+00:00,29.54,4.66,2.05,False,1025.2,-0.5022831050228308,2025-09-27 08:00:29.430000+05:30
device_16,container,2025-09-27 02:30:30.466000+00:00,28.12,4.72,2.17,False,1038.3999999999999,-1.3706563706563688,2025-09-27 08:00:30.466000+05:30
device_16,container,2025-09-27 02:30:31.549000+00:00,29.68,4.5,2.18,False,990.0,1.4404432132963978,2025-09-27 08:00:31.549000+05:30
device_16,container,2025-09-27 02:30:32.991000+00:00,31.07,4.79,1.9,False,1053.8,0.963938973647712,2025-09-27 08:00:32.991000+05:30
device_16,container,2025-09-27 02:30:33.899000+00:00,30.18,5.27,1.96,False,1159.3999999999999,-0.9801762114537451,2025-09-27 08:00:33.899000+05:30
device_16,container,2025-09-27 02:30:35.541000+00:00,31.04,5.25,1.95,False,1155.0,0.5237515225334954,2025-09-27 08:00:35.541000+05:30
device_16,container,2025-09-27 02:30:36.846000+00:00,31.68,4.12,1.93,False,906.4,0.4904214559386978,2025-09-27 08:00:36.846000+05:30
device_16,container,2025-09-27 02:30:37.405000+00:00,29.82,5.79,2.02,False,1273.8,-3.327370304114489,2025-09-27 08:00:37.405000+05:30
device_17,container,2025-09-27 02:30:01.985000+00:00,29.41,5.84,1.94,False,1284.8,0.0,2025-09-27 08:00:01.985000+05:30
device_17,container,2025-09-27 02:30:02.536000+00:00,29.41,5.72,1.92,False,1258.3999999999999,0.0,2025-09-27 08:00:02.536000+05:30
device_17,container,2025-09-27 02:30:03.591000+00:00,30.02,5.67,1.86,False,1247.4,0.578199052132701,2025-09-27 08:00:03.591000+05:30
device_17,container,2025-09-27 02:30:04.892000+00:00,28.14,5.1,1.97,False,1122.0,-1.4450422751729433,2025-09-27 08:00:04.892000+05:30
device_17,container,2025-09-27 02:30:06.119000+00:00,28.53,5.01,1.91,False,1102.2,0.3178484107579467,2025-09-27 08:00:06.119000+05:30
device_17,container,2025-09-27 02:30:06.716000+00:00,28.84,4.65,2.2,False,1023.0000000000001,0.5192629815745372,2025-09-27 08:00:06.716000+05:30
device_17,container,2025-09-27 02:30:07.793000+00:00,31.13,4.22,1.84,False,928.4,2.126276694521819,2025-09-27 08:00:07.793000+05:30
device_17,container,2025-09-27 02:30:09.762000+00:00,30.07,4.18,2.12,False,919.5999999999999,-0.5383443372270181,2025-09-27 08:00:09.762000+05:30
device_17,container,2025-09-27 02:30:10.270000+00:00,28.95,5.62,2.12,False,1236.4,-2.2047244094488208,2025-09-27 08:00:10.270000+05:30
device_17,container,2025-09-27 02:30:11.011000+00:00,28.5,5.3,2.01,False,1166.0,-0.6072874493927116,2025-09-27 08:00:11.011000+05:30
device_17,container,2025-09-27 02:30:11.829000+00:00,31.72,5.62,2.16,False,1236.4,3.9364303178484095,2025-09-27 08:00:11.829000+05:30
device_17,container,2025-09-27 02:30:13.024000+00:00,28.92,4.49,1.92,False,987.8000000000001,-2.343096234309621,2025-09-27 08:00:13.024000+05:30
device_17,container,2025-09-27 02:30:14.275000+00:00,28.14,5.68,1.92,False,1249.6,-0.6235011990407684,2025-09-27 08:00:14.275000+05:30
device_17,container,2025-09-27 02:30:16.268000+00:00,29.71,4.57,2.04,False,1005.4000000000001,0.787757150025088,2025-09-27 08:00:16.268000+05:30
device_17,container,2025-09-27 02:30:18.256000+00:00,30.5,5.87,2.11,False,1291.4,0.3973843058350096,2025-09-27 08:00:18.256000+05:30
device_17,container,2025-09-27 02:30:19.620000+00:00,30.28,4.87,2.02,False,1071.4,-0.16129032258064432,2025-09-27 08:00:19.620000+05:30
device_17,container,2025-09-27 02:30:21.416000+00:00,29.06,5.16,1.9,False,1135.2,-0.6792873051224958,2025-09-27 08:00:21.416000+05:30
device_17,container,2025-09-27 02:30:22.378000+00:00,28.12,4.67,2.16,False,1027.4,-0.9771309771309749,2025-09-27 08:00:22.378000+05:30
device_17,container,2025-09-27 02:30:23.705000+00:00,28.63,4.71,1.84,False,1036.2,0.38432554634513794,2025-09-27 08:00:23.705000+05:30
device_17,container,2025-09-27 02:30:24.537000+00:00,28.74,4.29,1.85,False,943.8,0.1322115384615378,2025-09-27 08:00:24.537000+05:30
device_17,container,2025-09-27 02:30:25.592000+00:00,28.92,5.72,1.94,False,1258.3999999999999,0.17061611374407895,2025-09-27 08:00:25.592000+05:30
device_17,container,2025-09-27 02:30:27.193000+00:00,31.46,5.07,2.04,False,1115.4,1.586508432229856,2025-09-27 08:00:27.193000+05:30
device_17,container,2025-09-27 02:30:28.203000+00:00,30.11,5.83,1.99,False,1282.6,-1.336633663366338,2025-09-27 08:00:28.203000+05:30
device_17,container,2025-09-27 02:30:28.993000+00:00,29.49,5.08,2.12,False,1117.6,-0.7848101265822797,2025-09-27 08:00:28.993000+05:30
device_17,container,2025-09-27 02:30:30.830000+00:00,30.5,4.63,2.08,False,1018.6,0.5498094719651615,2025-09-27 08:00:30.830000+05:30
device_17,container,2025-09-27 02:30:32.800000+00:00,31.98,4.8,2.0,False,1056.0,0.7512690355329952,2025-09-27 08:00:32.800000+05:30
device_17,container,2025-09-27 02:30:34.373000+00:00,30.14,5.1,1.86,False,1122.0,-1.1697393515575334,2025-09-27 08:00:34.373000+05:30
device_17,container,2025-09-27 02:30:36.248000+00:00,31.02,4.01,1.8,False,882.1999999999999,0.4693333333333328,2025-09-27 08:00:36.248000+05:30
device_18,container,2025-09-27 02:30:02.617000+00:00,28.31,5.51,1.98,False,1212.2,0.0,2025-09-27 08:00:02.617000+05:30
device_18,container,2025-09-27 02:30:04.226000+00:00,31.72,5.52,2.1,False,1214.3999999999999,2.1193287756370416,2025-09-27 08:00:04.226000+05:30
device_18,container,2025-09-27 02:30:05.888000+00:00,28.13,4.7,2.03,False,1034.0,-2.1600481347773766,2025-09-27 08:00:05.888000+05:30
device_18,container,2025-09-27 02:30:07.712000+00:00,30.87,5.16,1.94,False,1135.2,1.5021929824561413,2025-09-27 08:00:07.712000+05:30
device_18,container,2025-09-27 02:30:09.407000+00:00,29.79,5.66,2.03,False,1245.2,-0.6371681415929215,2025-09-27 08:00:09.407000+05:30
device_18,container,2025-09-27 02:30:10.792000+00:00,30.29,4.68,2.17,False,1029.6,0.36101083032490977,2025-09-27 08:00:10.792000+05:30
device_18,container,2025-09-27 02:30:11.798000+00:00,29.27,5.96,2.02,False,1311.2,-1.0139165009940354,2025-09-27 08:00:11.798000+05:30
device_18,container,2025-09-27 02:30:12.761000+00:00,31.17,5.72,1.94,False,1258.3999999999999,1.9730010384216015,2025-09-27 08:00:12.761000+05:30
device_18,container,2025-09-27 02:30:14.483000+00:00,29.74,4.57,2.02,False,1005.4000000000001,-0.8304297328687592,2025-09-27 08:00:14.483000+05:30
device_18,container,2025-09-27 02:30:16.063000+00:00,29.23,4.46,2.06,False,981.2,-0.322784810126581,2025-09-27 08:00:16.063000+05:30
device_18,container,2025-09-27 02:30:17.811000+00:00,30.9,4.36,1.9,False,959.2,0.9553775743707084,2025-09-27 08:00:17.811000+05:30
device_18,container,2025-09-27 02:30:18.703000+00:00,29.21,5.04,1.84,False,1108.8,-1.8946188340807149,2025-09-27 08:00:18.703000+05:30
device_18,container,2025-09-27 02:30:19.787000+00:00,30.67,5.14,1.96,False,1130.8,1.346863468634687,2025-09-27 08:00:19.787000+05:30
device_18,container,2025-09-27 02:30:21.412000+00:00,30.84,4.84,2.09,False,1064.8,0.10461538461538347,2025-09-27 08:00:21.412000+05:30
device_18,container,2025-09-27 02:30:23.255000+00:00,29.25,4.28,1.88,False,941.6,-0.8627238198589257,2025-09-27 08:00:23.255000+05:30
device_18,container,2025-09-27 02:30:24.071000+00:00,31.37,4.2,1.96,False,924.0,2.598039215686276,2025-09-27 08:00:24.071000+05:30
device_18,container,2025-09-27 02:30:25.539000+00:00,29.61,5.12,2.14,False,1126.4,-1.1989100817438703,2025-09-27 08:00:25.539000+05:30
device_18,container,2025-09-27 02:30:27.121000+00:00,29.43,5.01,1.97,False,1102.2,-0.11378002528444987,2025-09-27 08:00:27.121000+05:30
device_18,container,2025-09-27 02:30:28.522000+00:00,30.75,4.14,2.14,False,910.8,0.9421841541755891,2025-09-27 08:00:28.522000+05:30
device_18,container,2025-09-27 02:30:29.677000+00:00,30.31,4.38,1.85,False,963.6,-0.38095238095238204,2025-09-27 08:00:29.677000+05:30
device_18,container,2025-09-27 02:30:31.388000+00:00,28.43,5.57,1.81,False,1225.4,-1.0987726475745172,2025-09-27 08:00:31.388000+05:30
device_18,container,2025-09-27 02:30:33.171000+00:00,29.32,4.72,2.16,False,1038.3999999999999,0.49915872125630995,2025-09-27 08:00:33.171000+05:30
device_18,container,2025-09-27 02:30:34.473000+00:00,31.39,4.57,2.0,False,1005.4000000000001,1.5898617511520738,2025-09-27 08:00:34.473000+05:30
device_18,container,2025-09-27 02:30:35.742000+00:00,29.73,4.33,2.15,False,952.6,-1.3081166272655635,2025-09-27 08:00:35.742000+05:30
device_18,container,2025-09-27 02:30:36.894000+00:00,28.04,4.6,2.17,False,1011.9999999999999,-1.4670138888888902,2025-09-27 08:00:36.894000+05:30
device_19,container,2025-09-27 02:30:02.089000+00:00,31.04,5.37,2.16,False,1181.4,0.0,2025-09-27 08:00:02.089000+05:30
device_19,container,2025-09-27 02:30:03.282000+00:00,28.1,5.49,2.15,False,1207.8,-2.4643755238893523,2025-09-27 08:00:03.282000+05:30
device_19,container,2025-09-27 02:30:04.116000+00:00,29.83,4.59,2.0,False,1009.8,2.074340527577934,2025-09-27 08:00:04.116000+05:30
device_19,container,2025-09-27 02:30:05.953000+00:00,30.16,4.51,2.05,False,992.1999999999999,0.17964071856287525,2025-09-27 08:00:05.953000+05:30
device_19,container,2025-09-27 02:30:07.694000+00:00,28.15,5.77,2.02,False,1269.3999999999999,-1.1545089029293518,2025-09-27 08:00:07.694000+05:30
device_19,container,2025-09-27 02:30:09.420000+00:00,30.47,4.95,1.81,False,1089.0,1.3441483198146005,2025-09-27 08:00:09.420000+05:30
device_19,container,2025-09-27 02:30:10.362000+00:00,29.03,4.7,1.96,False,1034.0,-1.5286624203821633,2025-09-27 08:00:10.362000+05:30
device_19,container,2025-09-27 02:30:11.968000+00:00,29.43,5.01,2.11,False,1102.2,0.24906600249065913,2025-09-27 08:00:11.968000+05:30
device_19,container,2025-09-27 02:30:12.501000+00:00,31.11,5.57,1.83,False,1225.4,3.151969981238273,2025-09-27 08:00:12.501000+05:30
device_19,container,2025-09-27 02:30:13.393000+00:00,31.84,4.43,1.86,False,974.5999999999999,0.8183856502242157,2025-09-27 08:00:13.393000+05:30
device_19,container,2025-09-27 02:30:14.294000+00:00,28.64,4.32,1.86,False,950.4000000000001,-3.551609322974472,2025-09-27 08:00:14.294000+05:30
device_19,container,2025-09-27 02:30:15.882000+00:00,28.38,4.68,1.82,False,1029.6,-0.16372795969773396,2025-09-27 08:00:15.882000+05:30
device_19,container,2025-09-27 02:30:17.206000+00:00,29.81,4.37,1.83,False,961.4,1.080060422960725,2025-09-27 08:00:17.206000+05:30
device_19,container,2025-09-27 02:30:17.826000+00:00,30.13,5.32,1.87,False,1170.4,0.516129032258065,2025-09-27 08:00:17.826000+05:30
device_19,container,2025-09-27 02:30:18.527000+00:00,28.63,5.31,1.92,False,1168.1999999999998,-2.1398002853067046,2025-09-27 08:00:18.527000+05:30
device_19,container,2025-09-27 02:30:20.715000+00:00,30.33,5.26,1.98,False,1157.2,0.7769652650822665,2025-09-27 08:00:20.715000+05:30
device_19,container,2025-09-27 02:30:21.548000+00:00,29.45,4.21,1.8,False,926.2,-1.05642256902761,2025-09-27 08:00:21.548000+05:30
device_19,container,2025-09-27 02:30:23.551000+00:00,28.85,4.84,2.06,False,1064.8,-0.2995506739890154,2025-09-27 08:00:23.551000+05:30
device_19,container,2025-09-27 02:30:25.203000+00:00,30.43,5.32,1.86,False,1170.4,0.9564164648910402,2025-09-27 08:00:25.203000+05:30
device_19,container,2025-09-27 02:30:26.121000+00:00,30.53,4.91,1.85,False,1080.2,0.10893246187363989,2025-09-27 08:00:26.121000+05:30
device_19,container,2025-09-27 02:30:27.090000+00:00,31.96,5.35,2.15,False,1177.0,1.4757481940144477,2025-09-27 08:00:27.090000+05:30
device_19,container,2025-09-27 02:30:28.430000+00:00,31.76,4.59,1.98,False,1009.8,-0.14925373134328304,2025-09-27 08:00:28.430000+05:30
device_19,container,2025-09-27 02:30:30.405000+00:00,30.75,4.64,1.93,False,1020.8,-0.5113924050632919,2025-09-27 08:00:30.405000+05:30
device_19,container,2025-09-27 02:30:32.035000+00:00,30.99,4.37,1.88,False,961.4,0.14723926380368002,2025-09-27 08:00:32.035000+05:30
device_19,container,2025-09-27 02:30:33.638000+00:00,31.19,5.39,2.1,False,1185.8,0.12476606363069423,2025-09-27 08:00:33.638000+05:30
device_19,container,2025-09-27 02:30:34.535000+00:00,31.26,5.99,2.13,False,1317.8,0.07803790412486096,2025-09-27 08:00:34.535000+05:30
device_19,container,2025-09-27 02:30:36.498000+00:00,28.81,4.09,2.01,False,899.8,-1.2480896586856867,2025-09-27 08:00:36.498000+05:30
device_2,pipe,2025-09-27 02:30:02.273000+00:00,31.6,5.75,1.86,True,1265.0,0.0,2025-09-27 08:00:02.273000+05:30
device_2,pipe,2025-09-27 02:30:03.529000+00:00,30.88,4.77,2.06,True,1049.3999999999999,-0.573248407643314,2025-09-27 08:00:03.529000+05:30
device_2,pipe,2025-09-27 02:30:04.426000+00:00,31.66,5.99,2.15,True,1317.8,0.8695652173913055,2025-09-27 08:00:04.426000+05:30
device_2,pipe,2025-09-27 02:30:05.665000+00:00,31.42,4.2,1.87,True,924.0,-0.19370460048426022,2025-09-27 08:00:05.665000+05:30
device_2,pipe,2025-09-27 02:30:06.707000+00:00,28.91,4.94,1.89,True,1086.8000000000002,-2.408829174664109,2025-09-27 08:00:06.707000+05:30
device_2,pipe,2025-09-27 02:30:07.788000+00:00,30.94,4.57,1.98,True,1005.4000000000001,1.877890841813137,2025-09-27 08:00:07.788000+05:30
device_2,pipe,2025-09-27 02:30:09.112000+00:00,31.08,5.84,2.04,True,1284.8,0.10574018126887992,2025-09-27 08:00:09.112000+05:30
device_2,pipe,2025-09-27 02:30:10.412000+00:00,30.19,4.82,2.13,True,1060.4,-0.6846153846153823,2025-09-27 08:00:10.412000+05:30
device_2,pipe,2025-09-27 02:30:11.624000+00:00,30.92,5.25,1.96,True,1155.0,0.6023102310231027,2025-09-27 08:00:11.624000+05:30
device_2,pipe,2025-09-27 02:30:13.066000+00:00,30.74,5.9,2.03,True,1298.0,-0.12482662968100089,2025-09-27 08:00:13.066000+05:30
device_2,pipe,2025-09-27 02:30:14.046000+00:00,28.69,4.88,1.95,True,1073.6,-2.091836734693875,2025-09-27 08:00:14.046000+05:30
device_2,pipe,2025-09-27 02:30:15.505000+00:00,31.94,4.31,1.91,True,948.1999999999999,2.2275531185743658,2025-09-27 08:00:15.505000+05:30
device_2,pipe,2025-09-27 02:30:16.975000+00:00,28.14,4.09,2.19,True,899.8,-2.585034013605443,2025-09-27 08:00:16.975000+05:30
device_2,pipe,2025-09-27 02:30:17.795000+00:00,30.11,4.17,1.87,True,917.4,2.4024390243902425,2025-09-27 08:00:17.795000+05:30
device_2,pipe,2025-09-27 02:30:18.484000+00:00,29.16,4.42,2.06,True,972.4,-1.378809869375906,2025-09-27 08:00:18.484000+05:30
device_2,pipe,2025-09-27 02:30:20.655000+00:00,29.84,5.22,2.07,True,1148.3999999999999,0.3132197144173191,2025-09-27 08:00:20.655000+05:30
device_2,pipe,2025-09-27 02:30:22.143000+00:00,31.8,5.3,2.13,True,1166.0,1.3172043010752694,2025-09-27 08:00:22.143000+05:30
device_2,pipe,2025-09-27 02:30:23.057000+00:00,29.38,4.62,2.19,True,1016.4,-2.64770240700219,2025-09-27 08:00:23.057000+05:30
device_2,pipe,2025-09-27 02:30:24.197000+00:00,31.74,4.73,2.11,True,1040.6000000000001,2.070175438596491,2025-09-27 08:00:24.197000+05:30
device_2,pipe,2025-09-27 02:30:24.811000+00:00,28.31,5.55,2.09,True,1221.0,-5.586319218241042,2025-09-27 08:00:24.811000+05:30
device_2,pipe,2025-09-27 02:30:26.567000+00:00,28.45,4.76,2.04,True,1047.2,0.07972665148063814,2025-09-27 08:00:26.567000+05:30
device_2,pipe,2025-09-27 02:30:27.573000+00:00,31.12,4.31,1.94,True,948.1999999999999,2.6540755467196835,2025-09-27 08:00:27.573000+05:30
device_2,pipe,2025-09-27 02:30:29.237000+00:00,31.83,4.42,1.93,True,972.4,0.4266826923076907,2025-09-27 08:00:29.237000+05:30
device_2,pipe,2025-09-27 02:30:30.902000+00:00,31.97,5.88,1.83,True,1293.6,0.08408408408408442,2025-09-27 08:00:30.902000+05:30
device_2,pipe,2025-09-27 02:30:32.138000+00:00,30.36,5.2,2.15,True,1144.0,-1.3025889967637536,2025-09-27 08:00:32.138000+05:30
device_2,pipe,2025-09-27 02:30:34.056000+00:00,29.85,5.02,1.88,True,1104.3999999999999,-0.26590198123044734,2025-09-27 08:00:34.056000+05:30
device_2,pipe,2025-09-27 02:30:35.667000+00:00,31.48,5.89,1.85,True,1295.8,1.0117939168218493,2025-09-27 08:00:35.667000+05:30
device_20,container,2025-09-27 02:30:02.361000+00:00,30.33,4.18,2.17,False,919.5999999999999,0.0,2025-09-27 08:00:02.361000+05:30
device_20,container,2025-09-27 02:30:03.715000+00:00,29.04,5.44,2.09,False,1196.8000000000002,-0.9527326440177246,2025-09-27 08:00:03.715000+05:30
device_20,container,2025-09-27 02:30:04.789000+00:00,28.93,5.48,2.11,False,1205.6000000000001,-0.1024208566108002,2025-09-27 08:00:04.789000+05:30
device_20,container,2025-09-27 02:30:05.614000+00:00,29.53,5.12,1.84,False,1126.4,0.7272727272727291,2025-09-27 08:00:05.614000+05:30
device_20,container,2025-09-27 02:30:07.254000+00:00,31.91,5.6,2.12,False,1232.0,1.4512195121951215,2025-09-27 08:00:07.254000+05:30
device_20,container,2025-09-27 02:30:07.855000+00:00,31.48,5.61,2.07,False,1234.2,-0.715474209650582,2025-09-27 08:00:07.855000+05:30
device_20,container,2025-09-27 02:30:08.813000+00:00,29.81,5.8,1.82,False,1276.0,-1.743215031315242,2025-09-27 08:00:08.813000+05:30
device_20,container,2025-09-27 02:30:10.455000+00:00,29.3,5.97,1.98,False,1313.3999999999999,-0.31059683313032765,2025-09-27 08:00:10.455000+05:30
device_20,container,2025-09-27 02:30:11.391000+00:00,28.57,4.64,1.99,False,1020.8,-0.7799145299145304,2025-09-27 08:00:11.391000+05:30
device_20,container,2025-09-27 02:30:12.196000+00:00,31.57,4.93,1.92,False,1084.6,3.7267080745341614,2025-09-27 08:00:12.196000+05:30
device_20,container,2025-09-27 02:30:13.012000+00:00,29.5,5.22,1.91,False,1148.3999999999999,-2.5367647058823533,2025-09-27 08:00:13.012000+05:30
device_20,container,2025-09-27 02:30:13.893000+00:00,31.27,4.77,1.99,False,1049.3999999999999,2.009080590238365,2025-09-27 08:00:13.893000+05:30
device_20,container,2025-09-27 02:30:15.427000+00:00,28.53,4.13,2.03,False,908.6,-1.786179921773141,2025-09-27 08:00:15.427000+05:30
device_20,container,2025-09-27 02:30:16.119000+00:00,29.72,4.38,2.09,False,963.6,1.7196531791907483,2025-09-27 08:00:16.119000+05:30
device_20,container,2025-09-27 02:30:17.562000+00:00,29.41,5.87,2.18,False,1291.4,-0.21483021483021394,2025-09-27 08:00:17.562000+05:30
device_20,container,2025-09-27 02:30:19.179000+00:00,30.5,4.03,2.01,False,886.6,0.6740878169449597,2025-09-27 08:00:19.179000+05:30
device_20,container,2025-09-27 02:30:20.665000+00:00,31.26,4.23,1.92,False,930.6000000000001,0.5114401076716026,2025-09-27 08:00:20.665000+05:30
device_20,container,2025-09-27 02:30:21.902000+00:00,31.44,5.12,1.82,False,1126.4,0.14551333872271602,2025-09-27 08:00:21.902000+05:30
device_20,container,2025-09-27 02:30:22.518000+00:00,29.73,5.05,1.95,False,1111.0,-2.7759740259740275,2025-09-27 08:00:22.518000+05:30
device_20,container,2025-09-27 02:30:23.980000+00:00,28.83,5.44,1.8,False,1196.8000000000002,-0.6155950752393996,2025-09-27 08:00:23.980000+05:30
device_20,container,2025-09-27 02:30:25.653000+00:00,31.08,5.91,1.97,False,1300.2,1.3448894202032278,2025-09-27 08:00:25.653000+05:30
device_20,container,2025-09-27 02:30:26.967000+00:00,31.2,4.31,1.91,False,948.1999999999999,0.09132420091324277,2025-09-27 08:00:26.967000+05:30
device_20,container,2025-09-27 02:30:27.568000+00:00,28.19,4.47,1.86,False,983.4,-5.008319467554073,2025-09-27 08:00:27.568000+05:30
device_20,container,2025-09-27 02:30:28.177000+00:00,28.26,4.57,2.08,False,1005.4000000000001,0.11494252873563265,2025-09-27 08:00:28.177000+05:30
device_20,container,2025-09-27 02:30:29.498000+00:00,31.73,5.26,2.11,False,1157.2,2.6267978803936405,2025-09-27 08:00:29.498000+05:30
device_20,container,2025-09-27 02:30:31.378000+00:00,28.09,4.64,2.04,False,1020.8,-1.936170212765958,2025-09-27 08:00:31.378000+05:30
device_20,container,2025-09-27 02:30:32.759000+00:00,29.34,4.4,1.98,False,968.0000000000001,0.9051412020275162,2025-09-27 08:00:32.759000+05:30
device_20,container,2025-09-27 02:30:34.367000+00:00,31.94,4.35,2.15,False,956.9999999999999,1.6169154228855729,2025-09-27 08:00:34.367000+05:30
device_20,container,2025-09-27 02:30:35.664000+00:00,31.7,4.72,1.91,False,1038.3999999999999,-0.18504240555127371,2025-09-27 08:00:35.664000+05:30
device_20,container,2025-09-27 02:30:36.367000+00:00,29.48,4.99,2.05,False,1097.8,-3.157894736842104,2025-09-27 08:00:36.367000+05:30
device_20,container,2025-09-27 02:30:37.171000+00:00,29.46,5.73,1.85,False,1260.6000000000001,-0.02487562189054673,2025-09-27 08:00:37.171000+05:30
device_21,container,2025-09-27 02:30:01.550000+00:00,28.68,5.26,2.0,False,1157.2,0.0,2025-09-27 08:00:01.550000+05:30
device_21,container,2025-09-27 02:30:02.781000+00:00,30.64,4.92,1.86,False,1082.4,1.5922014622258331,2025-09-27 08:00:02.781000+05:30
device_21,container,2025-09-27 02:30:04.118000+00:00,29.34,5.4,1.94,False,1188.0,-0.9723261032161561,2025-09-27 08:00:04.118000+05:30
device_21,container,2025-09-27 02:30:05.704000+00:00,28.03,5.03,1.88,False,1106.6000000000001,-0.8259773013871367,2025-09-27 08:00:05.704000+05:30
device_21,container,2025-09-27 02:30:06.693000+00:00,29.07,5.79,2.03,False,1273.8,1.0515672396359952,2025-09-27 08:00:06.693000+05:30
device_21,container,2025-09-27 02:30:07.516000+00:00,29.06,4.04,2.04,False,888.8,-0.012150668286757671,2025-09-27 08:00:07.516000+05:30
device_21,container,2025-09-27 02:30:08.553000+00:00,28.86,5.14,2.02,False,1130.8,-0.19286403085824427,2025-09-27 08:00:08.553000+05:30
device_21,container,2025-09-27 02:30:09.721000+00:00,29.71,4.45,2.08,False,979.0,0.7277397260273986,2025-09-27 08:00:09.721000+05:30
device_21,container,2025-09-27 02:30:10.652000+00:00,31.84,4.22,2.08,False,928.4,2.287862513426422,2025-09-27 08:00:10.652000+05:30
device_21,container,2025-09-27 02:30:12.091000+00:00,29.16,4.03,2.09,False,886.6,-1.8624044475330088,2025-09-27 08:00:12.091000+05:30
device_21,container,2025-09-27 02:30:12.976000+00:00,31.53,4.32,1.82,False,950.4000000000001,2.6779661016949166,2025-09-27 08:00:12.976000+05:30
device_21,container,2025-09-27 02:30:14.715000+00:00,29.77,4.03,2.05,False,886.6,-1.0120759056929278,2025-09-27 08:00:14.715000+05:30
device_21,container,2025-09-27 02:30:15.258000+00:00,30.64,4.75,1.87,False,1045.0,1.602209944751383,2025-09-27 08:00:15.258000+05:30
device_21,container,2025-09-27 02:30:15.818000+00:00,31.35,4.33,1.86,False,952.6,1.2678571428571443,2025-09-27 08:00:15.818000+05:30
device_21,container,2025-09-27 02:30:16.690000+00:00,29.51,4.38,2.16,False,963.6,-2.110091743119266,2025-09-27 08:00:16.690000+05:30
device_21,container,2025-09-27 02:30:17.606000+00:00,28.13,4.13,2.2,False,908.6,-1.506550218340614,2025-09-27 08:00:17.606000+05:30
device_21,container,2025-09-27 02:30:18.921000+00:00,31.03,5.78,2.14,False,1271.6000000000001,2.2053231939163513,2025-09-27 08:00:18.921000+05:30
device_21,container,2025-09-27 02:30:20.366000+00:00,31.2,4.62,1.87,False,1016.4,0.11764705882352813,2025-09-27 08:00:20.366000+05:30
device_21,container,2025-09-27 02:30:22.060000+00:00,30.7,5.99,2.09,False,1317.8,-0.29515938606847697,2025-09-27 08:00:22.060000+05:30
device_21,container,2025-09-27 02:30:24.060000+00:00,29.52,4.29,2.1,False,943.8,-0.5899999999999999,2025-09-27 08:00:24.060000+05:30
device_21,container,2025-09-27 02:30:25.600000+00:00,31.43,4.69,2.03,False,1031.8000000000002,1.2402597402597404,2025-09-27 08:00:25.600000+05:30
device_21,container,2025-09-27 02:30:27.013000+00:00,31.31,5.14,1.9,False,1130.8,-0.08492569002123213,2025-09-27 08:00:27.013000+05:30
device_21,container,2025-09-27 02:30:28.076000+00:00,28.09,5.3,2.17,False,1166.0,-3.0291627469426143,2025-09-27 08:00:28.076000+05:30
device_21,container,2025-09-27 02:30:29.253000+00:00,29.19,5.74,1.82,False,1262.8,0.9345794392523377,2025-09-27 08:00:29.253000+05:30
device_21,container,2025-09-27 02:30:30.188000+00:00,31.57,4.13,2.1,False,908.6,2.545454545454544,2025-09-27 08:00:30.188000+05:30
device_21,container,2025-09-27 02:30:31.687000+00:00,28.08,5.29,2.06,False,1163.8,-2.328218812541696,2025-09-27 08:00:31.687000+05:30
device_21,container,2025-09-27 02:30:32.477000+00:00,28.79,4.02,2.17,False,884.3999999999999,0.8987341772151909,2025-09-27 08:00:32.477000+05:30
device_21,container,2025-09-27 02:30:33.199000+00:00,31.8,4.85,1.82,False,1067.0,4.16897506925208,2025-09-27 08:00:33.199000+05:30
device_21,container,2025-09-27 02:30:33.852000+00:00,28.76,5.58,1.98,False,1227.6,-4.65543644716692,2025-09-27 08:00:33.852000+05:30
device_21,container,2025-09-27 02:30:35.571000+00:00,30.2,4.82,2.18,False,1060.4,0.8376963350785327,2025-09-27 08:00:35.571000+05:30
device_21,container,2025-09-27 02:30:37.098000+00:00,31.31,5.43,1.84,False,1194.6,0.7269155206286834,2025-09-27 08:00:37.098000+05:30
device_22,container,2025-09-27 02:30:01.611000+00:00,30.83,4.58,1.91,False,1007.6,0.0,2025-09-27 08:00:01.611000+05:30
device_22,container,2025-09-27 02:30:03.150000+00:00,28.88,4.46,1.84,False,981.2,-1.2670565302144245,2025-09-27 08:00:03.150000+05:30
device_22,container,2025-09-27 02:30:03.963000+00:00,31.81,5.67,1.91,False,1247.4,3.6039360393603936,2025-09-27 08:00:03.963000+05:30
device_22,container,2025-09-27 02:30:05.459000+00:00,31.0,5.74,1.9,False,1262.8,-0.5414438502673788,2025-09-27 08:00:05.459000+05:30
device_22,container,2025-09-27 02:30:07.035000+00:00,28.89,4.96,1.9,False,1091.2,-1.3388324873096442,2025-09-27 08:00:07.035000+05:30
device_22,container,2025-09-27 02:30:08.318000+00:00,30.94,4.57,2.09,False,1005.4000000000001,1.5978176149649266,2025-09-27 08:00:08.318000+05:30
device_22,container,2025-09-27 02:30:09.350000+00:00,31.81,4.98,1.83,False,1095.6000000000001,0.843023255813951,2025-09-27 08:00:09.350000+05:30
device_22,container,2025-09-27 02:30:10.470000+00:00,28.96,4.2,1.94,False,924.0,-2.544642857142855,2025-09-27 08:00:10.470000+05:30
device_22,container,2025-09-27 02:30:11.533000+00:00,29.65,4.91,2.16,False,1080.2,0.6491063029162726,2025-09-27 08:00:11.533000+05:30
device_22,container,2025-09-27 02:30:12.723000+00:00,29.52,4.7,2.0,False,1034.0,-0.10924369747899076,2025-09-27 08:00:12.723000+05:30
device_22,container,2025-09-27 02:30:14.265000+00:00,30.92,4.34,2.02,False,954.8,0.9079118028534384,2025-09-27 08:00:14.265000+05:30
device_22,container,2025-09-27 02:30:15.370000+00:00,29.57,5.15,1.96,False,1133.0,-1.2217194570135759,2025-09-27 08:00:15.370000+05:30
device_22,container,2025-09-27 02:30:16.056000+00:00,30.56,4.79,1.82,False,1053.8,1.4431486880466449,2025-09-27 08:00:16.056000+05:30
device_22,container,2025-09-27 02:30:17.872000+00:00,30.86,5.08,2.2,False,1117.6,0.16519823788546295,2025-09-27 08:00:17.872000+05:30
device_22,container,2025-09-27 02:30:18.938000+00:00,28.82,4.83,2.01,False,1062.6,-1.9136960600375226,2025-09-27 08:00:18.938000+05:30
device_22,container,2025-09-27 02:30:20.312000+00:00,31.49,5.64,2.18,False,1240.8,1.9432314410480334,2025-09-27 08:00:20.312000+05:30
device_22,container,2025-09-27 02:30:21.040000+00:00,29.9,5.98,1.95,False,1315.6000000000001,-2.184065934065934,2025-09-27 08:00:21.040000+05:30
device_22,container,2025-09-27 02:30:22.145000+00:00,31.43,5.56,2.0,False,1223.1999999999998,1.3846153846153857,2025-09-27 08:00:22.145000+05:30
device_22,container,2025-09-27 02:30:24.144000+00:00,31.03,4.07,2.11,False,895.4000000000001,-0.20010005002501177,2025-09-27 08:00:24.144000+05:30
device_22,container,2025-09-27 02:30:25.500000+00:00,29.98,5.77,2.09,False,1269.3999999999999,-0.7743362831858411,2025-09-27 08:00:25.500000+05:30
device_22,container,2025-09-27 02:30:26.458000+00:00,28.54,4.59,1.97,False,1009.8,-1.503131524008352,2025-09-27 08:00:26.458000+05:30
device_22,container,2025-09-27 02:30:27.882000+00:00,29.53,4.75,1.87,False,1045.0,0.695224719101125,2025-09-27 08:00:27.882000+05:30
device_22,container,2025-09-27 02:30:28.678000+00:00,28.98,5.12,2.02,False,1126.4,-0.6909547738693476,2025-09-27 08:00:28.678000+05:30
device_22,container,2025-09-27 02:30:30.528000+00:00,28.25,5.22,1.98,False,1148.3999999999999,-0.3945945945945948,2025-09-27 08:00:30.528000+05:30
device_22,container,2025-09-27 02:30:31.692000+00:00,28.54,5.75,2.16,False,1265.0,0.24914089347078966,2025-09-27 08:00:31.692000+05:30
device_22,container,2025-09-27 02:30:32.583000+00:00,29.39,5.32,2.14,False,1170.4,0.9539842873176222,2025-09-27 08:00:32.583000+05:30
device_22,container,2025-09-27 02:30:33.660000+00:00,30.8,5.97,2.18,False,1313.3999999999999,1.3091922005571033,2025-09-27 08:00:33.660000+05:30
device_22,container,2025-09-27 02:30:34.308000+00:00,31.27,4.48,1.82,False,985.6000000000001,0.7253086419753069,2025-09-27 08:00:34.308000+05:30
device_22,container,2025-09-27 02:30:35.356000+00:00,30.16,5.81,1.85,False,1278.1999999999998,-1.0591603053435108,2025-09-27 08:00:35.356000+05:30
device_22,container,2025-09-27 02:30:37.267000+00:00,30.64,4.71,2.07,False,1036.2,0.2511773940345371,2025-09-27 08:00:37.267000+05:30
device_23,container,2025-09-27 02:30:02.099000+00:00,30.27,4.04,2.08,False,888.8,0.0,2025-09-27 08:00:02.099000+05:30
device_23,container,2025-09-27 02:30:03.146000+00:00,28.76,5.86,1.95,False,1289.2,-1.4422158548233028,2025-09-27 08:00:03.146000+05:30
device_23,container,2025-09-27 02:30:04.428000+00:00,28.28,4.98,2.18,False,1095.6000000000001,-0.3744149765990643,2025-09-27 08:00:04.428000+05:30
device_23,container,2025-09-27 02:30:06.227000+00:00,29.87,5.77,1.9,False,1269.3999999999999,0.8838243468593663,2025-09-27 08:00:06.227000+05:30
device_23,container,2025-09-27 02:30:06.746000+00:00,28.04,5.98,1.89,False,1315.6000000000001,-3.526011560693645,2025-09-27 08:00:06.746000+05:30
device_23,container,2025-09-27 02:30:07.782000+00:00,29.82,5.74,1.93,False,1262.8,1.7181467181467192,2025-09-27 08:00:07.782000+05:30
device_23,container,2025-09-27 02:30:09.644000+00:00,30.85,4.76,1.88,False,1047.2,0.5531686358754033,2025-09-27 08:00:09.644000+05:30
device_23,container,2025-09-27 02:30:11.591000+00:00,28.4,4.84,2.14,False,1064.8,-1.2583461736004122,2025-09-27 08:00:11.591000+05:30
device_23,container,2025-09-27 02:30:13.549000+00:00,29.99,5.62,1.8,False,1236.4,0.8120531154239019,2025-09-27 08:00:13.549000+05:30
device_23,container,2025-09-27 02:30:14.291000+00:00,30.7,5.43,2.04,False,1194.6,0.9568733153638825,2025-09-27 08:00:14.291000+05:30
device_23,container,2025-09-27 02:30:15.157000+00:00,28.72,5.85,1.83,False,1287.0,-2.286374133949192,2025-09-27 08:00:15.157000+05:30
device_23,container,2025-09-27 02:30:15.854000+00:00,28.82,5.76,1.8,False,1267.2,0.14347202295552572,2025-09-27 08:00:15.854000+05:30
device_23,container,2025-09-27 02:30:16.909000+00:00,29.78,4.56,1.86,False,1003.1999999999999,0.9099526066350719,2025-09-27 08:00:16.909000+05:30
device_23,container,2025-09-27 02:30:17.452000+00:00,30.59,4.54,2.03,False,998.8,1.491712707182318,2025-09-27 08:00:17.452000+05:30
device_23,container,2025-09-27 02:30:18.778000+00:00,30.28,4.47,1.87,False,983.4,-0.23378582202111517,2025-09-27 08:00:18.778000+05:30
device_23,container,2025-09-27 02:30:19.454000+00:00,29.05,5.61,1.81,False,1234.2,-1.8195266272189354,2025-09-27 08:00:19.454000+05:30
device_23,container,2025-09-27 02:30:21.044000+00:00,30.87,4.48,2.1,False,985.6000000000001,1.1446540880503147,2025-09-27 08:00:21.044000+05:30
device_23,container,2025-09-27 02:30:22.112000+00:00,30.34,4.85,2.11,False,1067.0,-0.4962546816479411,2025-09-27 08:00:22.112000+05:30
device_23,container,2025-09-27 02:30:23.814000+00:00,28.45,4.58,2.09,False,1007.6,-1.1104582843713282,2025-09-27 08:00:23.814000+05:30
device_23,container,2025-09-27 02:30:24.589000+00:00,31.09,4.8,2.13,False,1056.0,3.4064516129032265,2025-09-27 08:00:24.589000+05:30
device_23,container,2025-09-27 02:30:26.073000+00:00,30.24,4.71,2.2,False,1036.2,-0.5727762803234511,2025-09-27 08:00:26.073000+05:30
device_23,container,2025-09-27 02:30:27.943000+00:00,29.5,4.5,2.02,False,990.0,-0.395721925133689,2025-09-27 08:00:27.943000+05:30
device_23,container,2025-09-27 02:30:29.234000+00:00,29.23,5.81,1.97,False,1278.1999999999998,-0.2091402013942677,2025-09-27 08:00:29.234000+05:30
device_23,container,2025-09-27 02:30:31.062000+00:00,31.85,5.42,2.16,False,1192.4,1.433260393873086,2025-09-27 08:00:31.062000+05:30
device_23,container,2025-09-27 02:30:31.808000+00:00,28.03,4.34,1.93,False,954.8,-5.120643431635389,2025-09-27 08:00:31.808000+05:30
device_23,container,2025-09-27 02:30:33.187000+00:00,30.0,4.43,2.0,False,974.5999999999999,1.4285714285714277,2025-09-27 08:00:33.187000+05:30
device_23,container,2025-09-27 02:30:34.014000+00:00,28.58,4.13,2.04,False,908.6,-1.7170495767835572,2025-09-27 08:00:34.014000+05:30
device_23,container,2025-09-27 02:30:35.030000+00:00,31.25,5.85,2.17,False,1287.0,2.6279527559055134,2025-09-27 08:00:35.030000+05:30
device_23,container,2025-09-27 02:30:35.898000+00:00,29.15,4.11,1.89,False,904.2,-2.4193548387096793,2025-09-27 08:00:35.898000+05:30
device_23,container,2025-09-27 02:30:36.815000+00:00,30.58,4.87,2.02,False,1071.4,1.5594329334787347,2025-09-27 08:00:36.815000+05:30
device_24,container,2025-09-27 02:30:02.534000+00:00,28.81,5.1,2.02,False,1122.0,0.0,2025-09-27 08:00:02.534000+05:30
device_24,container,2025-09-27 02:30:04.070000+00:00,29.41,5.48,1.89,False,1205.6000000000001,0.39062500000000094,2025-09-27 08:00:04.070000+05:30
device_24,container,2025-09-27 02:30:04.942000+00:00,29.47,4.54,2.02,False,998.8,0.06880733944953982,2025-09-27 08:00:04.942000+05:30
device_24,container,2025-09-27 02:30:05.514000+00:00,31.94,4.0,1.99,False,880.0,4.318181818181823,2025-09-27 08:00:05.514000+05:30
device_24,container,2025-09-27 02:30:06.869000+00:00,29.03,4.12,1.81,False,906.4,-2.1476014760147604,2025-09-27 08:00:06.869000+05:30
device_24,container,2025-09-27 02:30:08.304000+00:00,28.88,5.86,2.1,False,1289.2,-0.10452961672474016,2025-09-27 08:00:08.304000+05:30
device_24,container,2025-09-27 02:30:09.201000+00:00,31.99,5.48,1.92,False,1205.6000000000001,3.4671125975473793,2025-09-27 08:00:09.201000+05:30
device_24,container,2025-09-27 02:30:10.333000+00:00,30.77,4.47,2.16,False,983.4,-1.077738515901059,2025-09-27 08:00:10.333000+05:30
device_24,container,2025-09-27 02:30:11.809000+00:00,30.79,5.12,2.12,False,1126.4,0.013550135501354725,2025-09-27 08:00:11.809000+05:30
device_24,container,2025-09-27 02:30:13.077000+00:00,29.77,4.31,1.83,False,948.1999999999999,-0.8044164037854886,2025-09-27 08:00:13.077000+05:30
device_24,container,2025-09-27 02:30:14.856000+00:00,29.12,5.2,2.18,False,1144.0,-0.36537380550871196,2025-09-27 08:00:14.856000+05:30
device_24,container,2025-09-27 02:30:15.646000+00:00,28.27,5.91,2.13,False,1300.2,-1.0759493670886093,2025-09-27 08:00:15.646000+05:30
device_24,container,2025-09-27 02:30:16.705000+00:00,29.96,4.86,2.18,False,1069.2,1.5958451369216256,2025-09-27 08:00:16.705000+05:30
device_24,container,2025-09-27 02:30:17.239000+00:00,28.46,4.16,2.05,False,915.2,-2.8089887640449436,2025-09-27 08:00:17.239000+05:30
device_24,container,2025-09-27 02:30:18.953000+00:00,28.42,5.33,2.12,False,1172.6,-0.023337222870477917,2025-09-27 08:00:18.953000+05:30
device_24,container,2025-09-27 02:30:20.693000+00:00,28.63,5.39,2.16,False,1185.8,0.12068965517241224,2025-09-27 08:00:20.693000+05:30
device_24,container,2025-09-27 02:30:22.084000+00:00,30.83,4.67,2.19,False,1027.4,1.5815959741193382,2025-09-27 08:00:22.084000+05:30
device_24,container,2025-09-27 02:30:23.227000+00:00,29.93,5.54,2.01,False,1218.8,-0.7874015748031483,2025-09-27 08:00:23.227000+05:30
device_24,container,2025-09-27 02:30:23.966000+00:00,31.21,5.43,1.86,False,1194.6,1.7320703653585943,2025-09-27 08:00:23.966000+05:30
device_24,container,2025-09-27 02:30:25.409000+00:00,28.61,4.18,1.93,False,919.5999999999999,-1.8018018018018027,2025-09-27 08:00:25.409000+05:30
device_24,container,2025-09-27 02:30:26.158000+00:00,31.48,5.86,2.14,False,1289.2,3.831775700934581,2025-09-27 08:00:26.158000+05:30
device_24,container,2025-09-27 02:30:27.905000+00:00,30.05,4.65,1.89,False,1023.0000000000001,-0.8185460789925585,2025-09-27 08:00:27.905000+05:30
device_24,container,2025-09-27 02:30:29.886000+00:00,30.56,5.26,2.11,False,1157.2,0.2574457344775356,2025-09-27 08:00:29.886000+05:30
device_24,container,2025-09-27 02:30:30.808000+00:00,31.97,4.06,2.19,False,893.1999999999999,1.5292841648590023,2025-09-27 08:00:30.808000+05:30
device_24,container,2025-09-27 02:30:32.753000+00:00,31.55,5.03,2.07,False,1106.6000000000001,-0.21593830334190137,2025-09-27 08:00:32.753000+05:30
device_24,container,2025-09-27 02:30:34.645000+00:00,30.0,4.67,2.06,False,1027.4,-0.8192389006342499,2025-09-27 08:00:34.645000+05:30
device_24,container,2025-09-27 02:30:35.448000+00:00,29.75,5.64,2.08,False,1240.8,-0.311332503113325,2025-09-27 08:00:35.448000+05:30
device_24,container,2025-09-27 02:30:37.015000+00:00,28.58,5.81,2.16,False,1278.1999999999998,-0.7466496490108498,2025-09-27 08:00:37.015000+05:30
device_25,container,2025-09-27 02:30:01.918000+00:00,28.44,5.89,2.1,False,1295.8,0.0,2025-09-27 08:00:01.918000+05:30
device_25,container,2025-09-27 02:30:03.796000+00:00,28.33,5.26,1.94,False,1157.2,-0.05857294994675346,2025-09-27 08:00:03.796000+05:30
device_25,container,2025-09-27 02:30:05.188000+00:00,28.13,5.63,1.83,False,1238.6,-0.14367816091953972,2025-09-27 08:00:05.188000+05:30
device_25,container,2025-09-27 02:30:06.960000+00:00,30.46,4.01,2.17,False,882.1999999999999,1.3148984198645608,2025-09-27 08:00:06.960000+05:30
device_25,container,2025-09-27 02:30:07.604000+00:00,29.04,4.13,2.15,False,908.6,-2.2049689440993814,2025-09-27 08:00:07.604000+05:30
device_25,container,2025-09-27 02:30:08.828000+00:00,30.83,5.63,1.88,False,1238.6,1.462418300653594,2025-09-27 08:00:08.828000+05:30
device_25,container,2025-09-27 02:30:10.331000+00:00,30.77,4.45,2.01,False,979.0,-0.039920159680637876,2025-09-27 08:00:10.331000+05:30
device_25,container,2025-09-27 02:30:11.159000+00:00,29.64,5.13,2.02,False,1128.6,-1.3647342995169072,2025-09-27 08:00:11.159000+05:30
device_25,container,2025-09-27 02:30:12.476000+00:00,30.41,4.92,2.11,False,1082.4,0.5846621108580103,2025-09-27 08:00:12.476000+05:30
device_25,container,2025-09-27 02:30:13.565000+00:00,29.24,4.54,2.01,False,998.8,-1.0743801652892577,2025-09-27 08:00:13.565000+05:30
device_25,container,2025-09-27 02:30:14.726000+00:00,31.0,5.66,1.98,False,1245.2,1.5159345391903545,2025-09-27 08:00:14.726000+05:30
device_25,container,2025-09-27 02:30:16.707000+00:00,30.27,4.24,1.86,False,932.8000000000001,-0.3685007571933369,2025-09-27 08:00:16.707000+05:30
device_25,container,2025-09-27 02:30:18.250000+00:00,28.05,5.2,1.8,False,1144.0,-1.4387556707712241,2025-09-27 08:00:18.250000+05:30
device_25,container,2025-09-27 02:30:19.075000+00:00,29.36,5.12,2.01,False,1126.4,1.5878787878787863,2025-09-27 08:00:19.075000+05:30
device_25,container,2025-09-27 02:30:20.609000+00:00,30.93,4.17,1.86,False,917.4,1.0234680573663626,2025-09-27 08:00:20.609000+05:30
device_25,container,2025-09-27 02:30:21.265000+00:00,28.59,4.59,1.92,False,1009.8,-3.567073170731707,2025-09-27 08:00:21.265000+05:30
device_25,container,2025-09-27 02:30:21.896000+00:00,28.89,4.34,2.04,False,954.8,0.4754358161648189,2025-09-27 08:00:21.896000+05:30
device_25,container,2025-09-27 02:30:23.425000+00:00,29.6,4.36,1.83,False,959.2,0.4643557880967959,2025-09-27 08:00:23.425000+05:30
device_25,container,2025-09-27 02:30:25.066000+00:00,28.42,4.91,2.18,False,1080.2,-0.7190737355271174,2025-09-27 08:00:25.066000+05:30
device_25,container,2025-09-27 02:30:26.353000+00:00,31.26,4.99,2.15,False,1097.8,2.2066822066822067,2025-09-27 08:00:26.353000+05:30
device_25,container,2025-09-27 02:30:27.159000+00:00,29.81,5.97,1.84,False,1313.3999999999999,-1.7990074441687378,2025-09-27 08:00:27.159000+05:30
device_25,container,2025-09-27 02:30:29.153000+00:00,31.99,5.88,1.95,False,1293.6,1.0932798395185555,2025-09-27 08:00:29.153000+05:30
device_25,container,2025-09-27 02:30:30.138000+00:00,30.28,4.76,2.02,False,1047.2,-1.736040609137053,2025-09-27 08:00:30.138000+05:30
device_25,container,2025-09-27 02:30:32.071000+00:00,31.24,5.44,2.13,False,1196.8000000000002,0.4966373512674585,2025-09-27 08:00:32.071000+05:30
device_25,container,2025-09-27 02:30:33.387000+00:00,30.96,4.12,1.88,False,906.4,-0.21276595744680665,2025-09-27 08:00:33.387000+05:30
device_25,container,2025-09-27 02:30:34.753000+00:00,31.4,4.9,1.85,False,1078.0,0.3221083455344053,2025-09-27 08:00:34.753000+05:30
device_25,container,2025-09-27 02:30:36.660000+00:00,28.19,5.04,2.01,False,1108.8,-1.6832721552176177,2025-09-27 08:00:36.660000+05:30
device_25,container,2025-09-27 02:30:37.220000+00:00,29.5,4.63,2.01,False,1018.6,2.3392857142857117,2025-09-27 08:00:37.220000+05:30
device_26,container,2025-09-27 02:30:01.810000+00:00,31.6,5.58,2.19,False,1227.6,0.0,2025-09-27 08:00:01.810000+05:30
device_26,container,2025-09-27 02:30:03.312000+00:00,30.47,5.98,2.08,False,1315.6000000000001,-0.7523302263648486,2025-09-27 08:00:03.312000+05:30
device_26,container,2025-09-27 02:30:05.159000+00:00,29.44,4.97,1.95,False,1093.3999999999999,-0.5576610720086614,2025-09-27 08:00:05.159000+05:30
device_26,container,2025-09-27 02:30:06.320000+00:00,28.72,4.43,1.87,False,974.5999999999999,-0.620155038759692,2025-09-27 08:00:06.320000+05:30
device_26,container,2025-09-27 02:30:07.683000+00:00,30.05,4.16,1.99,False,915.2,0.9757887013939852,2025-09-27 08:00:07.683000+05:30
device_26,container,2025-09-27 02:30:08.228000+00:00,28.77,5.32,1.87,False,1170.4,-2.348623853211011,2025-09-27 08:00:08.228000+05:30
device_26,container,2025-09-27 02:30:08.861000+00:00,31.3,5.93,2.04,False,1304.6,3.9968404423380743,2025-09-27 08:00:08.861000+05:30
device_26,container,2025-09-27 02:30:10.644000+00:00,28.68,5.92,2.08,False,1302.4,-1.469433538979249,2025-09-27 08:00:10.644000+05:30
device_26,container,2025-09-27 02:30:11.386000+00:00,29.17,5.17,1.93,False,1137.4,0.6603773584905688,2025-09-27 08:00:11.386000+05:30
device_26,container,2025-09-27 02:30:12.217000+00:00,28.07,5.82,2.08,False,1280.4,-1.3237063778580043,2025-09-27 08:00:12.217000+05:30
device_26,container,2025-09-27 02:30:13.245000+00:00,29.1,4.99,1.87,False,1097.8,1.00194552529183,2025-09-27 08:00:13.245000+05:30
device_26,container,2025-09-27 02:30:14.624000+00:00,31.49,5.25,2.08,False,1155.0,1.7331399564902081,2025-09-27 08:00:14.624000+05:30
device_26,container,2025-09-27 02:30:15.669000+00:00,30.5,5.33,1.9,False,1172.6,-0.9473684210526302,2025-09-27 08:00:15.669000+05:30
device_26,container,2025-09-27 02:30:16.879000+00:00,30.96,4.2,1.94,False,924.0,0.3801652892561991,2025-09-27 08:00:16.879000+05:30
device_26,container,2025-09-27 02:30:18.776000+00:00,30.16,4.94,1.92,False,1086.8000000000002,-0.42171850289931506,2025-09-27 08:00:18.776000+05:30
device_26,container,2025-09-27 02:30:20.090000+00:00,28.29,4.33,1.85,False,952.6,-1.4231354642313554,2025-09-27 08:00:20.090000+05:30
device_26,container,2025-09-27 02:30:22.063000+00:00,30.38,4.45,2.14,False,979.0,1.059300557526609,2025-09-27 08:00:22.063000+05:30
device_26,container,2025-09-27 02:30:23.435000+00:00,28.79,5.22,2.09,False,1148.3999999999999,-1.1588921282798832,2025-09-27 08:00:23.435000+05:30
device_26,container,2025-09-27 02:30:24.042000+00:00,28.97,4.38,2.01,False,963.6,0.2965403624382203,2025-09-27 08:00:24.042000+05:30
device_26,container,2025-09-27 02:30:24.880000+00:00,30.08,5.08,1.81,False,1117.6,1.3245823389021474,2025-09-27 08:00:24.880000+05:30
device_26,container,2025-09-27 02:30:25.605000+00:00,30.82,4.96,2.06,False,1091.2,1.0206896551724165,2025-09-27 08:00:25.605000+05:30
device_26,container,2025-09-27 02:30:26.782000+00:00,28.5,4.61,2.19,False,1014.2,-1.9711129991503824,2025-09-27 08:00:26.782000+05:30
device_26,container,2025-09-27 02:30:28.206000+00:00,31.11,4.85,1.88,False,1067.0,1.8328651685393256,2025-09-27 08:00:28.206000+05:30
device_26,container,2025-09-27 02:30:30.077000+00:00,30.45,5.17,2.06,False,1137.4,-0.352752538749332,2025-09-27 08:00:30.077000+05:30
device_26,container,2025-09-27 02:30:31.477000+00:00,29.46,5.01,1.81,False,1102.2,-0.7071428571428561,2025-09-27 08:00:31.477000+05:30
device_26,container,2025-09-27 02:30:32.799000+00:00,29.38,5.79,1.92,False,1273.8,-0.0605143721633902,2025-09-27 08:00:32.799000+05:30
device_26,container,2025-09-27 02:30:33.876000+00:00,29.99,4.06,1.88,False,893.1999999999999,0.5663881151346327,2025-09-27 08:00:33.876000+05:30
device_26,container,2025-09-27 02:30:34.520000+00:00,30.69,5.78,2.1,False,1271.6000000000001,1.0869565217391348,2025-09-27 08:00:34.520000+05:30
device_26,container,2025-09-27 02:30:35.361000+00:00,28.01,4.08,1.84,False,897.6,-3.186682520808561,2025-09-27 08:00:35.361000+05:30
device_26,container,2025-09-27 02:30:36.038000+00:00,30.48,4.51,2.1,False,992.1999999999999,3.6484490398818297,2025-09-27 08:00:36.038000+05:30
device_27,container,2025-09-27 02:30:01.536000+00:00,28.59,4.24,2.09,False,932.8000000000001,0.0,2025-09-27 08:00:01.536000+05:30
device_27,container,2025-09-27 02:30:02.910000+00:00,28.86,4.16,1.86,False,915.2,0.1965065502183403,2025-09-27 08:00:02.910000+05:30
device_27,container,2025-09-27 02:30:03.609000+00:00,31.42,5.77,2.14,False,1269.3999999999999,3.662374821173108,2025-09-27 08:00:03.609000+05:30
device_27,container,2025-09-27 02:30:05.238000+00:00,30.66,4.85,1.87,False,1067.0,-0.4665438919582576,2025-09-27 08:00:05.238000+05:30
device_27,container,2025-09-27 02:30:06.430000+00:00,31.72,5.76,2.12,False,1267.2,0.889261744966442,2025-09-27 08:00:06.430000+05:30
device_27,container,2025-09-27 02:30:07.922000+00:00,29.3,4.39,1.85,False,965.8,-1.6219839142091141,2025-09-27 08:00:07.922000+05:30
device_27,container,2025-09-27 02:30:09.764000+00:00,30.6,5.39,1.85,False,1185.8,0.7057546145494031,2025-09-27 08:00:09.764000+05:30
device_27,container,2025-09-27 02:30:11.307000+00:00,28.07,4.22,2.12,False,928.4,-1.6396629941672076,2025-09-27 08:00:11.307000+05:30
device_27,container,2025-09-27 02:30:12.656000+00:00,31.41,4.32,1.85,False,950.4000000000001,2.475908080059303,2025-09-27 08:00:12.656000+05:30
device_27,container,2025-09-27 02:30:14.590000+00:00,29.71,5.06,2.1,False,1113.1999999999998,-0.8790072388831434,2025-09-27 08:00:14.590000+05:30
device_27,container,2025-09-27 02:30:15.963000+00:00,28.07,4.34,1.87,False,954.8,-1.1944646758922073,2025-09-27 08:00:15.963000+05:30
device_27,container,2025-09-27 02:30:17.473000+00:00,31.45,5.69,1.87,False,1251.8000000000002,2.2384105960264895,2025-09-27 08:00:17.473000+05:30
device_27,container,2025-09-27 02:30:18.387000+00:00,28.97,5.87,2.11,False,1291.4,-2.7133479212253833,2025-09-27 08:00:18.387000+05:30
device_27,container,2025-09-27 02:30:19.795000+00:00,31.72,4.47,2.0,False,983.4,1.9531250000000002,2025-09-27 08:00:19.795000+05:30
device_27,container,2025-09-27 02:30:21.274000+00:00,31.12,4.21,2.11,False,926.2,-0.40567951318458273,2025-09-27 08:00:21.274000+05:30
device_27,container,2025-09-27 02:30:21.802000+00:00,28.09,4.6,2.08,False,1011.9999999999999,-5.738636363636365,2025-09-27 08:00:21.802000+05:30
device_27,container,2025-09-27 02:30:23.242000+00:00,31.18,4.32,2.01,False,950.4000000000001,2.1458333333333335,2025-09-27 08:00:23.242000+05:30
device_27,container,2025-09-27 02:30:23.985000+00:00,30.97,4.27,1.96,False,939.3999999999999,-0.28263795423957044,2025-09-27 08:00:23.985000+05:30
device_27,container,2025-09-27 02:30:24.679000+00:00,28.33,4.65,1.92,False,1023.0000000000001,-3.804034582132566,2025-09-27 08:00:24.679000+05:30
device_27,container,2025-09-27 02:30:25.870000+00:00,31.26,5.03,2.04,False,1106.6000000000001,2.46011754827876,2025-09-27 08:00:25.870000+05:30
device_27,container,2025-09-27 02:30:27.250000+00:00,30.11,4.52,2.11,False,994.3999999999999,-0.8333333333333349,2025-09-27 08:00:27.250000+05:30
device_27,container,2025-09-27 02:30:29.077000+00:00,31.33,4.98,1.84,False,1095.6000000000001,0.6677613574165292,2025-09-27 08:00:29.077000+05:30
device_27,container,2025-09-27 02:30:29.646000+00:00,30.81,4.43,1.92,False,974.5999999999999,-0.9138840070298763,2025-09-27 08:00:29.646000+05:30
device_27,container,2025-09-27 02:30:30.203000+00:00,29.4,4.31,2.01,False,948.1999999999999,-2.5314183123877916,2025-09-27 08:00:30.203000+05:30
device_27,container,2025-09-27 02:30:31.070000+00:00,29.8,4.31,2.11,False,948.1999999999999,0.46136101499423543,2025-09-27 08:00:31.070000+05:30
device_27,container,2025-09-27 02:30:32.892000+00:00,30.63,4.55,2.05,False,1001.0,0.455543358946212,2025-09-27 08:00:32.892000+05:30
device_27,container,2025-09-27 02:30:33.592000+00:00,29.23,4.04,1.9,False,888.8,-1.999999999999998,2025-09-27 08:00:33.592000+05:30
device_27,container,2025-09-27 02:30:34.475000+00:00,29.72,5.01,2.16,False,1102.2,0.5549263873159666,2025-09-27 08:00:34.475000+05:30
device_27,container,2025-09-27 02:30:35.464000+00:00,28.76,4.78,2.05,False,1051.6000000000001,-0.9706774519716859,2025-09-27 08:00:35.464000+05:30
device_27,container,2025-09-27 02:30:36.177000+00:00,28.01,4.35,1.92,False,956.9999999999999,-1.0518934081346425,2025-09-27 08:00:36.177000+05:30
device_27,container,2025-09-27 02:30:36.753000+00:00,30.51,5.77,1.89,False,1269.3999999999999,4.340277777777778,2025-09-27 08:00:36.753000+05:30
device_28,container,2025-09-27 02:30:01.630000+00:00,31.79,5.53,1.83,False,1216.6000000000001,0.0,2025-09-27 08:00:01.630000+05:30
device_28,container,2025-09-27 02:30:02.770000+00:00,28.62,4.87,2.03,False,1071.4,-2.7807017543859636,2025-09-27 08:00:02.770000+05:30
device_28,container,2025-09-27 02:30:04.182000+00:00,31.29,5.33,2.15,False,1172.6,1.8909348441926332,2025-09-27 08:00:04.182000+05:30
device_28,container,2025-09-27 02:30:05.088000+00:00,30.13,5.21,2.12,False,1146.2,-1.2803532008830023,2025-09-27 08:00:05.088000+05:30
device_28,container,2025-09-27 02:30:06.772000+00:00,31.24,5.4,1.96,False,1188.0,0.6591448931116386,2025-09-27 08:00:06.772000+05:30
device_28,container,2025-09-27 02:30:08.105000+00:00,28.87,5.9,1.83,False,1298.0,-1.7779444861215286,2025-09-27 08:00:08.105000+05:30
device_28,container,2025-09-27 02:30:09.514000+00:00,29.76,5.64,1.98,False,1240.8,0.6316536550745213,2025-09-27 08:00:09.514000+05:30
device_28,container,2025-09-27 02:30:11.052000+00:00,31.52,4.9,1.97,False,1078.0,1.144343302990896,2025-09-27 08:00:11.052000+05:30
device_28,container,2025-09-27 02:30:11.791000+00:00,29.34,5.89,2.09,False,1295.8,-2.949932341001353,2025-09-27 08:00:11.791000+05:30
device_28,container,2025-09-27 02:30:13.133000+00:00,31.2,4.53,2.06,False,996.6,1.3859910581222052,2025-09-27 08:00:13.133000+05:30
device_28,container,2025-09-27 02:30:14.186000+00:00,29.76,4.19,1.99,False,921.8000000000001,-1.3675213675213655,2025-09-27 08:00:14.186000+05:30
device_28,container,2025-09-27 02:30:15.010000+00:00,28.91,5.28,2.09,False,1161.6000000000001,-1.0315533980582543,2025-09-27 08:00:15.010000+05:30
device_28,container,2025-09-27 02:30:16.073000+00:00,28.72,5.79,1.89,False,1273.8,-0.17873941674506236,2025-09-27 08:00:16.073000+05:30
device_28,container,2025-09-27 02:30:18.052000+00:00,29.58,5.17,1.92,False,1137.4,0.434562910560889,2025-09-27 08:00:18.052000+05:30
device_28,container,2025-09-27 02:30:18.574000+00:00,31.26,4.94,2.02,False,1086.8000000000002,3.2183908045977074,2025-09-27 08:00:18.574000+05:30
device_28,container,2025-09-27 02:30:19.193000+00:00,29.76,4.68,2.13,False,1029.6,-2.4232633279483036,2025-09-27 08:00:19.193000+05:30
device_28,container,2025-09-27 02:30:20.897000+00:00,30.87,4.05,2.2,False,891.0,0.651408450704225,2025-09-27 08:00:20.897000+05:30
device_28,container,2025-09-27 02:30:21.651000+00:00,28.82,5.49,2.13,False,1207.8,-2.7188328912466853,2025-09-27 08:00:21.651000+05:30
device_28,container,2025-09-27 02:30:22.996000+00:00,31.06,4.98,2.01,False,1095.6000000000001,1.6654275092936792,2025-09-27 08:00:22.996000+05:30
device_28,container,2025-09-27 02:30:24.911000+00:00,29.08,4.64,1.83,False,1020.8,-1.0339425587467366,2025-09-27 08:00:24.911000+05:30
device_28,container,2025-09-27 02:30:25.872000+00:00,30.06,5.35,1.83,False,1177.0,1.0197710718002087,2025-09-27 08:00:25.872000+05:30
device_28,container,2025-09-27 02:30:26.737000+00:00,30.43,5.86,2.19,False,1289.2,0.42774566473988557,2025-09-27 08:00:26.737000+05:30
device_28,container,2025-09-27 02:30:27.665000+00:00,29.19,4.07,1.94,False,895.4000000000001,-1.3362068965517224,2025-09-27 08:00:27.665000+05:30
device_28,container,2025-09-27 02:30:29.309000+00:00,30.62,4.23,1.81,False,930.6000000000001,0.8698296836982967,2025-09-27 08:00:29.309000+05:30
device_28,container,2025-09-27 02:30:30.065000+00:00,30.64,4.37,1.8,False,961.4,0.02645502645502589,2025-09-27 08:00:30.065000+05:30
device_28,container,2025-09-27 02:30:31.362000+00:00,29.53,4.18,1.84,False,919.5999999999999,-0.8558211256746334,2025-09-27 08:00:31.362000+05:30
device_28,container,2025-09-27 02:30:32.397000+00:00,28.96,5.17,2.18,False,1137.4,-0.5507246376811598,2025-09-27 08:00:32.397000+05:30
device_28,container,2025-09-27 02:30:33.501000+00:00,29.7,4.08,2.17,False,897.6,0.6702898550724623,2025-09-27 08:00:33.501000+05:30
device_28,container,2025-09-27 02:30:34.051000+00:00,28.87,6.0,1.95,False,1320.0,-1.509090909090906,2025-09-27 08:00:34.051000+05:30
device_28,container,2025-09-27 02:30:35.247000+00:00,30.74,4.13,1.98,False,908.6,1.5635451505016702,2025-09-27 08:00:35.247000+05:30
device_28,container,2025-09-27 02:30:36.040000+00:00,30.8,5.9,1.81,False,1298.0,0.0756620428751605,2025-09-27 08:00:36.040000+05:30
device_29,container,2025-09-27 02:30:02.653000+00:00,30.52,4.05,1.83,False,891.0,0.0,2025-09-27 08:00:02.653000+05:30
device_29,container,2025-09-27 02:30:03.653000+00:00,29.07,4.43,2.08,False,974.5999999999999,-1.4499999999999993,2025-09-27 08:00:03.653000+05:30
device_29,container,2025-09-27 02:30:04.273000+00:00,29.81,5.83,2.01,False,1282.6,1.1935483870967716,2025-09-27 08:00:04.273000+05:30
device_29,container,2025-09-27 02:30:05.454000+00:00,30.52,5.37,1.89,False,1181.4,0.6011854360711268,2025-09-27 08:00:05.454000+05:30
device_29,container,2025-09-27 02:30:06.507000+00:00,29.78,5.61,1.81,False,1234.2,-0.702754036087368,2025-09-27 08:00:06.507000+05:30
device_29,container,2025-09-27 02:30:08.415000+00:00,30.97,4.16,2.09,False,915.2,0.6236897274633112,2025-09-27 08:00:08.415000+05:30
device_29,container,2025-09-27 02:30:09.321000+00:00,29.34,4.41,1.86,False,970.2,-1.7991169977924932,2025-09-27 08:00:09.321000+05:30
device_29,container,2025-09-27 02:30:10.640000+00:00,28.88,5.95,2.05,False,1309.0,-0.34874905231235853,2025-09-27 08:00:10.640000+05:30
device_29,container,2025-09-27 02:30:11.332000+00:00,30.11,4.83,1.87,False,1062.6,1.7774566473988447,2025-09-27 08:00:11.332000+05:30
device_29,container,2025-09-27 02:30:13.145000+00:00,30.1,4.74,2.08,False,1042.8,-0.00551571980143299,2025-09-27 08:00:13.145000+05:30
device_29,container,2025-09-27 02:30:14.610000+00:00,30.5,4.1,1.9,False,901.9999999999999,0.27303754266211505,2025-09-27 08:00:14.610000+05:30
device_29,container,2025-09-27 02:30:16.160000+00:00,29.75,5.36,2.0,False,1179.2,-0.48387096774193544,2025-09-27 08:00:16.160000+05:30
device_29,container,2025-09-27 02:30:17.577000+00:00,30.0,4.75,1.89,False,1045.0,0.1764290755116443,2025-09-27 08:00:17.577000+05:30
device_29,container,2025-09-27 02:30:19.354000+00:00,29.58,4.75,2.14,False,1045.0,-0.2363534046145198,2025-09-27 08:00:19.354000+05:30
device_29,container,2025-09-27 02:30:20.590000+00:00,28.07,4.36,2.18,False,959.2,-1.2216828478964386,2025-09-27 08:00:20.590000+05:30
device_29,container,2025-09-27 02:30:21.881000+00:00,29.92,4.02,2.13,False,884.3999999999999,1.4329976762199856,2025-09-27 08:00:21.881000+05:30
device_29,container,2025-09-27 02:30:23.730000+00:00,29.51,5.39,1.9,False,1185.8,-0.22174148188209852,2025-09-27 08:00:23.730000+05:30
device_29,container,2025-09-27 02:30:24.851000+00:00,28.66,5.78,2.17,False,1271.6000000000001,-0.7582515611061564,2025-09-27 08:00:24.851000+05:30
device_29,container,2025-09-27 02:30:26.828000+00:00,28.09,5.56,2.06,False,1223.1999999999998,-0.2883156297420335,2025-09-27 08:00:26.828000+05:30
device_29,container,2025-09-27 02:30:28.752000+00:00,28.97,5.84,2.17,False,1284.8,0.4573804573804569,2025-09-27 08:00:28.752000+05:30
device_29,container,2025-09-27 02:30:30.512000+00:00,31.86,4.2,1.97,False,924.0,1.6420454545454548,2025-09-27 08:00:30.512000+05:30
device_29,container,2025-09-27 02:30:32.148000+00:00,28.98,4.71,2.0,False,1036.2,-1.7603911980440092,2025-09-27 08:00:32.148000+05:30
device_29,container,2025-09-27 02:30:34.027000+00:00,28.76,5.32,2.19,False,1170.4,-0.11708355508249008,2025-09-27 08:00:34.027000+05:30
device_29,container,2025-09-27 02:30:35.450000+00:00,28.89,5.76,2.05,False,1267.2,0.09135628952916304,2025-09-27 08:00:35.450000+05:30
device_29,container,2025-09-27 02:30:36.603000+00:00,30.28,5.25,2.02,False,1155.0,1.2055507372072858,2025-09-27 08:00:36.603000+05:30
device_3,pipe,2025-09-27 02:30:02.162000+00:00,28.99,4.28,1.94,True,941.6,0.0,2025-09-27 08:00:02.162000+05:30
device_3,pipe,2025-09-27 02:30:03.595000+00:00,29.21,5.77,1.83,True,1269.3999999999999,0.15352407536636595,2025-09-27 08:00:03.595000+05:30
device_3,pipe,2025-09-27 02:30:05.406000+00:00,31.29,4.86,1.92,True,1069.2,1.1485367200441736,2025-09-27 08:00:05.406000+05:30
device_3,pipe,2025-09-27 02:30:06.399000+00:00,29.65,5.99,2.01,True,1317.8,-1.6515609264853983,2025-09-27 08:00:06.399000+05:30
device_3,pipe,2025-09-27 02:30:07.114000+00:00,28.32,4.29,1.84,True,943.8,-1.8601398601398578,2025-09-27 08:00:07.114000+05:30
device_3,pipe,2025-09-27 02:30:08.508000+00:00,30.55,5.28,1.81,True,1161.6000000000001,1.5997130559540893,2025-09-27 08:00:08.508000+05:30
device_3,pipe,2025-09-27 02:30:10.224000+00:00,31.73,4.28,1.82,True,941.6,0.6876456876456875,2025-09-27 08:00:10.224000+05:30
device_3,pipe,2025-09-27 02:30:11.847000+00:00,29.04,4.28,2.13,True,941.6,-1.6574245224892183,2025-09-27 08:00:11.847000+05:30
device_3,pipe,2025-09-27 02:30:13.138000+00:00,29.41,5.14,2.01,True,1130.8,0.28659953524399767,2025-09-27 08:00:13.138000+05:30
device_3,pipe,2025-09-27 02:30:14.634000+00:00,31.85,4.13,1.88,True,908.6,1.6310160427807496,2025-09-27 08:00:14.634000+05:30
device_3,pipe,2025-09-27 02:30:15.327000+00:00,31.19,4.19,2.18,True,921.8000000000001,-0.9523809523809527,2025-09-27 08:00:15.327000+05:30
device_3,pipe,2025-09-27 02:30:16.306000+00:00,29.27,4.34,1.92,True,954.8,-1.961184882533199,2025-09-27 08:00:16.306000+05:30
device_3,pipe,2025-09-27 02:30:17.203000+00:00,28.6,4.42,1.81,True,972.4,-0.7469342251950927,2025-09-27 08:00:17.203000+05:30
device_3,pipe,2025-09-27 02:30:18.800000+00:00,31.52,4.15,2.03,True,913.0000000000001,1.8284283030682518,2025-09-27 08:00:18.800000+05:30
device_3,pipe,2025-09-27 02:30:19.910000+00:00,29.57,5.68,2.13,True,1249.6,-1.756756756756756,2025-09-27 08:00:19.910000+05:30
device_3,pipe,2025-09-27 02:30:21.047000+00:00,29.01,4.37,2.13,True,961.4,-0.49252418645558377,2025-09-27 08:00:21.047000+05:30
device_3,pipe,2025-09-27 02:30:22.612000+00:00,29.29,4.01,2.13,True,882.1999999999999,0.1789137380191678,2025-09-27 08:00:22.612000+05:30
device_3,pipe,2025-09-27 02:30:23.445000+00:00,31.26,4.99,2.16,True,1097.8,2.3649459783913596,2025-09-27 08:00:23.445000+05:30
device_3,pipe,2025-09-27 02:30:25.035000+00:00,30.47,4.95,2.08,True,1089.0,-0.49685534591195135,2025-09-27 08:00:25.035000+05:30
device_3,pipe,2025-09-27 02:30:26.753000+00:00,30.72,4.65,2.02,True,1023.0000000000001,0.14551804423748546,2025-09-27 08:00:26.753000+05:30
device_3,pipe,2025-09-27 02:30:28.172000+00:00,29.41,5.73,1.94,True,1260.6000000000001,-0.923185341789992,2025-09-27 08:00:28.172000+05:30
device_3,pipe,2025-09-27 02:30:29.568000+00:00,31.74,5.88,2.02,True,1293.6,1.669054441260744,2025-09-27 08:00:29.568000+05:30
device_3,pipe,2025-09-27 02:30:30.976000+00:00,31.96,5.4,2.06,True,1188.0,0.15625000000000172,2025-09-27 08:00:30.976000+05:30
device_3,pipe,2025-09-27 02:30:32.133000+00:00,30.98,4.46,2.05,True,981.2,-0.8470181503889372,2025-09-27 08:00:32.133000+05:30
device_3,pipe,2025-09-27 02:30:34.101000+00:00,30.7,4.19,1.87,True,921.8000000000001,-0.14227642276422822,2025-09-27 08:00:34.101000+05:30
device_3,pipe,2025-09-27 02:30:35.193000+00:00,28.69,5.64,2.0,True,1240.8,-1.8406593406593388,2025-09-27 08:00:35.193000+05:30
device_3,pipe,2025-09-27 02:30:36.348000+00:00,28.9,4.03,1.81,True,886.6,0.18181818181817946,2025-09-27 08:00:36.348000+05:30
device_3,pipe,2025-09-27 02:30:37.270000+00:00,28.79,5.15,2.07,True,1133.0,-0.11930585683297118,2025-09-27 08:00:37.270000+05:30
device_30,container,2025-09-27 02:30:02.635000+00:00,30.59,4.05,1.96,False,891.0,0.0,2025-09-27 08:00:02.635000+05:30
device_30,container,2025-09-27 02:30:03.856000+00:00,29.18,5.42,2.06,False,1192.4,-1.154791154791155,2025-09-27 08:00:03.856000+05:30
device_30,container,2025-09-27 02:30:04.709000+00:00,29.8,4.19,1.93,False,921.8000000000001,0.7268464243845264,2025-09-27 08:00:04.709000+05:30
device_30,container,2025-09-27 02:30:05.631000+00:00,30.63,4.79,2.15,False,1053.8,0.9002169197396944,2025-09-27 08:00:05.631000+05:30
device_30,container,2025-09-27 02:30:07.048000+00:00,29.17,5.07,2.03,False,1115.4,-1.0303458009880009,2025-09-27 08:00:07.048000+05:30
device_30,container,2025-09-27 02:30:07.993000+00:00,30.44,5.51,1.87,False,1212.2,1.3439153439153435,2025-09-27 08:00:07.993000+05:30
device_30,container,2025-09-27 02:30:09.823000+00:00,31.25,4.43,1.82,False,974.5999999999999,0.4426229508196714,2025-09-27 08:00:09.823000+05:30
device_30,container,2025-09-27 02:30:11.433000+00:00,28.0,5.73,2.08,False,1260.6000000000001,-2.0186335403726705,2025-09-27 08:00:11.433000+05:30
device_30,container,2025-09-27 02:30:12.495000+00:00,28.41,5.82,1.89,False,1280.4,0.38606403013182683,2025-09-27 08:00:12.495000+05:30
device_30,container,2025-09-27 02:30:13.627000+00:00,30.39,5.01,1.82,False,1102.2,1.749116607773852,2025-09-27 08:00:13.627000+05:30
device_30,container,2025-09-27 02:30:14.794000+00:00,29.87,5.2,1.82,False,1144.0,-0.44558697514995677,2025-09-27 08:00:14.794000+05:30
device_30,container,2025-09-27 02:30:15.660000+00:00,29.24,4.04,1.8,False,888.8,-0.7274826789838367,2025-09-27 08:00:15.660000+05:30
device_30,container,2025-09-27 02:30:16.270000+00:00,31.18,4.51,1.87,False,992.1999999999999,3.180327868852461,2025-09-27 08:00:16.270000+05:30
device_30,container,2025-09-27 02:30:17.734000+00:00,31.74,5.94,1.91,False,1306.8000000000002,0.38251366120218494,2025-09-27 08:00:17.734000+05:30
device_30,container,2025-09-27 02:30:19.629000+00:00,31.17,4.12,2.15,False,906.4,-0.30079155672823044,2025-09-27 08:00:19.629000+05:30
device_30,container,2025-09-27 02:30:21.249000+00:00,31.67,5.34,1.92,False,1174.8,0.30864197530864196,2025-09-27 08:00:21.249000+05:30
device_30,container,2025-09-27 02:30:22.744000+00:00,28.22,5.2,2.16,False,1144.0,-2.3076923076923093,2025-09-27 08:00:22.744000+05:30
device_30,container,2025-09-27 02:30:23.925000+00:00,28.26,5.99,2.17,False,1317.8,0.033869602032178404,2025-09-27 08:00:23.925000+05:30
device_30,container,2025-09-27 02:30:24.787000+00:00,28.52,5.05,2.03,False,1111.0,0.3016241299303921,2025-09-27 08:00:24.787000+05:30
device_30,container,2025-09-27 02:30:26.021000+00:00,29.88,4.88,1.91,False,1073.6,1.1021069692058343,2025-09-27 08:00:26.021000+05:30
device_30,container,2025-09-27 02:30:26.644000+00:00,31.77,4.84,1.96,False,1064.8,3.03370786516854,2025-09-27 08:00:26.644000+05:30
device_30,container,2025-09-27 02:30:27.946000+00:00,31.35,5.25,1.81,False,1155.0,-0.32258064516128887,2025-09-27 08:00:27.946000+05:30
device_30,container,2025-09-27 02:30:29.219000+00:00,31.2,4.05,2.02,False,891.0,-0.11783189316575188,2025-09-27 08:00:29.219000+05:30
device_30,container,2025-09-27 02:30:29.956000+00:00,29.87,5.53,1.96,False,1216.6000000000001,-1.8046132971506084,2025-09-27 08:00:29.956000+05:30
device_30,container,2025-09-27 02:30:30.813000+00:00,31.98,5.6,1.88,False,1232.0,2.462077012835472,2025-09-27 08:00:30.813000+05:30
device_30,container,2025-09-27 02:30:32.026000+00:00,29.46,5.88,2.0,False,1293.6,-2.077493816982687,2025-09-27 08:00:32.026000+05:30
device_30,container,2025-09-27 02:30:33.510000+00:00,31.17,5.82,1.8,False,1280.4,1.1522911051212943,2025-09-27 08:00:33.510000+05:30
device_30,container,2025-09-27 02:30:34.379000+00:00,29.69,4.37,2.18,False,961.4,-1.7031070195627163,2025-09-27 08:00:34.379000+05:30
device_30,container,2025-09-27 02:30:35.745000+00:00,30.57,5.22,2.19,False,1148.3999999999999,0.6442166910688133,2025-09-27 08:00:35.745000+05:30
device_30,container,2025-09-27 02:30:36.441000+00:00,28.36,4.8,2.02,False,1056.0,-3.1752873563218404,2025-09-27 08:00:36.441000+05:30
device_30,container,2025-09-27 02:30:37.218000+00:00,31.74,4.45,1.99,False,979.0,4.350064350064349,2025-09-27 08:00:37.218000+05:30
device_31,battery_bank,2025-09-27 02:30:01.533000+00:00,30.37,5.14,2.07,False,1130.8,0.0,2025-09-27 08:00:01.533000+05:30
device_31,battery_bank,2025-09-27 02:30:02.227000+00:00,31.17,5.9,2.04,False,1298.0,1.1527377521613844,2025-09-27 08:00:02.227000+05:30
device_31,battery_bank,2025-09-27 02:30:02.847000+00:00,28.72,5.02,2.03,False,1104.3999999999999,-3.951612903225811,2025-09-27 08:00:02.847000+05:30
device_31,battery_bank,2025-09-27 02:30:03.791000+00:00,29.41,5.45,2.17,False,1199.0,0.7309322033898319,2025-09-27 08:00:03.791000+05:30
device_31,battery_bank,2025-09-27 02:30:04.818000+00:00,30.95,4.29,1.89,False,943.8,1.4995131450827646,2025-09-27 08:00:04.818000+05:30
device_31,battery_bank,2025-09-27 02:30:06.678000+00:00,28.85,5.02,1.99,False,1104.3999999999999,-1.129032258064515,2025-09-27 08:00:06.678000+05:30
device_31,battery_bank,2025-09-27 02:30:07.401000+00:00,28.76,5.66,1.95,False,1245.2,-0.12448132780082968,2025-09-27 08:00:07.401000+05:30
device_31,battery_bank,2025-09-27 02:30:09.082000+00:00,29.06,4.89,1.93,False,1075.8,0.1784651992861375,2025-09-27 08:00:09.082000+05:30
device_31,battery_bank,2025-09-27 02:30:09.672000+00:00,31.8,5.87,1.81,False,1291.4,4.644067796610173,2025-09-27 08:00:09.672000+05:30
device_31,battery_bank,2025-09-27 02:30:10.341000+00:00,31.33,5.57,1.82,False,1225.4,-0.7025411061285537,2025-09-27 08:00:10.341000+05:30
device_31,battery_bank,2025-09-27 02:30:11.184000+00:00,29.88,4.51,2.05,False,992.1999999999999,-1.7200474495848153,2025-09-27 08:00:11.184000+05:30
device_31,battery_bank,2025-09-27 02:30:12.666000+00:00,28.22,4.14,2.11,False,910.8,-1.1201079622132255,2025-09-27 08:00:12.666000+05:30
device_31,battery_bank,2025-09-27 02:30:14.561000+00:00,29.76,5.34,1.96,False,1174.8,0.8126649076517165,2025-09-27 08:00:14.561000+05:30
device_31,battery_bank,2025-09-27 02:30:16.284000+00:00,29.22,5.71,1.95,False,1256.2,-0.31340684852002476,2025-09-27 08:00:16.284000+05:30
device_31,battery_bank,2025-09-27 02:30:17.512000+00:00,30.62,5.87,2.07,False,1291.4,1.1400651465798064,2025-09-27 08:00:17.512000+05:30
device_31,battery_bank,2025-09-27 02:30:19.518000+00:00,30.44,5.27,1.98,False,1159.3999999999999,-0.08973080757726806,2025-09-27 08:00:19.518000+05:30
device_31,battery_bank,2025-09-27 02:30:21.260000+00:00,28.04,5.86,1.87,False,1289.2,-1.3777267508610804,2025-09-27 08:00:21.260000+05:30
device_31,battery_bank,2025-09-27 02:30:22.010000+00:00,29.28,5.46,1.82,False,1201.2,1.653333333333336,2025-09-27 08:00:22.010000+05:30
device_31,battery_bank,2025-09-27 02:30:23.062000+00:00,30.26,4.56,2.09,False,1003.1999999999999,0.9315589353612171,2025-09-27 08:00:23.062000+05:30
device_31,battery_bank,2025-09-27 02:30:23.670000+00:00,31.21,5.94,1.97,False,1306.8000000000002,1.562499999999999,2025-09-27 08:00:23.670000+05:30
device_31,battery_bank,2025-09-27 02:30:25.344000+00:00,28.68,4.97,2.07,False,1093.3999999999999,-1.5113500597371572,2025-09-27 08:00:25.344000+05:30
device_31,battery_bank,2025-09-27 02:30:26.460000+00:00,29.04,4.86,2.13,False,1069.2,0.32258064516128976,2025-09-27 08:00:26.460000+05:30
device_31,battery_bank,2025-09-27 02:30:27.175000+00:00,31.14,4.56,1.97,False,1003.1999999999999,2.9370629370629393,2025-09-27 08:00:27.175000+05:30
device_31,battery_bank,2025-09-27 02:30:28.387000+00:00,31.86,4.52,1.91,False,994.3999999999999,0.5940594059405931,2025-09-27 08:00:28.387000+05:30
device_31,battery_bank,2025-09-27 02:30:29.869000+00:00,30.22,5.4,2.17,False,1188.0,-1.1066126855600544,2025-09-27 08:00:29.869000+05:30
device_31,battery_bank,2025-09-27 02:30:30.518000+00:00,31.63,4.03,1.82,False,886.6,2.172573189522342,2025-09-27 08:00:30.518000+05:30
device_31,battery_bank,2025-09-27 02:30:32.474000+00:00,29.84,4.63,2.05,False,1018.6,-0.9151329243353779,2025-09-27 08:00:32.474000+05:30
device_31,battery_bank,2025-09-27 02:30:34.133000+00:00,31.3,5.72,2.15,False,1258.3999999999999,0.8800482218203742,2025-09-27 08:00:34.133000+05:30
device_31,battery_bank,2025-09-27 02:30:34.676000+00:00,31.33,5.33,1.89,False,1172.6,0.05524861878452594,2025-09-27 08:00:34.676000+05:30
device_31,battery_bank,2025-09-27 02:30:36.385000+00:00,30.58,5.7,2.18,False,1254.0,-0.4388531304856641,2025-09-27 08:00:36.385000+05:30
device_31,battery_bank,2025-09-27 02:30:37.132000+00:00,28.84,5.17,2.05,False,1137.4,-2.329317269076303,2025-09-27 08:00:37.132000+05:30
device_32,battery_bank,2025-09-27 02:30:01.370000+00:00,29.84,5.72,2.2,False,1258.3999999999999,0.0,2025-09-27 08:00:01.370000+05:30
device_32,battery_bank,2025-09-27 02:30:02.932000+00:00,31.74,4.27,1.87,False,939.3999999999999,1.2163892445582576,2025-09-27 08:00:02.932000+05:30
device_32,battery_bank,2025-09-27 02:30:04.271000+00:00,30.18,4.57,1.9,False,1005.4000000000001,-1.1650485436893194,2025-09-27 08:00:04.271000+05:30
device_32,battery_bank,2025-09-27 02:30:05.347000+00:00,30.76,4.79,2.16,False,1053.8,0.5390334572490724,2025-09-27 08:00:05.347000+05:30
device_32,battery_bank,2025-09-27 02:30:07.145000+00:00,30.84,4.9,1.9,False,1078.0,0.04449388209121151,2025-09-27 08:00:07.145000+05:30
device_32,battery_bank,2025-09-27 02:30:08.908000+00:00,28.21,4.15,2.11,False,913.0000000000001,-1.4917753828701072,2025-09-27 08:00:08.908000+05:30
device_32,battery_bank,2025-09-27 02:30:10.348000+00:00,31.47,4.13,2.1,False,908.6,2.2638888888888875,2025-09-27 08:00:10.348000+05:30
device_32,battery_bank,2025-09-27 02:30:11.638000+00:00,31.57,5.6,1.94,False,1232.0,0.07751937984496234,2025-09-27 08:00:11.638000+05:30
device_32,battery_bank,2025-09-27 02:30:12.516000+00:00,29.05,4.02,2.2,False,884.3999999999999,-2.8701594533029606,2025-09-27 08:00:12.516000+05:30
device_32,battery_bank,2025-09-27 02:30:13.579000+00:00,30.36,5.96,1.95,False,1311.2,1.2323612417685783,2025-09-27 08:00:13.579000+05:30
device_32,battery_bank,2025-09-27 02:30:15.350000+00:00,29.46,5.03,2.07,False,1106.6000000000001,-0.5081874647092031,2025-09-27 08:00:15.350000+05:30
device_32,battery_bank,2025-09-27 02:30:17.265000+00:00,29.3,4.04,2.11,False,888.8,-0.08355091383812017,2025-09-27 08:00:17.265000+05:30
device_32,battery_bank,2025-09-27 02:30:18.698000+00:00,29.12,5.26,1.87,False,1157.2,-0.1256106071179342,2025-09-27 08:00:18.698000+05:30
device_32,battery_bank,2025-09-27 02:30:20.209000+00:00,30.0,5.6,2.0,False,1232.0,0.5823957643944402,2025-09-27 08:00:20.209000+05:30
device_32,battery_bank,2025-09-27 02:30:21.435000+00:00,28.67,4.61,2.19,False,1014.2,-1.0848287112561161,2025-09-27 08:00:21.435000+05:30
device_32,battery_bank,2025-09-27 02:30:23.089000+00:00,30.34,5.08,1.83,False,1117.6,1.0096735187424415,2025-09-27 08:00:23.089000+05:30
device_32,battery_bank,2025-09-27 02:30:23.764000+00:00,31.4,4.34,1.9,False,954.8,1.5703703703703684,2025-09-27 08:00:23.764000+05:30
device_32,battery_bank,2025-09-27 02:30:25.746000+00:00,29.26,4.92,2.03,False,1082.4,-1.0797174571140247,2025-09-27 08:00:25.746000+05:30
device_32,battery_bank,2025-09-27 02:30:26.906000+00:00,29.08,4.07,1.81,False,895.4000000000001,-0.15517241379310628,2025-09-27 08:00:26.906000+05:30
device_32,battery_bank,2025-09-27 02:30:28.672000+00:00,30.92,5.35,1.85,False,1177.0,1.0419026047565139,2025-09-27 08:00:28.672000+05:30
device_32,battery_bank,2025-09-27 02:30:30.373000+00:00,29.34,4.75,2.01,False,1045.0,-0.9288653733098188,2025-09-27 08:00:30.373000+05:30
device_32,battery_bank,2025-09-27 02:30:30.887000+00:00,30.17,5.65,2.11,False,1243.0,1.6147859922179024,2025-09-27 08:00:30.887000+05:30
device_32,battery_bank,2025-09-27 02:30:32.682000+00:00,28.21,4.86,2.07,False,1069.2,-1.0919220055710313,2025-09-27 08:00:32.682000+05:30
device_32,battery_bank,2025-09-27 02:30:33.903000+00:00,30.18,5.77,2.0,False,1269.3999999999999,1.6134316134316125,2025-09-27 08:00:33.903000+05:30
device_32,battery_bank,2025-09-27 02:30:35.455000+00:00,28.97,4.94,2.15,False,1086.8000000000002,-0.7796391752577325,2025-09-27 08:00:35.455000+05:30
device_32,battery_bank,2025-09-27 02:30:36.545000+00:00,28.93,5.08,2.16,False,1117.6,-0.036697247706421236,2025-09-27 08:00:36.545000+05:30
device_32,battery_bank,2025-09-27 02:30:37.094000+00:00,30.79,4.89,1.93,False,1075.8,3.3879781420765016,2025-09-27 08:00:37.094000+05:30
device_33,battery_bank,2025-09-27 02:30:02.199000+00:00,28.92,4.77,1.92,False,1049.3999999999999,0.0,2025-09-27 08:00:02.199000+05:30
device_33,battery_bank,2025-09-27 02:30:02.880000+00:00,29.66,4.04,2.05,False,888.8,1.0866372980910401,2025-09-27 08:00:02.880000+05:30
device_33,battery_bank,2025-09-27 02:30:03.675000+00:00,30.18,5.12,1.88,False,1126.4,0.6540880503144648,2025-09-27 08:00:03.675000+05:30
device_33,battery_bank,2025-09-27 02:30:04.320000+00:00,28.16,5.25,2.11,False,1155.0,-3.1317829457364335,2025-09-27 08:00:04.320000+05:30
device_33,battery_bank,2025-09-27 02:30:06.063000+00:00,29.64,5.27,1.93,False,1159.3999999999999,0.8491107286288011,2025-09-27 08:00:06.063000+05:30
device_33,battery_bank,2025-09-27 02:30:06.958000+00:00,31.14,5.98,2.16,False,1315.6000000000001,1.675977653631285,2025-09-27 08:00:06.958000+05:30
device_33,battery_bank,2025-09-27 02:30:08.871000+00:00,28.65,4.71,2.09,False,1036.2,-1.301620491374805,2025-09-27 08:00:08.871000+05:30
device_33,battery_bank,2025-09-27 02:30:09.662000+00:00,28.6,4.43,1.85,False,974.5999999999999,-0.06321112515802421,2025-09-27 08:00:09.662000+05:30
device_33,battery_bank,2025-09-27 02:30:11.062000+00:00,29.82,4.59,2.13,False,1009.8,0.8714285714285707,2025-09-27 08:00:11.062000+05:30
device_33,battery_bank,2025-09-27 02:30:12.449000+00:00,28.13,5.15,1.98,False,1133.0,-1.2184571016582562,2025-09-27 08:00:12.449000+05:30
device_33,battery_bank,2025-09-27 02:30:13.332000+00:00,29.49,4.7,2.17,False,1034.0,1.5402038505096256,2025-09-27 08:00:13.332000+05:30
device_33,battery_bank,2025-09-27 02:30:14.854000+00:00,30.42,4.07,1.81,False,895.4000000000001,0.6110381077529587,2025-09-27 08:00:14.854000+05:30
device_33,battery_bank,2025-09-27 02:30:15.880000+00:00,29.96,5.84,1.99,False,1284.8,-0.4483430799220281,2025-09-27 08:00:15.880000+05:30
device_33,battery_bank,2025-09-27 02:30:17.575000+00:00,29.36,4.59,1.99,False,1009.8,-0.3539823008849566,2025-09-27 08:00:17.575000+05:30
device_33,battery_bank,2025-09-27 02:30:18.614000+00:00,31.52,4.0,1.92,False,880.0,2.0789220404234845,2025-09-27 08:00:18.614000+05:30
device_33,battery_bank,2025-09-27 02:30:19.325000+00:00,31.77,4.41,1.81,False,970.2,0.35161744022503516,2025-09-27 08:00:19.325000+05:30
device_33,battery_bank,2025-09-27 02:30:20.626000+00:00,29.99,5.33,2.18,False,1172.6,-1.3681783243658734,2025-09-27 08:00:20.626000+05:30
device_33,battery_bank,2025-09-27 02:30:22.057000+00:00,29.83,5.72,1.99,False,1258.3999999999999,-0.11180992313067795,2025-09-27 08:00:22.057000+05:30
device_33,battery_bank,2025-09-27 02:30:23.526000+00:00,29.19,4.35,2.08,False,956.9999999999999,-0.4356705241660973,2025-09-27 08:00:23.526000+05:30
device_33,battery_bank,2025-09-27 02:30:25.532000+00:00,29.14,4.14,2.0,False,910.8,-0.0249252243270193,2025-09-27 08:00:25.532000+05:30
device_33,battery_bank,2025-09-27 02:30:26.536000+00:00,31.54,4.82,1.93,False,1060.4,2.390438247011951,2025-09-27 08:00:26.536000+05:30
device_33,battery_bank,2025-09-27 02:30:28.383000+00:00,30.75,4.03,2.05,False,886.6,-0.4277206280454787,2025-09-27 08:00:28.383000+05:30
device_33,battery_bank,2025-09-27 02:30:29.849000+00:00,30.03,4.13,2.14,False,908.6,-0.49113233287858044,2025-09-27 08:00:29.849000+05:30
device_33,battery_bank,2025-09-27 02:30:31.763000+00:00,30.57,5.99,2.14,False,1317.8,0.28213166144200585,2025-09-27 08:00:31.763000+05:30
device_33,battery_bank,2025-09-27 02:30:32.922000+00:00,31.35,4.9,2.12,False,1078.0,0.6729939603106135,2025-09-27 08:00:32.922000+05:30
device_33,battery_bank,2025-09-27 02:30:34.273000+00:00,29.46,5.27,1.9,False,1159.3999999999999,-1.3989637305699487,2025-09-27 08:00:34.273000+05:30
device_33,battery_bank,2025-09-27 02:30:35.138000+00:00,29.23,5.22,2.17,False,1148.3999999999999,-0.2658959537572259,2025-09-27 08:00:35.138000+05:30
device_33,battery_bank,2025-09-27 02:30:37.101000+00:00,30.97,4.73,1.87,False,1040.6000000000001,0.8863983698420776,2025-09-27 08:00:37.101000+05:30
device_34,battery_bank,2025-09-27 02:30:01.876000+00:00,31.76,4.28,2.01,False,941.6,0.0,2025-09-27 08:00:01.876000+05:30
device_34,battery_bank,2025-09-27 02:30:02.521000+00:00,31.57,4.76,2.12,False,1047.2,-0.2945736434108547,2025-09-27 08:00:02.521000+05:30
device_34,battery_bank,2025-09-27 02:30:04.381000+00:00,28.08,5.26,1.85,False,1157.2,-1.8763440860215064,2025-09-27 08:00:04.381000+05:30
device_34,battery_bank,2025-09-27 02:30:06.070000+00:00,28.9,5.06,2.06,False,1113.1999999999998,0.4854943753700416,2025-09-27 08:00:06.070000+05:30
device_34,battery_bank,2025-09-27 02:30:07.926000+00:00,29.59,4.77,1.87,False,1049.3999999999999,0.371767241379311,2025-09-27 08:00:07.926000+05:30
device_34,battery_bank,2025-09-27 02:30:08.631000+00:00,31.04,5.88,1.81,False,1293.6,2.0567375886524815,2025-09-27 08:00:08.631000+05:30
device_34,battery_bank,2025-09-27 02:30:09.312000+00:00,31.59,4.56,1.82,False,1003.1999999999999,0.8076358296622623,2025-09-27 08:00:09.312000+05:30
device_34,battery_bank,2025-09-27 02:30:10.087000+00:00,30.83,5.74,1.88,False,1262.8,-0.9806451612903245,2025-09-27 08:00:10.087000+05:30
device_34,battery_bank,2025-09-27 02:30:11.375000+00:00,31.7,4.72,2.18,False,1038.3999999999999,0.6754658385093175,2025-09-27 08:00:11.375000+05:30
device_34,battery_bank,2025-09-27 02:30:13.142000+00:00,29.58,5.41,1.86,False,1190.2,-1.1997736276174313,2025-09-27 08:00:13.142000+05:30
device_34,battery_bank,2025-09-27 02:30:14.563000+00:00,31.39,4.36,1.96,False,959.2,1.2737508796622112,2025-09-27 08:00:14.563000+05:30
device_34,battery_bank,2025-09-27 02:30:15.516000+00:00,29.0,5.99,1.86,False,1317.8,-2.507869884575027,2025-09-27 08:00:15.516000+05:30
device_34,battery_bank,2025-09-27 02:30:16.665000+00:00,31.05,5.41,2.06,False,1190.2,1.7841601392515236,2025-09-27 08:00:16.665000+05:30
device_34,battery_bank,2025-09-27 02:30:17.208000+00:00,30.43,4.4,1.89,False,968.0000000000001,-1.1418047882136297,2025-09-27 08:00:17.208000+05:30
device_34,battery_bank,2025-09-27 02:30:18.696000+00:00,29.13,4.1,1.99,False,901.9999999999999,-0.8736559139784951,2025-09-27 08:00:18.696000+05:30
device_34,battery_bank,2025-09-27 02:30:20.129000+00:00,29.09,4.9,1.99,False,1078.0,-0.02791346824842927,2025-09-27 08:00:20.129000+05:30
device_34,battery_bank,2025-09-27 02:30:22.053000+00:00,28.4,5.11,1.91,False,1124.2,-0.3586278586278593,2025-09-27 08:00:22.053000+05:30
device_34,battery_bank,2025-09-27 02:30:23.647000+00:00,28.41,5.03,2.11,False,1106.6000000000001,0.006273525721456438,2025-09-27 08:00:23.647000+05:30
device_34,battery_bank,2025-09-27 02:30:25.375000+00:00,31.83,4.17,2.13,False,917.4,1.9791666666666656,2025-09-27 08:00:25.375000+05:30
device_34,battery_bank,2025-09-27 02:30:26.397000+00:00,28.17,5.95,1.98,False,1309.0,-3.5812133072407013,2025-09-27 08:00:26.397000+05:30
device_34,battery_bank,2025-09-27 02:30:27.275000+00:00,30.79,5.97,1.88,False,1313.3999999999999,2.9840546697038697,2025-09-27 08:00:27.275000+05:30
device_34,battery_bank,2025-09-27 02:30:28.892000+00:00,29.1,5.03,2.04,False,1106.6000000000001,-1.0451453308596153,2025-09-27 08:00:28.892000+05:30
device_34,battery_bank,2025-09-27 02:30:29.958000+00:00,29.82,5.44,2.01,False,1196.8000000000002,0.6754221388367719,2025-09-27 08:00:29.958000+05:30
device_34,battery_bank,2025-09-27 02:30:31.932000+00:00,30.74,4.46,2.05,False,981.2,0.4660587639311034,2025-09-27 08:00:31.932000+05:30
device_34,battery_bank,2025-09-27 02:30:32.986000+00:00,31.76,5.32,1.83,False,1170.4,0.9677419354838739,2025-09-27 08:00:32.986000+05:30
device_34,battery_bank,2025-09-27 02:30:34.332000+00:00,30.37,5.05,2.06,False,1111.0,-1.032689450222883,2025-09-27 08:00:34.332000+05:30
device_34,battery_bank,2025-09-27 02:30:35.698000+00:00,31.0,5.1,1.93,False,1122.0,0.4612005856515366,2025-09-27 08:00:35.698000+05:30
device_34,battery_bank,2025-09-27 02:30:36.776000+00:00,30.4,5.73,2.08,False,1260.6000000000001,-0.5565862708719864,2025-09-27 08:00:36.776000+05:30
device_35,battery_bank,2025-09-27 02:30:02.638000+00:00,29.06,5.18,2.17,False,1139.6,0.0,2025-09-27 08:00:02.638000+05:30
device_35,battery_bank,2025-09-27 02:30:03.597000+00:00,31.48,5.66,1.93,False,1245.2,2.5234619395203355,2025-09-27 08:00:03.597000+05:30
device_35,battery_bank,2025-09-27 02:30:04.521000+00:00,31.68,4.65,1.82,False,1023.0000000000001,0.21645021645021567,2025-09-27 08:00:04.521000+05:30
device_35,battery_bank,2025-09-27 02:30:05.817000+00:00,28.06,4.14,1.85,False,910.8,-2.7932098765432105,2025-09-27 08:00:05.817000+05:30
device_35,battery_bank,2025-09-27 02:30:06.806000+00:00,30.69,4.11,2.0,False,904.2,2.659251769464108,2025-09-27 08:00:06.806000+05:30
device_35,battery_bank,2025-09-27 02:30:08.563000+00:00,28.29,5.7,2.16,False,1254.0,-1.3659647125782597,2025-09-27 08:00:08.563000+05:30
device_35,battery_bank,2025-09-27 02:30:09.729000+00:00,30.32,4.31,1.88,False,948.1999999999999,1.7409948542024025,2025-09-27 08:00:09.729000+05:30
device_35,battery_bank,2025-09-27 02:30:11.223000+00:00,30.0,4.37,2.14,False,961.4,-0.2141900937081662,2025-09-27 08:00:11.223000+05:30
device_35,battery_bank,2025-09-27 02:30:12.276000+00:00,29.04,4.75,1.94,False,1045.0,-0.9116809116809126,2025-09-27 08:00:12.276000+05:30
device_35,battery_bank,2025-09-27 02:30:13.185000+00:00,30.76,5.24,2.05,False,1152.8,1.8921892189218947,2025-09-27 08:00:13.185000+05:30
device_35,battery_bank,2025-09-27 02:30:13.704000+00:00,29.51,4.66,1.85,False,1025.2,-2.4084778420038533,2025-09-27 08:00:13.704000+05:30
device_35,battery_bank,2025-09-27 02:30:15.458000+00:00,30.63,5.37,1.89,False,1181.4,0.6385404789053577,2025-09-27 08:00:15.458000+05:30
device_35,battery_bank,2025-09-27 02:30:16.191000+00:00,28.05,5.35,1.84,False,1177.0,-3.519781718963163,2025-09-27 08:00:16.191000+05:30
device_35,battery_bank,2025-09-27 02:30:17.156000+00:00,31.52,4.38,2.17,False,963.6,3.5958549222797918,2025-09-27 08:00:17.156000+05:30
device_35,battery_bank,2025-09-27 02:30:18.582000+00:00,30.99,4.6,2.08,False,1011.9999999999999,-0.3716690042075744,2025-09-27 08:00:18.582000+05:30
device_35,battery_bank,2025-09-27 02:30:20.184000+00:00,29.45,5.59,2.09,False,1229.8,-0.9612983770287136,2025-09-27 08:00:20.184000+05:30
device_35,battery_bank,2025-09-27 02:30:21.388000+00:00,30.49,5.16,1.85,False,1135.2,0.8637873754152817,2025-09-27 08:00:21.388000+05:30
device_35,battery_bank,2025-09-27 02:30:22.860000+00:00,29.64,4.62,1.97,False,1016.4,-0.5774456521739116,2025-09-27 08:00:22.860000+05:30
device_35,battery_bank,2025-09-27 02:30:24.209000+00:00,29.67,5.83,1.89,False,1282.6,0.022238695329874825,2025-09-27 08:00:24.209000+05:30
device_35,battery_bank,2025-09-27 02:30:25.876000+00:00,31.02,4.73,2.01,False,1040.6000000000001,0.80983803239352,2025-09-27 08:00:25.876000+05:30
device_35,battery_bank,2025-09-27 02:30:26.741000+00:00,29.08,5.11,2.09,False,1124.2,-2.2427745664739898,2025-09-27 08:00:26.741000+05:30
device_35,battery_bank,2025-09-27 02:30:27.445000+00:00,31.35,5.96,1.88,False,1311.2,3.224431818181823,2025-09-27 08:00:27.445000+05:30
device_35,battery_bank,2025-09-27 02:30:28.078000+00:00,30.95,5.0,1.84,False,1100.0,-0.6319115323854694,2025-09-27 08:00:28.078000+05:30
device_35,battery_bank,2025-09-27 02:30:29.494000+00:00,30.78,5.99,2.16,False,1317.8,-0.12005649717513994,2025-09-27 08:00:29.494000+05:30
device_35,battery_bank,2025-09-27 02:30:30.769000+00:00,29.68,4.8,2.0,False,1056.0,-0.8627450980392168,2025-09-27 08:00:30.769000+05:30
device_35,battery_bank,2025-09-27 02:30:31.957000+00:00,28.47,4.7,1.94,False,1034.0,-1.0185185185185193,2025-09-27 08:00:31.957000+05:30
device_35,battery_bank,2025-09-27 02:30:33.559000+00:00,28.7,4.92,2.17,False,1082.4,0.14357053682896406,2025-09-27 08:00:33.559000+05:30
device_35,battery_bank,2025-09-27 02:30:34.393000+00:00,30.07,5.87,2.15,False,1291.4,1.6426858513189462,2025-09-27 08:00:34.393000+05:30
device_35,battery_bank,2025-09-27 02:30:34.999000+00:00,28.65,4.65,1.87,False,1023.0000000000001,-2.343234323432346,2025-09-27 08:00:34.999000+05:30
device_35,battery_bank,2025-09-27 02:30:36.224000+00:00,29.63,4.15,2.16,False,913.0000000000001,0.8000000000000003,2025-09-27 08:00:36.224000+05:30
device_36,battery_bank,2025-09-27 02:30:02.363000+00:00,31.68,5.44,2.14,False,1196.8000000000002,0.0,2025-09-27 08:00:02.363000+05:30
device_36,battery_bank,2025-09-27 02:30:03.614000+00:00,30.19,4.91,1.87,False,1080.2,-1.1910471622701828,2025-09-27 08:00:03.614000+05:30
device_36,battery_bank,2025-09-27 02:30:04.791000+00:00,30.1,4.89,1.97,False,1075.8,-0.07646559048428195,2025-09-27 08:00:04.791000+05:30
device_36,battery_bank,2025-09-27 02:30:06.122000+00:00,30.36,5.54,2.16,False,1218.8,0.19534184823440873,2025-09-27 08:00:06.122000+05:30
device_36,battery_bank,2025-09-27 02:30:07.861000+00:00,30.48,5.57,2.14,False,1225.4,0.06900517538815468,2025-09-27 08:00:07.861000+05:30
device_36,battery_bank,2025-09-27 02:30:09.344000+00:00,28.85,4.75,2.11,False,1045.0,-1.0991233985165199,2025-09-27 08:00:09.344000+05:30
device_36,battery_bank,2025-09-27 02:30:11.041000+00:00,28.03,4.28,1.94,False,941.6,-0.4832056570418387,2025-09-27 08:00:11.041000+05:30
device_36,battery_bank,2025-09-27 02:30:12.589000+00:00,30.72,4.6,1.96,False,1011.9999999999999,1.737726098191213,2025-09-27 08:00:12.589000+05:30
device_36,battery_bank,2025-09-27 02:30:14.574000+00:00,31.47,4.05,1.87,False,891.0,0.3778337531486146,2025-09-27 08:00:14.574000+05:30
device_36,battery_bank,2025-09-27 02:30:15.655000+00:00,30.03,4.15,1.88,False,913.0000000000001,-1.33209990749306,2025-09-27 08:00:15.655000+05:30
device_36,battery_bank,2025-09-27 02:30:16.303000+00:00,31.83,4.71,2.05,False,1036.2,2.7777777777777732,2025-09-27 08:00:16.303000+05:30
device_36,battery_bank,2025-09-27 02:30:17.475000+00:00,30.43,5.87,2.03,False,1291.4,-1.1945392491467566,2025-09-27 08:00:17.475000+05:30
device_36,battery_bank,2025-09-27 02:30:18.438000+00:00,30.25,5.37,1.82,False,1181.4,-0.186915887850467,2025-09-27 08:00:18.438000+05:30
device_36,battery_bank,2025-09-27 02:30:20.075000+00:00,28.41,4.92,1.89,False,1082.4,-1.12400733048259,2025-09-27 08:00:20.075000+05:30
device_36,battery_bank,2025-09-27 02:30:22.049000+00:00,31.75,4.46,1.93,False,981.2,1.6919959473150963,2025-09-27 08:00:22.049000+05:30
device_36,battery_bank,2025-09-27 02:30:23.642000+00:00,29.32,4.46,1.94,False,981.2,-1.5254237288135593,2025-09-27 08:00:23.642000+05:30
device_36,battery_bank,2025-09-27 02:30:25.296000+00:00,31.45,5.66,1.88,False,1245.2,1.2877871825876657,2025-09-27 08:00:25.296000+05:30
device_36,battery_bank,2025-09-27 02:30:26.351000+00:00,28.1,5.02,1.95,False,1104.3999999999999,-3.175355450236965,2025-09-27 08:00:26.351000+05:30
device_36,battery_bank,2025-09-27 02:30:27.929000+00:00,28.34,4.62,1.91,False,1016.4,0.1520912547528507,2025-09-27 08:00:27.929000+05:30
device_36,battery_bank,2025-09-27 02:30:29.913000+00:00,31.05,5.84,1.9,False,1284.8,1.3659274193548392,2025-09-27 08:00:29.913000+05:30
device_36,battery_bank,2025-09-27 02:30:31.470000+00:00,28.61,5.45,1.87,False,1199.0,-1.5671162491971748,2025-09-27 08:00:31.470000+05:30
device_36,battery_bank,2025-09-27 02:30:33.186000+00:00,31.18,4.6,2.15,False,1011.9999999999999,1.4976689976689979,2025-09-27 08:00:33.186000+05:30
device_36,battery_bank,2025-09-27 02:30:34.365000+00:00,30.23,5.84,2.13,False,1284.8,-0.8057675996607288,2025-09-27 08:00:34.365000+05:30
device_36,battery_bank,2025-09-27 02:30:35.409000+00:00,31.17,5.09,2.15,False,1119.8,0.9003831417624533,2025-09-27 08:00:35.409000+05:30
device_36,battery_bank,2025-09-27 02:30:36.268000+00:00,31.98,4.55,2.06,False,1001.0,0.9429569266589042,2025-09-27 08:00:36.268000+05:30
device_37,battery_bank,2025-09-27 02:30:01.730000+00:00,28.01,5.74,2.03,False,1262.8,0.0,2025-09-27 08:00:01.730000+05:30
device_37,battery_bank,2025-09-27 02:30:03.116000+00:00,30.5,5.03,1.92,False,1106.6000000000001,1.7965367965367955,2025-09-27 08:00:03.116000+05:30
device_37,battery_bank,2025-09-27 02:30:03.661000+00:00,28.88,4.76,1.95,False,1047.2,-2.972477064220185,2025-09-27 08:00:03.661000+05:30
device_37,battery_bank,2025-09-27 02:30:05.223000+00:00,28.2,5.34,2.01,False,1174.8,-0.435339308578745,2025-09-27 08:00:05.223000+05:30
device_37,battery_bank,2025-09-27 02:30:06.802000+00:00,29.85,4.97,2.13,False,1093.3999999999999,1.0449651678277405,2025-09-27 08:00:06.802000+05:30
device_37,battery_bank,2025-09-27 02:30:07.526000+00:00,31.97,4.15,2.11,False,913.0000000000001,2.9281767955801072,2025-09-27 08:00:07.526000+05:30
device_37,battery_bank,2025-09-27 02:30:08.506000+00:00,31.05,5.62,2.05,False,1236.4,-0.9387755102040798,2025-09-27 08:00:08.506000+05:30
device_37,battery_bank,2025-09-27 02:30:09.934000+00:00,29.09,4.99,1.88,False,1097.8,-1.3725490196078438,2025-09-27 08:00:09.934000+05:30
device_37,battery_bank,2025-09-27 02:30:10.549000+00:00,28.9,5.64,2.19,False,1240.8,-0.3089430894308964,2025-09-27 08:00:10.549000+05:30
device_37,battery_bank,2025-09-27 02:30:12.459000+00:00,28.97,4.09,2.07,False,899.8,0.036649214659686014,2025-09-27 08:00:12.459000+05:30
device_37,battery_bank,2025-09-27 02:30:13.633000+00:00,28.78,4.77,1.84,False,1049.3999999999999,-0.16183986371379705,2025-09-27 08:00:13.633000+05:30
device_37,battery_bank,2025-09-27 02:30:14.565000+00:00,28.36,5.24,2.19,False,1152.8,-0.4506437768240361,2025-09-27 08:00:14.565000+05:30
device_37,battery_bank,2025-09-27 02:30:15.211000+00:00,31.78,5.35,2.02,False,1177.0,5.294117647058826,2025-09-27 08:00:15.211000+05:30
device_37,battery_bank,2025-09-27 02:30:17.211000+00:00,28.48,4.17,2.1,False,917.4,-1.6500000000000004,2025-09-27 08:00:17.211000+05:30
device_37,battery_bank,2025-09-27 02:30:18.607000+00:00,31.39,5.4,2.14,False,1188.0,2.0845272206303727,2025-09-27 08:00:18.607000+05:30
device_37,battery_bank,2025-09-27 02:30:20.640000+00:00,31.41,4.11,2.13,False,904.2,0.009837678307919121,2025-09-27 08:00:20.640000+05:30
device_37,battery_bank,2025-09-27 02:30:21.286000+00:00,31.33,4.2,2.05,False,924.0,-0.12383900928792856,2025-09-27 08:00:21.286000+05:30
device_37,battery_bank,2025-09-27 02:30:22.722000+00:00,29.35,5.45,1.88,False,1199.0,-1.3788300835654574,2025-09-27 08:00:22.722000+05:30
device_37,battery_bank,2025-09-27 02:30:24.047000+00:00,29.0,4.99,1.81,False,1097.8,-0.2641509433962275,2025-09-27 08:00:24.047000+05:30
device_37,battery_bank,2025-09-27 02:30:24.687000+00:00,30.78,5.0,1.98,False,1100.0,2.7812500000000018,2025-09-27 08:00:24.687000+05:30
device_37,battery_bank,2025-09-27 02:30:25.655000+00:00,30.66,5.4,2.13,False,1188.0,-0.12396694214876136,2025-09-27 08:00:25.655000+05:30
device_37,battery_bank,2025-09-27 02:30:26.198000+00:00,31.71,4.28,2.03,False,941.6,1.9337016574585648,2025-09-27 08:00:26.198000+05:30
device_37,battery_bank,2025-09-27 02:30:27.130000+00:00,31.51,4.68,2.0,False,1029.6,-0.21459227467811082,2025-09-27 08:00:27.130000+05:30
device_37,battery_bank,2025-09-27 02:30:27.988000+00:00,29.25,4.95,2.19,False,1089.0,-2.634032634032636,2025-09-27 08:00:27.988000+05:30
device_37,battery_bank,2025-09-27 02:30:28.661000+00:00,29.29,5.11,2.03,False,1124.2,0.05943536404160348,2025-09-27 08:00:28.661000+05:30
device_37,battery_bank,2025-09-27 02:30:29.367000+00:00,28.49,4.03,2.15,False,886.6,-1.133144475920681,2025-09-27 08:00:29.367000+05:30
device_37,battery_bank,2025-09-27 02:30:29.881000+00:00,28.87,4.22,2.07,False,928.4,0.7392996108949466,2025-09-27 08:00:29.881000+05:30
device_37,battery_bank,2025-09-27 02:30:30.561000+00:00,30.89,5.66,2.08,False,1245.2,2.970588235294117,2025-09-27 08:00:30.561000+05:30
device_37,battery_bank,2025-09-27 02:30:31.246000+00:00,29.63,5.68,1.89,False,1249.6,-1.8394160583941628,2025-09-27 08:00:31.246000+05:30
device_37,battery_bank,2025-09-27 02:30:31.934000+00:00,29.03,4.62,1.91,False,1016.4,-0.872093023255811,2025-09-27 08:00:31.934000+05:30
device_37,battery_bank,2025-09-27 02:30:32.551000+00:00,28.3,5.86,1.86,False,1289.2,-1.1831442463533233,2025-09-27 08:00:32.551000+05:30
device_37,battery_bank,2025-09-27 02:30:33.262000+00:00,31.74,4.59,1.84,False,1009.8,4.838255977496481,2025-09-27 08:00:33.262000+05:30
device_37,battery_bank,2025-09-27 02:30:34.539000+00:00,30.44,4.11,1.87,False,904.2,-1.018010963194986,2025-09-27 08:00:34.539000+05:30
device_37,battery_bank,2025-09-27 02:30:35.220000+00:00,30.65,4.55,1.82,False,1001.0,0.30837004405285945,2025-09-27 08:00:35.220000+05:30
device_37,battery_bank,2025-09-27 02:30:36.611000+00:00,31.99,4.45,1.93,False,979.0,0.9633357296908698,2025-09-27 08:00:36.611000+05:30
device_37,battery_bank,2025-09-27 02:30:37.455000+00:00,30.45,4.73,2.16,False,1040.6000000000001,-1.8246445497630321,2025-09-27 08:00:37.455000+05:30
device_38,battery_bank,2025-09-27 02:30:02.443000+00:00,31.17,4.09,2.05,False,899.8,0.0,2025-09-27 08:00:02.443000+05:30
device_38,battery_bank,2025-09-27 02:30:03.980000+00:00,28.92,5.49,1.88,False,1207.8,-1.4638906961613534,2025-09-27 08:00:03.980000+05:30
device_38,battery_bank,2025-09-27 02:30:05.694000+00:00,31.32,5.23,2.06,False,1150.6000000000001,1.400233372228704,2025-09-27 08:00:05.694000+05:30
device_38,battery_bank,2025-09-27 02:30:06.460000+00:00,30.15,4.95,2.12,False,1089.0,-1.5274151436031354,2025-09-27 08:00:06.460000+05:30
device_38,battery_bank,2025-09-27 02:30:08.155000+00:00,30.61,5.91,2.18,False,1300.2,0.2713864306784666,2025-09-27 08:00:08.155000+05:30
device_38,battery_bank,2025-09-27 02:30:08.677000+00:00,28.88,5.22,1.85,False,1148.3999999999999,-3.314176245210729,2025-09-27 08:00:08.677000+05:30
device_38,battery_bank,2025-09-27 02:30:10.116000+00:00,31.5,5.82,1.84,False,1280.4,1.8207088255733155,2025-09-27 08:00:10.116000+05:30
device_38,battery_bank,2025-09-27 02:30:11.507000+00:00,30.43,4.32,1.98,False,950.4000000000001,-0.7692307692307694,2025-09-27 08:00:11.507000+05:30
device_38,battery_bank,2025-09-27 02:30:12.556000+00:00,29.86,4.9,1.83,False,1078.0,-0.5433746425166829,2025-09-27 08:00:12.556000+05:30
device_38,battery_bank,2025-09-27 02:30:13.969000+00:00,28.22,5.61,1.87,False,1234.2,-1.1606510969568298,2025-09-27 08:00:13.969000+05:30
device_38,battery_bank,2025-09-27 02:30:14.659000+00:00,30.84,5.07,2.11,False,1115.4,3.797101449275364,2025-09-27 08:00:14.659000+05:30
device_38,battery_bank,2025-09-27 02:30:16.273000+00:00,29.36,4.52,2.13,False,994.3999999999999,-0.9169764560099135,2025-09-27 08:00:16.273000+05:30
device_38,battery_bank,2025-09-27 02:30:17.966000+00:00,30.48,5.53,2.06,False,1216.6000000000001,0.6615475487300655,2025-09-27 08:00:17.966000+05:30
device_38,battery_bank,2025-09-27 02:30:19.903000+00:00,29.11,4.36,2.0,False,959.2,-0.7072792978833252,2025-09-27 08:00:19.903000+05:30
device_38,battery_bank,2025-09-27 02:30:21.425000+00:00,29.34,5.88,1.84,False,1293.6,0.15111695137976375,2025-09-27 08:00:21.425000+05:30
device_38,battery_bank,2025-09-27 02:30:23.470000+00:00,29.63,4.34,1.86,False,954.8,0.14180929095354483,2025-09-27 08:00:23.470000+05:30
device_38,battery_bank,2025-09-27 02:30:24.849000+00:00,30.71,4.74,1.94,False,1042.8,0.7831762146482972,2025-09-27 08:00:24.849000+05:30
device_38,battery_bank,2025-09-27 02:30:26.400000+00:00,28.05,5.6,2.1,False,1232.0,-1.715022566086396,2025-09-27 08:00:26.400000+05:30
device_38,battery_bank,2025-09-27 02:30:27.491000+00:00,30.54,4.24,1.92,False,932.8000000000001,2.282309807516039,2025-09-27 08:00:27.491000+05:30
device_38,battery_bank,2025-09-27 02:30:29.243000+00:00,28.0,4.18,2.2,False,919.5999999999999,-1.4497716894977164,2025-09-27 08:00:29.243000+05:30
device_38,battery_bank,2025-09-27 02:30:30.885000+00:00,31.47,5.26,2.01,False,1157.2,2.113276492082825,2025-09-27 08:00:30.885000+05:30
device_38,battery_bank,2025-09-27 02:30:32.802000+00:00,31.9,5.85,1.82,False,1287.0,0.2243088158581115,2025-09-27 08:00:32.802000+05:30
device_38,battery_bank,2025-09-27 02:30:33.494000+00:00,29.97,5.71,2.09,False,1256.2,-2.7890173410404624,2025-09-27 08:00:33.494000+05:30
device_38,battery_bank,2025-09-27 02:30:34.258000+00:00,31.7,5.96,2.13,False,1311.2,2.264397905759163,2025-09-27 08:00:34.258000+05:30
device_38,battery_bank,2025-09-27 02:30:35.187000+00:00,31.8,5.2,1.85,False,1144.0,0.10764262648008764,2025-09-27 08:00:35.187000+05:30
device_38,battery_bank,2025-09-27 02:30:36.831000+00:00,31.27,5.97,1.91,False,1313.3999999999999,-0.322384428223845,2025-09-27 08:00:36.831000+05:30
device_39,battery_bank,2025-09-27 02:30:02.151000+00:00,28.37,5.44,1.85,False,1196.8000000000002,0.0,2025-09-27 08:00:02.151000+05:30
device_39,battery_bank,2025-09-27 02:30:02.918000+00:00,28.93,5.16,2.11,False,1135.2,0.7301173402868302,2025-09-27 08:00:02.918000+05:30
device_39,battery_bank,2025-09-27 02:30:03.900000+00:00,29.7,5.52,2.03,False,1214.3999999999999,0.7841140529531564,2025-09-27 08:00:03.900000+05:30
device_39,battery_bank,2025-09-27 02:30:04.772000+00:00,28.27,4.62,2.1,False,1016.4,-1.6399082568807337,2025-09-27 08:00:04.772000+05:30
device_39,battery_bank,2025-09-27 02:30:06.196000+00:00,29.8,5.01,1.91,False,1102.2,1.0744382022471919,2025-09-27 08:00:06.196000+05:30
device_39,battery_bank,2025-09-27 02:30:07.256000+00:00,29.26,5.69,1.86,False,1251.8000000000002,-0.5094339622641502,2025-09-27 08:00:07.256000+05:30
device_39,battery_bank,2025-09-27 02:30:08.150000+00:00,29.04,5.77,1.84,False,1269.3999999999999,-0.24608501118568502,2025-09-27 08:00:08.150000+05:30
device_39,battery_bank,2025-09-27 02:30:08.800000+00:00,31.32,5.47,1.85,False,1203.3999999999999,3.5076923076923094,2025-09-27 08:00:08.800000+05:30
device_39,battery_bank,2025-09-27 02:30:09.885000+00:00,29.54,4.04,1.99,False,888.8,-1.6405529953917062,2025-09-27 08:00:09.885000+05:30
device_39,battery_bank,2025-09-27 02:30:11.609000+00:00,31.95,5.2,2.13,False,1144.0,1.3979118329466358,2025-09-27 08:00:11.609000+05:30
device_39,battery_bank,2025-09-27 02:30:13.306000+00:00,31.33,5.9,1.97,False,1298.0,-0.36535061873895164,2025-09-27 08:00:13.306000+05:30
device_39,battery_bank,2025-09-27 02:30:14.358000+00:00,29.54,5.35,2.04,False,1177.0,-1.7015209125475277,2025-09-27 08:00:14.358000+05:30
device_39,battery_bank,2025-09-27 02:30:15.827000+00:00,28.72,4.41,2.04,False,970.2,-0.558202859087815,2025-09-27 08:00:15.827000+05:30
device_39,battery_bank,2025-09-27 02:30:16.971000+00:00,29.92,5.96,1.99,False,1311.2,1.0489510489510516,2025-09-27 08:00:16.971000+05:30
device_39,battery_bank,2025-09-27 02:30:18.107000+00:00,30.89,4.61,2.03,False,1014.2,0.8538732394366187,2025-09-27 08:00:18.107000+05:30
device_39,battery_bank,2025-09-27 02:30:19.383000+00:00,31.88,5.09,1.85,False,1119.8,0.775862068965516,2025-09-27 08:00:19.383000+05:30
device_39,battery_bank,2025-09-27 02:30:21.330000+00:00,28.59,5.7,2.08,False,1254.0,-1.6897791474062656,2025-09-27 08:00:21.330000+05:30
device_39,battery_bank,2025-09-27 02:30:22.239000+00:00,29.77,4.94,2.08,False,1086.8000000000002,1.2981298129812977,2025-09-27 08:00:22.239000+05:30
device_39,battery_bank,2025-09-27 02:30:23.216000+00:00,31.11,5.53,2.07,False,1216.6000000000001,1.3715455475946774,2025-09-27 08:00:23.216000+05:30
device_39,battery_bank,2025-09-27 02:30:24.626000+00:00,31.75,5.98,1.94,False,1315.6000000000001,0.4539007092198586,2025-09-27 08:00:24.626000+05:30
device_39,battery_bank,2025-09-27 02:30:25.753000+00:00,30.25,4.84,2.08,False,1064.8,-1.3309671694764862,2025-09-27 08:00:25.753000+05:30
device_39,battery_bank,2025-09-27 02:30:27.148000+00:00,29.78,4.06,1.91,False,893.1999999999999,-0.3369175627240135,2025-09-27 08:00:27.148000+05:30
device_39,battery_bank,2025-09-27 02:30:28.707000+00:00,30.45,5.28,2.11,False,1161.6000000000001,0.4297626683771637,2025-09-27 08:00:28.707000+05:30
device_39,battery_bank,2025-09-27 02:30:29.873000+00:00,31.17,5.2,1.94,False,1144.0,0.6174957118353366,2025-09-27 08:00:29.873000+05:30
device_39,battery_bank,2025-09-27 02:30:31.367000+00:00,30.44,4.63,2.19,False,1018.6,-0.488621151271754,2025-09-27 08:00:31.367000+05:30
device_39,battery_bank,2025-09-27 02:30:33.232000+00:00,29.28,4.51,2.19,False,992.1999999999999,-0.6219839142091154,2025-09-27 08:00:33.232000+05:30
device_39,battery_bank,2025-09-27 02:30:33.842000+00:00,28.02,5.39,1.85,False,1185.8,-2.065573770491806,2025-09-27 08:00:33.842000+05:30
device_39,battery_bank,2025-09-27 02:30:35.185000+00:00,28.95,5.69,2.0,False,1251.8000000000002,0.6924795234549515,2025-09-27 08:00:35.185000+05:30
device_39,battery_bank,2025-09-27 02:30:36.835000+00:00,30.26,4.99,2.05,False,1097.8,0.7939393939393954,2025-09-27 08:00:36.835000+05:30
device_4,pipe,2025-09-27 02:30:02.135000+00:00,29.85,5.05,1.96,True,1111.0,0.0,2025-09-27 08:00:02.135000+05:30
device_4,pipe,2025-09-27 02:30:03.359000+00:00,28.41,5.78,1.84,True,1271.6000000000001,-1.1764705882352953,2025-09-27 08:00:03.359000+05:30
device_4,pipe,2025-09-27 02:30:04.192000+00:00,31.37,5.21,1.99,True,1146.2,3.5534213685474203,2025-09-27 08:00:04.192000+05:30
device_4,pipe,2025-09-27 02:30:05.745000+00:00,30.57,5.24,2.17,True,1152.8,-0.5151320025756605,2025-09-27 08:00:05.745000+05:30
device_4,pipe,2025-09-27 02:30:07.350000+00:00,28.11,4.8,1.83,True,1056.0,-1.5327102803738324,2025-09-27 08:00:07.350000+05:30
device_4,pipe,2025-09-27 02:30:08.723000+00:00,30.46,5.01,1.83,True,1102.2,1.7115804806991999,2025-09-27 08:00:08.723000+05:30
device_4,pipe,2025-09-27 02:30:10.177000+00:00,31.16,4.87,1.9,True,1071.4,0.48143053645116873,2025-09-27 08:00:10.177000+05:30
device_4,pipe,2025-09-27 02:30:11.780000+00:00,31.76,4.77,2.01,True,1049.3999999999999,0.3742981908920782,2025-09-27 08:00:11.780000+05:30
device_4,pipe,2025-09-27 02:30:13.030000+00:00,31.4,4.27,2.07,True,939.3999999999999,-0.28800000000000237,2025-09-27 08:00:13.030000+05:30
device_4,pipe,2025-09-27 02:30:13.971000+00:00,29.13,4.28,1.83,True,941.6,-2.412327311370882,2025-09-27 08:00:13.971000+05:30
device_4,pipe,2025-09-27 02:30:14.799000+00:00,30.06,5.0,1.94,True,1100.0,1.123188405797101,2025-09-27 08:00:14.799000+05:30
device_4,pipe,2025-09-27 02:30:15.489000+00:00,29.5,5.2,1.84,True,1144.0,-0.8115942028985489,2025-09-27 08:00:15.489000+05:30
device_4,pipe,2025-09-27 02:30:17.467000+00:00,30.75,4.0,2.05,True,880.0,0.6319514661274014,2025-09-27 08:00:17.467000+05:30
device_4,pipe,2025-09-27 02:30:19.086000+00:00,29.65,5.38,2.18,True,1183.6,-0.6794317479925889,2025-09-27 08:00:19.086000+05:30
device_4,pipe,2025-09-27 02:30:20.384000+00:00,30.21,5.35,1.85,True,1177.0,0.4314329738058569,2025-09-27 08:00:20.384000+05:30
device_4,pipe,2025-09-27 02:30:21.195000+00:00,29.71,5.32,2.07,True,1170.4,-0.6165228113440197,2025-09-27 08:00:21.195000+05:30
device_4,pipe,2025-09-27 02:30:21.749000+00:00,31.71,5.21,1.88,True,1146.2,3.6101083032490973,2025-09-27 08:00:21.749000+05:30
device_4,pipe,2025-09-27 02:30:22.409000+00:00,29.55,5.6,2.04,True,1232.0,-3.272727272727273,2025-09-27 08:00:22.409000+05:30
device_4,pipe,2025-09-27 02:30:22.961000+00:00,30.28,5.46,1.83,True,1201.2,1.3224637681159428,2025-09-27 08:00:22.961000+05:30
device_4,pipe,2025-09-27 02:30:24.521000+00:00,31.44,5.87,1.86,True,1291.4,0.7435897435897436,2025-09-27 08:00:24.521000+05:30
device_4,pipe,2025-09-27 02:30:26.127000+00:00,28.06,4.8,2.19,True,1056.0,-2.1046077210460785,2025-09-27 08:00:26.127000+05:30
device_4,pipe,2025-09-27 02:30:28.123000+00:00,29.01,5.47,2.19,True,1203.3999999999999,0.47595190380761665,2025-09-27 08:00:28.123000+05:30
device_4,pipe,2025-09-27 02:30:30.089000+00:00,31.52,4.61,1.92,True,1014.2,1.276703967446591,2025-09-27 08:00:30.089000+05:30
device_4,pipe,2025-09-27 02:30:30.906000+00:00,31.19,5.42,2.18,True,1192.4,-0.40391676866584864,2025-09-27 08:00:30.906000+05:30
device_4,pipe,2025-09-27 02:30:32.194000+00:00,31.89,5.52,1.87,True,1214.3999999999999,0.5434782608695646,2025-09-27 08:00:32.194000+05:30
device_4,pipe,2025-09-27 02:30:33.590000+00:00,31.96,4.26,2.01,True,937.1999999999999,0.050143266475644904,2025-09-27 08:00:33.590000+05:30
device_4,pipe,2025-09-27 02:30:35.155000+00:00,31.88,4.55,2.07,True,1001.0,-0.05111821086262099,2025-09-27 08:00:35.155000+05:30
device_4,pipe,2025-09-27 02:30:35.697000+00:00,28.54,4.88,1.87,True,1073.6,-6.162361623616236,2025-09-27 08:00:35.697000+05:30
device_4,pipe,2025-09-27 02:30:36.597000+00:00,28.04,4.94,1.9,True,1086.8000000000002,-0.5555555555555556,2025-09-27 08:00:36.597000+05:30
device_4,pipe,2025-09-27 02:30:37.452000+00:00,31.57,4.74,2.11,True,1042.8,4.128654970760235,2025-09-27 08:00:37.452000+05:30
device_40,battery_bank,2025-09-27 02:30:02.175000+00:00,29.87,4.23,2.07,False,930.6000000000001,0.0,2025-09-27 08:00:02.175000+05:30
device_40,battery_bank,2025-09-27 02:30:03.063000+00:00,29.15,4.15,2.03,False,913.0000000000001,-0.8108108108108135,2025-09-27 08:00:03.063000+05:30
device_40,battery_bank,2025-09-27 02:30:03.685000+00:00,28.48,4.17,2.02,False,917.4,-1.0771704180064279,2025-09-27 08:00:03.685000+05:30
device_40,battery_bank,2025-09-27 02:30:05.361000+00:00,28.49,4.73,2.04,False,1040.6000000000001,0.005966587112170651,2025-09-27 08:00:05.361000+05:30
device_40,battery_bank,2025-09-27 02:30:06.212000+00:00,30.34,4.2,2.12,False,924.0,2.1739130434782625,2025-09-27 08:00:06.212000+05:30
device_40,battery_bank,2025-09-27 02:30:07.315000+00:00,31.37,5.19,2.08,False,1141.8000000000002,0.9338168631006357,2025-09-27 08:00:07.315000+05:30
device_40,battery_bank,2025-09-27 02:30:07.959000+00:00,30.17,4.98,1.96,False,1095.6000000000001,-1.8633540372670796,2025-09-27 08:00:07.959000+05:30
device_40,battery_bank,2025-09-27 02:30:09.179000+00:00,30.78,5.7,2.01,False,1254.0,0.49999999999999956,2025-09-27 08:00:09.179000+05:30
device_40,battery_bank,2025-09-27 02:30:09.700000+00:00,30.65,5.84,2.16,False,1284.8,-0.24952015355086862,2025-09-27 08:00:09.700000+05:30
device_40,battery_bank,2025-09-27 02:30:10.532000+00:00,30.98,5.72,1.86,False,1258.3999999999999,0.39663461538461764,2025-09-27 08:00:10.532000+05:30
device_40,battery_bank,2025-09-27 02:30:12.235000+00:00,30.89,5.76,2.01,False,1267.2,-0.052847915443335204,2025-09-27 08:00:12.235000+05:30
device_40,battery_bank,2025-09-27 02:30:12.965000+00:00,31.4,4.26,1.89,False,937.1999999999999,0.6986301369862986,2025-09-27 08:00:12.965000+05:30
device_40,battery_bank,2025-09-27 02:30:14.110000+00:00,30.16,5.71,2.05,False,1256.2,-1.082969432314409,2025-09-27 08:00:14.110000+05:30
device_40,battery_bank,2025-09-27 02:30:15.319000+00:00,29.8,5.31,2.07,False,1168.1999999999998,-0.29776674937965214,2025-09-27 08:00:15.319000+05:30
device_40,battery_bank,2025-09-27 02:30:16.162000+00:00,29.72,4.44,1.99,False,976.8000000000001,-0.09489916963226791,2025-09-27 08:00:16.162000+05:30
device_40,battery_bank,2025-09-27 02:30:17.559000+00:00,28.23,4.85,2.05,False,1067.0,-1.066571224051538,2025-09-27 08:00:17.559000+05:30
device_40,battery_bank,2025-09-27 02:30:19.449000+00:00,28.14,4.56,1.96,False,1003.1999999999999,-0.04761904761904755,2025-09-27 08:00:19.449000+05:30
device_40,battery_bank,2025-09-27 02:30:20.916000+00:00,31.07,4.38,2.02,False,963.6,1.9972733469665982,2025-09-27 08:00:20.916000+05:30
device_40,battery_bank,2025-09-27 02:30:21.794000+00:00,31.04,4.25,2.0,False,935.0,-0.03416856492027465,2025-09-27 08:00:21.794000+05:30
device_40,battery_bank,2025-09-27 02:30:23.698000+00:00,28.1,4.23,2.13,False,930.6000000000001,-1.5441176470588225,2025-09-27 08:00:23.698000+05:30
device_40,battery_bank,2025-09-27 02:30:24.438000+00:00,31.41,4.48,1.94,False,985.6000000000001,4.472972972972971,2025-09-27 08:00:24.438000+05:30
device_40,battery_bank,2025-09-27 02:30:26.370000+00:00,29.57,4.31,1.99,False,948.1999999999999,-0.9523809523809523,2025-09-27 08:00:26.370000+05:30
device_40,battery_bank,2025-09-27 02:30:27.443000+00:00,31.66,4.91,1.96,False,1080.2,1.9478098788443616,2025-09-27 08:00:27.443000+05:30
device_40,battery_bank,2025-09-27 02:30:28.195000+00:00,28.62,5.93,1.8,False,1304.6,-4.04255319148936,2025-09-27 08:00:28.195000+05:30
device_40,battery_bank,2025-09-27 02:30:29.961000+00:00,30.03,5.96,2.18,False,1311.2,0.7984144960362402,2025-09-27 08:00:29.961000+05:30
device_40,battery_bank,2025-09-27 02:30:31.086000+00:00,31.13,5.57,1.96,False,1225.4,0.9777777777777759,2025-09-27 08:00:31.086000+05:30
device_40,battery_bank,2025-09-27 02:30:32.521000+00:00,31.49,4.11,2.16,False,904.2,0.2508710801393724,2025-09-27 08:00:32.521000+05:30
device_40,battery_bank,2025-09-27 02:30:34.304000+00:00,31.48,4.55,2.03,False,1001.0,-0.005608524957934948,2025-09-27 08:00:34.304000+05:30
device_40,battery_bank,2025-09-27 02:30:35.252000+00:00,30.5,5.79,1.91,False,1273.8,-1.0337552742616039,2025-09-27 08:00:35.252000+05:30
device_40,battery_bank,2025-09-27 02:30:35.835000+00:00,29.85,5.43,2.13,False,1194.6,-1.1149228130360183,2025-09-27 08:00:35.835000+05:30
device_40,battery_bank,2025-09-27 02:30:36.892000+00:00,28.06,4.54,2.0,False,998.8,-1.693472090823087,2025-09-27 08:00:36.892000+05:30
device_41,battery_bank,2025-09-27 02:30:02.558000+00:00,31.15,5.88,2.01,False,1293.6,0.0,2025-09-27 08:00:02.558000+05:30
device_41,battery_bank,2025-09-27 02:30:04.008000+00:00,30.44,5.49,1.81,False,1207.8,-0.48965517241379125,2025-09-27 08:00:04.008000+05:30
device_41,battery_bank,2025-09-27 02:30:05.948000+00:00,30.78,5.25,2.13,False,1155.0,0.17525773195876282,2025-09-27 08:00:05.948000+05:30
device_41,battery_bank,2025-09-27 02:30:06.740000+00:00,30.83,4.33,2.03,False,952.6,0.06313131313130954,2025-09-27 08:00:06.740000+05:30
device_41,battery_bank,2025-09-27 02:30:08.727000+00:00,30.52,4.66,2.09,False,1025.2,-0.15601409159536925,2025-09-27 08:00:08.727000+05:30
device_41,battery_bank,2025-09-27 02:30:10.009000+00:00,30.67,4.61,1.83,False,1014.2,0.11700468018720915,2025-09-27 08:00:10.009000+05:30
device_41,battery_bank,2025-09-27 02:30:10.638000+00:00,30.51,4.37,2.06,False,961.4,-0.25437201907790163,2025-09-27 08:00:10.638000+05:30
device_41,battery_bank,2025-09-27 02:30:12.596000+00:00,29.59,4.68,2.04,False,1029.6,-0.469867211440246,2025-09-27 08:00:12.596000+05:30
device_41,battery_bank,2025-09-27 02:30:13.594000+00:00,28.68,5.72,2.11,False,1258.3999999999999,-0.9118236472945893,2025-09-27 08:00:13.594000+05:30
device_41,battery_bank,2025-09-27 02:30:14.279000+00:00,29.59,4.78,2.12,False,1051.6000000000001,1.3284671532846717,2025-09-27 08:00:14.279000+05:30
device_41,battery_bank,2025-09-27 02:30:15.103000+00:00,31.47,4.42,1.89,False,972.4,2.2815533980582514,2025-09-27 08:00:15.103000+05:30
device_41,battery_bank,2025-09-27 02:30:16.409000+00:00,30.94,4.27,2.1,False,939.3999999999999,-0.4058192955589568,2025-09-27 08:00:16.409000+05:30
device_41,battery_bank,2025-09-27 02:30:18.014000+00:00,28.38,5.1,1.85,False,1122.0,-1.595015576323989,2025-09-27 08:00:18.014000+05:30
device_41,battery_bank,2025-09-27 02:30:18.780000+00:00,29.34,4.8,2.13,False,1056.0,1.2532637075718027,2025-09-27 08:00:18.780000+05:30
device_41,battery_bank,2025-09-27 02:30:19.710000+00:00,29.31,5.67,1.93,False,1247.4,-0.03225806451613025,2025-09-27 08:00:19.710000+05:30
device_41,battery_bank,2025-09-27 02:30:21.698000+00:00,29.64,4.91,2.05,False,1080.2,0.1659959758551317,2025-09-27 08:00:21.698000+05:30
device_41,battery_bank,2025-09-27 02:30:23.638000+00:00,31.04,5.18,1.9,False,1139.6,0.7216494845360818,2025-09-27 08:00:23.638000+05:30
device_41,battery_bank,2025-09-27 02:30:25.142000+00:00,31.53,5.11,1.99,False,1124.2,0.32579787234042684,2025-09-27 08:00:25.142000+05:30
device_41,battery_bank,2025-09-27 02:30:26.258000+00:00,28.32,5.91,1.9,False,1300.2,-2.876344086021506,2025-09-27 08:00:26.258000+05:30
device_41,battery_bank,2025-09-27 02:30:27.142000+00:00,30.44,4.04,2.17,False,888.8,2.39819004524887,2025-09-27 08:00:27.142000+05:30
device_41,battery_bank,2025-09-27 02:30:28.768000+00:00,30.88,5.66,1.91,False,1245.2,0.2706027060270589,2025-09-27 08:00:28.768000+05:30
device_41,battery_bank,2025-09-27 02:30:30.515000+00:00,31.68,4.74,1.89,False,1042.8,0.45792787635947374,2025-09-27 08:00:30.515000+05:30
device_41,battery_bank,2025-09-27 02:30:31.135000+00:00,28.6,4.12,2.03,False,906.4,-4.967741935483868,2025-09-27 08:00:31.135000+05:30
device_41,battery_bank,2025-09-27 02:30:32.754000+00:00,30.75,5.02,1.84,False,1104.3999999999999,1.3279802347127847,2025-09-27 08:00:32.754000+05:30
device_41,battery_bank,2025-09-27 02:30:34.042000+00:00,28.67,5.33,1.86,False,1172.6,-1.6149068322981353,2025-09-27 08:00:34.042000+05:30
device_41,battery_bank,2025-09-27 02:30:35.754000+00:00,31.38,4.68,2.05,False,1029.6,1.5829439252336432,2025-09-27 08:00:35.754000+05:30
device_41,battery_bank,2025-09-27 02:30:37.328000+00:00,29.52,5.69,2.09,False,1251.8000000000002,-1.1817026683608636,2025-09-27 08:00:37.328000+05:30
device_42,battery_bank,2025-09-27 02:30:01.714000+00:00,31.14,5.59,2.01,False,1229.8,0.0,2025-09-27 08:00:01.714000+05:30
device_42,battery_bank,2025-09-27 02:30:03.069000+00:00,31.05,5.39,1.88,False,1185.8,-0.06642066420664196,2025-09-27 08:00:03.069000+05:30
device_42,battery_bank,2025-09-27 02:30:03.908000+00:00,28.43,5.68,1.88,False,1249.6,-3.122765196662695,2025-09-27 08:00:03.908000+05:30
device_42,battery_bank,2025-09-27 02:30:04.531000+00:00,31.6,5.7,2.15,False,1254.0,5.088282504012843,2025-09-27 08:00:04.531000+05:30
device_42,battery_bank,2025-09-27 02:30:05.051000+00:00,28.47,4.97,2.08,False,1093.3999999999999,-6.019230769230774,2025-09-27 08:00:05.051000+05:30
device_42,battery_bank,2025-09-27 02:30:06.554000+00:00,28.81,5.54,2.07,False,1218.8,0.22621423819028602,2025-09-27 08:00:06.554000+05:30
device_42,battery_bank,2025-09-27 02:30:08.411000+00:00,28.45,4.21,1.81,False,926.2,-0.193861066235864,2025-09-27 08:00:08.411000+05:30
device_42,battery_bank,2025-09-27 02:30:09.711000+00:00,30.42,5.53,1.83,False,1216.6000000000001,1.515384615384617,2025-09-27 08:00:09.711000+05:30
device_42,battery_bank,2025-09-27 02:30:10.871000+00:00,31.17,5.4,1.87,False,1188.0,0.646551724137931,2025-09-27 08:00:10.871000+05:30
device_42,battery_bank,2025-09-27 02:30:11.443000+00:00,31.59,5.92,1.86,False,1302.4,0.734265734265731,2025-09-27 08:00:11.443000+05:30
device_42,battery_bank,2025-09-27 02:30:12.756000+00:00,29.97,5.84,2.0,False,1284.8,-1.2338156892612346,2025-09-27 08:00:12.756000+05:30
device_42,battery_bank,2025-09-27 02:30:13.521000+00:00,31.38,4.19,2.09,False,921.8000000000001,1.843137254901961,2025-09-27 08:00:13.521000+05:30
device_42,battery_bank,2025-09-27 02:30:14.406000+00:00,30.53,4.86,2.08,False,1069.2,-0.9604519774011275,2025-09-27 08:00:14.406000+05:30
device_42,battery_bank,2025-09-27 02:30:15.181000+00:00,28.87,4.62,2.16,False,1016.4,-2.141935483870968,2025-09-27 08:00:15.181000+05:30
device_42,battery_bank,2025-09-27 02:30:15.951000+00:00,29.46,4.19,2.08,False,921.8000000000001,0.766233766233766,2025-09-27 08:00:15.951000+05:30
device_42,battery_bank,2025-09-27 02:30:17.796000+00:00,29.52,5.52,2.07,False,1214.3999999999999,0.03252032520325134,2025-09-27 08:00:17.796000+05:30
device_42,battery_bank,2025-09-27 02:30:18.918000+00:00,31.81,4.87,1.88,False,1071.4,2.040998217468805,2025-09-27 08:00:18.918000+05:30
device_42,battery_bank,2025-09-27 02:30:20.343000+00:00,30.73,4.05,1.96,False,891.0,-0.7578947368421041,2025-09-27 08:00:20.343000+05:30
device_42,battery_bank,2025-09-27 02:30:21.445000+00:00,29.48,5.37,2.11,False,1181.4,-1.1343012704174227,2025-09-27 08:00:21.445000+05:30
device_42,battery_bank,2025-09-27 02:30:22.977000+00:00,31.99,4.49,1.94,False,987.8000000000001,1.638381201044385,2025-09-27 08:00:22.977000+05:30
device_42,battery_bank,2025-09-27 02:30:24.592000+00:00,30.77,5.96,1.94,False,1311.2,-0.755417956656346,2025-09-27 08:00:24.592000+05:30
device_42,battery_bank,2025-09-27 02:30:26.243000+00:00,29.42,4.97,1.96,False,1093.3999999999999,-0.8176862507571157,2025-09-27 08:00:26.243000+05:30
device_42,battery_bank,2025-09-27 02:30:27.964000+00:00,29.61,4.24,1.97,False,932.8000000000001,0.11040092969203819,2025-09-27 08:00:27.964000+05:30
device_42,battery_bank,2025-09-27 02:30:29.786000+00:00,31.48,5.03,1.97,False,1106.6000000000001,1.0263446761800226,2025-09-27 08:00:29.786000+05:30
device_42,battery_bank,2025-09-27 02:30:31.685000+00:00,29.47,4.27,1.94,False,939.3999999999999,-1.0584518167456565,2025-09-27 08:00:31.685000+05:30
device_42,battery_bank,2025-09-27 02:30:32.241000+00:00,28.94,5.75,1.92,False,1265.0,-0.953237410071938,2025-09-27 08:00:32.241000+05:30
device_42,battery_bank,2025-09-27 02:30:32.984000+00:00,28.22,5.71,1.93,False,1256.2,-0.9690444145356695,2025-09-27 08:00:32.984000+05:30
device_42,battery_bank,2025-09-27 02:30:33.726000+00:00,31.77,4.53,2.1,False,996.6,4.784366576819408,2025-09-27 08:00:33.726000+05:30
device_42,battery_bank,2025-09-27 02:30:34.939000+00:00,28.19,4.32,2.13,False,950.4000000000001,-2.9513602638087373,2025-09-27 08:00:34.939000+05:30
device_42,battery_bank,2025-09-27 02:30:35.617000+00:00,31.49,4.67,1.91,False,1027.4,4.867256637168137,2025-09-27 08:00:35.617000+05:30
device_42,battery_bank,2025-09-27 02:30:36.664000+00:00,30.19,4.16,2.18,False,915.2,-1.2416427889207233,2025-09-27 08:00:36.664000+05:30
device_43,battery_bank,2025-09-27 02:30:02.346000+00:00,29.59,5.0,1.87,False,1100.0,0.0,2025-09-27 08:00:02.346000+05:30
device_43,battery_bank,2025-09-27 02:30:03.467000+00:00,30.74,5.17,2.1,False,1137.4,1.0258697591436206,2025-09-27 08:00:03.467000+05:30
device_43,battery_bank,2025-09-27 02:30:04.880000+00:00,30.28,5.92,2.08,False,1302.4,-0.3255484784147185,2025-09-27 08:00:04.880000+05:30
device_43,battery_bank,2025-09-27 02:30:05.985000+00:00,28.17,5.19,1.96,False,1141.8000000000002,-1.9095022624434383,2025-09-27 08:00:05.985000+05:30
device_43,battery_bank,2025-09-27 02:30:07.800000+00:00,31.48,4.91,2.17,False,1080.2,1.8236914600550957,2025-09-27 08:00:07.800000+05:30
device_43,battery_bank,2025-09-27 02:30:08.769000+00:00,29.61,5.31,1.89,False,1168.1999999999998,-1.9298245614035099,2025-09-27 08:00:08.769000+05:30
device_43,battery_bank,2025-09-27 02:30:10.476000+00:00,31.7,5.43,2.2,False,1194.6,1.2243702401874632,2025-09-27 08:00:10.476000+05:30
device_43,battery_bank,2025-09-27 02:30:12.086000+00:00,28.6,4.23,2.02,False,930.6000000000001,-1.9254658385093153,2025-09-27 08:00:12.086000+05:30
device_43,battery_bank,2025-09-27 02:30:13.073000+00:00,30.33,4.08,1.91,False,897.6,1.752786220871324,2025-09-27 08:00:13.073000+05:30
device_43,battery_bank,2025-09-27 02:30:13.720000+00:00,29.98,4.17,1.91,False,917.4,-0.5409582689335362,2025-09-27 08:00:13.720000+05:30
device_43,battery_bank,2025-09-27 02:30:15.671000+00:00,29.65,4.15,1.91,False,913.0000000000001,-0.16914402870323006,2025-09-27 08:00:15.671000+05:30
device_43,battery_bank,2025-09-27 02:30:17.522000+00:00,29.52,5.18,2.17,False,1139.6,-0.0702323068611556,2025-09-27 08:00:17.522000+05:30
device_43,battery_bank,2025-09-27 02:30:18.341000+00:00,31.21,4.14,1.91,False,910.8,2.063492063492065,2025-09-27 08:00:18.341000+05:30
device_43,battery_bank,2025-09-27 02:30:18.886000+00:00,30.42,4.48,1.83,False,985.6000000000001,-1.4495412844036681,2025-09-27 08:00:18.886000+05:30
device_43,battery_bank,2025-09-27 02:30:20.113000+00:00,31.84,4.78,2.07,False,1051.6000000000001,1.1572942135289308,2025-09-27 08:00:20.113000+05:30
device_43,battery_bank,2025-09-27 02:30:21.452000+00:00,29.91,5.34,2.0,False,1174.8,-1.4413741598207617,2025-09-27 08:00:21.452000+05:30
device_43,battery_bank,2025-09-27 02:30:22.596000+00:00,30.71,4.3,2.03,False,946.0,0.6993006993006999,2025-09-27 08:00:22.596000+05:30
device_43,battery_bank,2025-09-27 02:30:23.771000+00:00,29.81,4.42,1.98,False,972.4,-0.7659574468085124,2025-09-27 08:00:23.771000+05:30
device_43,battery_bank,2025-09-27 02:30:24.691000+00:00,31.73,5.68,2.05,False,1249.6,2.086956521739132,2025-09-27 08:00:24.691000+05:30
device_43,battery_bank,2025-09-27 02:30:25.561000+00:00,31.16,4.06,1.81,False,893.1999999999999,-0.6551724137931038,2025-09-27 08:00:25.561000+05:30
device_43,battery_bank,2025-09-27 02:30:27.535000+00:00,31.37,4.08,1.96,False,897.6,0.10638297872340469,2025-09-27 08:00:27.535000+05:30
device_43,battery_bank,2025-09-27 02:30:29.215000+00:00,30.37,4.41,2.08,False,970.2,-0.5952380952380952,2025-09-27 08:00:29.215000+05:30
device_43,battery_bank,2025-09-27 02:30:29.910000+00:00,28.18,4.07,1.86,False,895.4000000000001,-3.1510791366906497,2025-09-27 08:00:29.910000+05:30
device_43,battery_bank,2025-09-27 02:30:30.726000+00:00,31.48,4.67,1.82,False,1027.4,4.044117647058824,2025-09-27 08:00:30.726000+05:30
device_43,battery_bank,2025-09-27 02:30:31.250000+00:00,29.05,4.7,2.2,False,1034.0,-4.637404580152671,2025-09-27 08:00:31.250000+05:30
device_43,battery_bank,2025-09-27 02:30:32.937000+00:00,28.52,5.75,2.18,False,1265.0,-0.31416716064019035,2025-09-27 08:00:32.937000+05:30
device_43,battery_bank,2025-09-27 02:30:33.656000+00:00,30.33,4.1,1.95,False,901.9999999999999,2.5173852573018065,2025-09-27 08:00:33.656000+05:30
device_43,battery_bank,2025-09-27 02:30:34.861000+00:00,28.82,4.22,2.11,False,928.4,-1.253112033195019,2025-09-27 08:00:34.861000+05:30
device_43,battery_bank,2025-09-27 02:30:36.425000+00:00,31.36,4.7,1.82,False,1034.0,1.624040920716112,2025-09-27 08:00:36.425000+05:30
device_43,battery_bank,2025-09-27 02:30:37.174000+00:00,29.33,5.89,1.95,False,1295.8,-2.710280373831777,2025-09-27 08:00:37.174000+05:30
device_44,battery_bank,2025-09-27 02:30:02.506000+00:00,30.28,4.13,1.92,False,908.6,0.0,2025-09-27 08:00:02.506000+05:30
device_44,battery_bank,2025-09-27 02:30:03.168000+00:00,29.33,5.58,1.99,False,1227.6,-1.435045317220548,2025-09-27 08:00:03.168000+05:30
device_44,battery_bank,2025-09-27 02:30:04.011000+00:00,30.09,5.75,1.81,False,1265.0,0.9015421115065262,2025-09-27 08:00:04.011000+05:30
device_44,battery_bank,2025-09-27 02:30:05.609000+00:00,28.25,4.56,1.82,False,1003.1999999999999,-1.1514392991239046,2025-09-27 08:00:05.609000+05:30
device_44,battery_bank,2025-09-27 02:30:06.865000+00:00,31.33,4.02,2.19,False,884.3999999999999,2.452229299363056,2025-09-27 08:00:06.865000+05:30
device_44,battery_bank,2025-09-27 02:30:08.001000+00:00,30.21,5.25,2.01,False,1155.0,-0.9859154929577443,2025-09-27 08:00:08.001000+05:30
device_44,battery_bank,2025-09-27 02:30:09.073000+00:00,31.32,4.63,1.9,False,1018.6,1.0354477611940291,2025-09-27 08:00:09.073000+05:30
device_44,battery_bank,2025-09-27 02:30:10.482000+00:00,28.26,5.9,1.82,False,1298.0,-2.171753016323633,2025-09-27 08:00:10.482000+05:30
device_44,battery_bank,2025-09-27 02:30:11.284000+00:00,30.45,4.8,2.19,False,1056.0,2.730673316708226,2025-09-27 08:00:11.284000+05:30
device_44,battery_bank,2025-09-27 02:30:11.950000+00:00,29.08,4.08,2.02,False,897.6,-2.0570570570570585,2025-09-27 08:00:11.950000+05:30
device_44,battery_bank,2025-09-27 02:30:13.263000+00:00,29.65,5.74,1.89,False,1262.8,0.43412033511043435,2025-09-27 08:00:13.263000+05:30
device_44,battery_bank,2025-09-27 02:30:14.900000+00:00,30.16,4.24,1.93,False,932.8000000000001,0.3115455100794145,2025-09-27 08:00:14.900000+05:30
device_44,battery_bank,2025-09-27 02:30:16.086000+00:00,28.83,5.49,1.99,False,1207.8,-1.1214165261382816,2025-09-27 08:00:16.086000+05:30
device_44,battery_bank,2025-09-27 02:30:17.620000+00:00,31.18,5.94,1.9,False,1306.8000000000002,1.5319426336375497,2025-09-27 08:00:17.620000+05:30
device_44,battery_bank,2025-09-27 02:30:18.248000+00:00,28.07,4.1,2.11,False,901.9999999999999,-4.952229299363056,2025-09-27 08:00:18.248000+05:30
device_44,battery_bank,2025-09-27 02:30:19.637000+00:00,28.21,4.74,2.06,False,1042.8,0.1007919366450688,2025-09-27 08:00:19.637000+05:30
device_44,battery_bank,2025-09-27 02:30:20.933000+00:00,30.74,4.73,2.07,False,1040.6000000000001,1.9521604938271586,2025-09-27 08:00:20.933000+05:30
device_44,battery_bank,2025-09-27 02:30:22.848000+00:00,30.73,4.65,2.13,False,1023.0000000000001,-0.0052219321148814675,2025-09-27 08:00:22.848000+05:30
device_44,battery_bank,2025-09-27 02:30:23.480000+00:00,30.75,5.02,2.12,False,1104.3999999999999,0.03164556962025249,2025-09-27 08:00:23.480000+05:30
device_44,battery_bank,2025-09-27 02:30:25.219000+00:00,30.96,4.77,1.85,False,1049.3999999999999,0.12075905692927018,2025-09-27 08:00:25.219000+05:30
device_44,battery_bank,2025-09-27 02:30:26.875000+00:00,31.73,5.45,1.85,False,1199.0,0.4649758454106278,2025-09-27 08:00:26.875000+05:30
device_44,battery_bank,2025-09-27 02:30:27.660000+00:00,28.7,4.76,2.2,False,1047.2,-3.8598726114649695,2025-09-27 08:00:27.660000+05:30
device_44,battery_bank,2025-09-27 02:30:28.614000+00:00,30.9,5.94,1.88,False,1306.8000000000002,2.30607966457023,2025-09-27 08:00:28.614000+05:30
device_44,battery_bank,2025-09-27 02:30:29.507000+00:00,30.1,5.32,2.13,False,1170.4,-0.8958566629339274,2025-09-27 08:00:29.507000+05:30
device_44,battery_bank,2025-09-27 02:30:30.415000+00:00,31.87,4.87,2.14,False,1071.4,1.9493392070484576,2025-09-27 08:00:30.415000+05:30
device_44,battery_bank,2025-09-27 02:30:31.238000+00:00,31.43,4.59,1.98,False,1009.8,-0.5346294046172555,2025-09-27 08:00:31.238000+05:30
device_44,battery_bank,2025-09-27 02:30:31.902000+00:00,29.55,5.45,1.82,False,1199.0,-2.8313253012048176,2025-09-27 08:00:31.902000+05:30
device_44,battery_bank,2025-09-27 02:30:32.484000+00:00,31.77,4.56,1.9,False,1003.1999999999999,3.81443298969072,2025-09-27 08:00:32.484000+05:30
device_44,battery_bank,2025-09-27 02:30:33.963000+00:00,29.41,4.29,1.87,False,943.8,-1.5956727518593639,2025-09-27 08:00:33.963000+05:30
device_44,battery_bank,2025-09-27 02:30:35.216000+00:00,28.39,4.15,2.09,False,913.0000000000001,-0.8140462889066238,2025-09-27 08:00:35.216000+05:30
device_44,battery_bank,2025-09-27 02:30:36.263000+00:00,28.18,4.7,2.02,False,1034.0,-0.20057306590257962,2025-09-27 08:00:36.263000+05:30
device_45,battery_bank,2025-09-27 02:30:02.475000+00:00,29.25,5.57,2.05,False,1225.4,0.0,2025-09-27 08:00:02.475000+05:30
device_45,battery_bank,2025-09-27 02:30:04.365000+00:00,29.03,5.29,2.19,False,1163.8,-0.11640211640211581,2025-09-27 08:00:04.365000+05:30
device_45,battery_bank,2025-09-27 02:30:05.974000+00:00,28.66,5.34,1.94,False,1174.8,-0.22995649471721627,2025-09-27 08:00:05.974000+05:30
device_45,battery_bank,2025-09-27 02:30:06.632000+00:00,30.29,5.38,2.07,False,1183.6,2.477203647416412,2025-09-27 08:00:06.632000+05:30
device_45,battery_bank,2025-09-27 02:30:08.329000+00:00,30.98,4.29,1.84,False,943.8,0.40659988214496245,2025-09-27 08:00:08.329000+05:30
device_45,battery_bank,2025-09-27 02:30:10.039000+00:00,31.34,5.83,2.11,False,1282.6,0.21052631578947337,2025-09-27 08:00:10.039000+05:30
device_45,battery_bank,2025-09-27 02:30:11.837000+00:00,30.61,4.66,2.05,False,1025.2,-0.4060066740823139,2025-09-27 08:00:11.837000+05:30
device_45,battery_bank,2025-09-27 02:30:13.294000+00:00,31.96,4.95,1.88,False,1089.0,0.9265614275909412,2025-09-27 08:00:13.294000+05:30
device_45,battery_bank,2025-09-27 02:30:14.612000+00:00,31.74,4.68,1.86,False,1029.6,-0.16691957511381061,2025-09-27 08:00:14.612000+05:30
device_45,battery_bank,2025-09-27 02:30:16.502000+00:00,28.97,4.89,1.98,False,1075.8,-1.4656084656084654,2025-09-27 08:00:16.502000+05:30
device_45,battery_bank,2025-09-27 02:30:17.032000+00:00,30.64,5.79,1.96,False,1273.8,3.150943396226418,2025-09-27 08:00:17.032000+05:30
device_45,battery_bank,2025-09-27 02:30:18.122000+00:00,30.47,5.01,2.07,False,1102.2,-0.15596330275229514,2025-09-27 08:00:18.122000+05:30
device_45,battery_bank,2025-09-27 02:30:18.950000+00:00,29.96,5.94,2.0,False,1306.8000000000002,-0.6159420289855049,2025-09-27 08:00:18.950000+05:30
device_45,battery_bank,2025-09-27 02:30:19.576000+00:00,30.55,5.74,2.06,False,1262.8,0.9424920127795525,2025-09-27 08:00:19.576000+05:30
device_45,battery_bank,2025-09-27 02:30:20.903000+00:00,28.89,5.42,2.0,False,1192.4,-1.250941974378297,2025-09-27 08:00:20.903000+05:30
device_45,battery_bank,2025-09-27 02:30:21.992000+00:00,31.41,5.04,2.14,False,1108.8,2.3140495867768593,2025-09-27 08:00:21.992000+05:30
device_45,battery_bank,2025-09-27 02:30:23.544000+00:00,28.38,4.03,1.92,False,886.6,-1.9523195876288666,2025-09-27 08:00:23.544000+05:30
device_45,battery_bank,2025-09-27 02:30:24.383000+00:00,31.14,5.84,1.93,False,1284.8,3.2896305125149006,2025-09-27 08:00:24.383000+05:30
device_45,battery_bank,2025-09-27 02:30:25.530000+00:00,28.47,4.71,2.06,False,1036.2,-2.3278116826503936,2025-09-27 08:00:25.530000+05:30
device_45,battery_bank,2025-09-27 02:30:26.971000+00:00,28.53,5.37,1.93,False,1181.4,0.04163775156141726,2025-09-27 08:00:26.971000+05:30
device_45,battery_bank,2025-09-27 02:30:28.395000+00:00,31.4,4.03,2.16,False,886.6,2.0154494382022454,2025-09-27 08:00:28.395000+05:30
device_45,battery_bank,2025-09-27 02:30:29.708000+00:00,28.65,5.15,2.06,False,1133.0,-2.0944402132520947,2025-09-27 08:00:29.708000+05:30
device_45,battery_bank,2025-09-27 02:30:31.098000+00:00,31.43,5.24,2.16,False,1152.8,2.000000000000001,2025-09-27 08:00:31.098000+05:30
device_45,battery_bank,2025-09-27 02:30:32.256000+00:00,28.92,4.06,2.01,False,893.1999999999999,-2.1675302245250414,2025-09-27 08:00:32.256000+05:30
device_45,battery_bank,2025-09-27 02:30:33.734000+00:00,28.82,4.41,2.18,False,970.2,-0.06765899864682098,2025-09-27 08:00:33.734000+05:30
device_45,battery_bank,2025-09-27 02:30:35.249000+00:00,29.23,5.28,2.05,False,1161.6000000000001,0.27062706270627074,2025-09-27 08:00:35.249000+05:30
device_45,battery_bank,2025-09-27 02:30:37.063000+00:00,29.17,4.83,1.81,False,1062.6,-0.0330760749724359,2025-09-27 08:00:37.063000+05:30
device_46,battery_bank,2025-09-27 02:30:01.411000+00:00,31.91,5.57,2.12,False,1225.4,0.0,2025-09-27 08:00:01.411000+05:30
device_46,battery_bank,2025-09-27 02:30:02.525000+00:00,31.53,4.41,1.92,False,970.2,-0.34111310592459515,2025-09-27 08:00:02.525000+05:30
device_46,battery_bank,2025-09-27 02:30:03.252000+00:00,31.91,5.15,1.83,False,1133.0,0.5226960110041252,2025-09-27 08:00:03.252000+05:30
device_46,battery_bank,2025-09-27 02:30:04.523000+00:00,30.59,4.67,1.84,False,1027.4,-1.0385523210070813,2025-09-27 08:00:04.523000+05:30
device_46,battery_bank,2025-09-27 02:30:05.672000+00:00,30.66,4.5,1.96,False,990.0,0.060922541340296156,2025-09-27 08:00:05.672000+05:30
device_46,battery_bank,2025-09-27 02:30:07.673000+00:00,29.34,4.9,2.08,False,1078.0,-0.6596701649175414,2025-09-27 08:00:07.673000+05:30
device_46,battery_bank,2025-09-27 02:30:09.111000+00:00,28.0,5.25,1.96,False,1155.0,-0.9318497913769123,2025-09-27 08:00:09.111000+05:30
device_46,battery_bank,2025-09-27 02:30:09.931000+00:00,30.26,4.82,2.17,False,1060.4,2.7560975609756118,2025-09-27 08:00:09.931000+05:30
device_46,battery_bank,2025-09-27 02:30:11.075000+00:00,30.15,4.43,2.15,False,974.5999999999999,-0.09615384615384877,2025-09-27 08:00:11.075000+05:30
device_46,battery_bank,2025-09-27 02:30:12.082000+00:00,28.35,5.46,1.9,False,1201.2,-1.787487586891755,2025-09-27 08:00:12.082000+05:30
device_46,battery_bank,2025-09-27 02:30:13.424000+00:00,31.33,5.71,1.85,False,1256.2,2.220566318926972,2025-09-27 08:00:13.424000+05:30
device_46,battery_bank,2025-09-27 02:30:15.073000+00:00,30.36,4.7,2.09,False,1034.0,-0.5882352941176464,2025-09-27 08:00:15.073000+05:30
device_46,battery_bank,2025-09-27 02:30:16.862000+00:00,31.32,4.71,1.95,False,1036.2,0.53661263275573,2025-09-27 08:00:16.862000+05:30
device_46,battery_bank,2025-09-27 02:30:18.023000+00:00,28.17,5.25,1.89,False,1155.0,-2.713178294573642,2025-09-27 08:00:18.023000+05:30
device_46,battery_bank,2025-09-27 02:30:19.511000+00:00,30.47,5.76,2.17,False,1267.2,1.545698924731181,2025-09-27 08:00:19.511000+05:30
device_46,battery_bank,2025-09-27 02:30:21.391000+00:00,29.24,4.28,1.98,False,941.6,-0.6542553191489364,2025-09-27 08:00:21.391000+05:30
device_46,battery_bank,2025-09-27 02:30:22.182000+00:00,29.4,4.46,1.82,False,981.2,0.20227560050568918,2025-09-27 08:00:22.182000+05:30
device_46,battery_bank,2025-09-27 02:30:24.094000+00:00,31.65,4.18,2.18,False,919.5999999999999,1.1767782426778244,2025-09-27 08:00:24.094000+05:30
device_46,battery_bank,2025-09-27 02:30:24.618000+00:00,29.54,5.79,1.83,False,1273.8,-4.026717557251907,2025-09-27 08:00:24.618000+05:30
device_46,battery_bank,2025-09-27 02:30:25.298000+00:00,30.9,5.82,2.14,False,1280.4,1.9999999999999991,2025-09-27 08:00:25.298000+05:30
device_46,battery_bank,2025-09-27 02:30:26.088000+00:00,29.1,5.4,1.88,False,1188.0,-2.278481012658224,2025-09-27 08:00:26.088000+05:30
device_46,battery_bank,2025-09-27 02:30:27.237000+00:00,29.05,5.57,1.83,False,1225.4,-0.043516100957354836,2025-09-27 08:00:27.237000+05:30
device_46,battery_bank,2025-09-27 02:30:27.901000+00:00,28.71,5.68,2.07,False,1249.6,-0.512048192771084,2025-09-27 08:00:27.901000+05:30
device_46,battery_bank,2025-09-27 02:30:29.034000+00:00,29.87,4.54,2.01,False,998.8,1.0238305383936452,2025-09-27 08:00:29.034000+05:30
device_46,battery_bank,2025-09-27 02:30:30.816000+00:00,28.07,4.46,2.12,False,981.2,-1.0101010101010104,2025-09-27 08:00:30.816000+05:30
device_46,battery_bank,2025-09-27 02:30:32.673000+00:00,30.25,4.54,1.99,False,998.8,1.1739364566505115,2025-09-27 08:00:32.673000+05:30
device_46,battery_bank,2025-09-27 02:30:33.481000+00:00,29.96,4.3,2.01,False,946.0,-0.35891089108910784,2025-09-27 08:00:33.481000+05:30
device_46,battery_bank,2025-09-27 02:30:35.140000+00:00,28.26,5.7,2.14,False,1254.0,-1.0247136829415306,2025-09-27 08:00:35.140000+05:30
device_46,battery_bank,2025-09-27 02:30:36.764000+00:00,31.7,4.62,2.18,False,1016.4,2.11822660098522,2025-09-27 08:00:36.764000+05:30
device_47,battery_bank,2025-09-27 02:30:02.338000+00:00,29.36,5.64,2.09,False,1240.8,0.0,2025-09-27 08:00:02.338000+05:30
device_47,battery_bank,2025-09-27 02:30:03.977000+00:00,29.85,4.41,1.92,False,970.2,0.2989627821842599,2025-09-27 08:00:03.977000+05:30
device_47,battery_bank,2025-09-27 02:30:05.903000+00:00,31.15,5.77,2.15,False,1269.3999999999999,0.6749740394600193,2025-09-27 08:00:05.903000+05:30
device_47,battery_bank,2025-09-27 02:30:07.119000+00:00,29.07,4.44,1.83,False,976.8000000000001,-1.7105263157894723,2025-09-27 08:00:07.119000+05:30
device_47,battery_bank,2025-09-27 02:30:08.736000+00:00,31.88,4.91,1.86,False,1080.2,1.7377860235003084,2025-09-27 08:00:08.736000+05:30
device_47,battery_bank,2025-09-27 02:30:09.405000+00:00,29.65,5.77,2.13,False,1269.3999999999999,-3.333333333333334,2025-09-27 08:00:09.405000+05:30
device_47,battery_bank,2025-09-27 02:30:10.420000+00:00,29.3,4.74,2.11,False,1042.8,-0.34482758620689447,2025-09-27 08:00:10.420000+05:30
device_47,battery_bank,2025-09-27 02:30:11.189000+00:00,30.21,4.82,1.86,False,1060.4,1.1833550065019507,2025-09-27 08:00:11.189000+05:30
device_47,battery_bank,2025-09-27 02:30:11.944000+00:00,29.08,4.31,2.02,False,948.1999999999999,-1.4966887417218577,2025-09-27 08:00:11.944000+05:30
device_47,battery_bank,2025-09-27 02:30:12.752000+00:00,29.93,4.56,1.88,False,1003.1999999999999,1.0519801980198036,2025-09-27 08:00:12.752000+05:30
device_47,battery_bank,2025-09-27 02:30:13.973000+00:00,30.77,5.67,2.18,False,1247.4,0.6879606879606878,2025-09-27 08:00:13.973000+05:30
device_47,battery_bank,2025-09-27 02:30:15.568000+00:00,29.48,4.27,1.88,False,939.3999999999999,-0.8087774294670841,2025-09-27 08:00:15.568000+05:30
device_47,battery_bank,2025-09-27 02:30:17.560000+00:00,29.69,4.05,2.2,False,891.0,0.10542168674698837,2025-09-27 08:00:17.560000+05:30
device_47,battery_bank,2025-09-27 02:30:18.605000+00:00,31.92,6.0,1.87,False,1320.0,2.1339712918660294,2025-09-27 08:00:18.605000+05:30
device_47,battery_bank,2025-09-27 02:30:20.100000+00:00,28.47,4.04,2.2,False,888.8,-2.3076923076923093,2025-09-27 08:00:20.100000+05:30
device_47,battery_bank,2025-09-27 02:30:20.924000+00:00,30.71,4.76,2.11,False,1047.2,2.71844660194175,2025-09-27 08:00:20.924000+05:30
device_47,battery_bank,2025-09-27 02:30:21.790000+00:00,29.6,4.06,1.81,False,893.1999999999999,-1.2817551963048492,2025-09-27 08:00:21.790000+05:30
device_47,battery_bank,2025-09-27 02:30:22.894000+00:00,30.65,5.87,1.97,False,1291.4,0.9510869565217365,2025-09-27 08:00:22.894000+05:30
device_47,battery_bank,2025-09-27 02:30:24.140000+00:00,28.13,4.71,2.02,False,1036.2,-2.022471910112359,2025-09-27 08:00:24.140000+05:30
device_47,battery_bank,2025-09-27 02:30:25.657000+00:00,29.5,5.7,1.85,False,1254.0,0.9030982201713916,2025-09-27 08:00:25.657000+05:30
device_47,battery_bank,2025-09-27 02:30:26.924000+00:00,31.74,5.17,1.9,False,1137.4,1.7679558011049712,2025-09-27 08:00:26.924000+05:30
device_47,battery_bank,2025-09-27 02:30:27.674000+00:00,29.55,4.63,2.09,False,1018.6,-2.919999999999997,2025-09-27 08:00:27.674000+05:30
device_47,battery_bank,2025-09-27 02:30:29.306000+00:00,28.59,5.79,2.04,False,1273.8,-0.5882352941176476,2025-09-27 08:00:29.306000+05:30
device_47,battery_bank,2025-09-27 02:30:30.101000+00:00,31.44,5.2,2.01,False,1144.0,3.58490566037736,2025-09-27 08:00:30.101000+05:30
device_47,battery_bank,2025-09-27 02:30:31.936000+00:00,30.09,5.73,1.96,False,1260.6000000000001,-0.7356948228882841,2025-09-27 08:00:31.936000+05:30
device_47,battery_bank,2025-09-27 02:30:32.828000+00:00,30.02,4.13,2.04,False,908.6,-0.07847533632287028,2025-09-27 08:00:32.828000+05:30
device_47,battery_bank,2025-09-27 02:30:33.717000+00:00,28.91,5.36,2.16,False,1179.2,-1.2485939257592795,2025-09-27 08:00:33.717000+05:30
device_47,battery_bank,2025-09-27 02:30:35.141000+00:00,28.75,4.89,1.9,False,1075.8,-0.11235955056179786,2025-09-27 08:00:35.141000+05:30
device_47,battery_bank,2025-09-27 02:30:36.756000+00:00,29.66,5.24,1.88,False,1152.8,0.563467492260062,2025-09-27 08:00:36.756000+05:30
device_48,battery_bank,2025-09-27 02:30:02.189000+00:00,29.61,4.49,1.98,False,987.8000000000001,0.0,2025-09-27 08:00:02.189000+05:30
device_48,battery_bank,2025-09-27 02:30:03.405000+00:00,28.23,4.23,2.04,False,930.6000000000001,-1.1348684210526307,2025-09-27 08:00:03.405000+05:30
device_48,battery_bank,2025-09-27 02:30:05.226000+00:00,28.96,5.02,1.85,False,1104.3999999999999,0.40087863811092833,2025-09-27 08:00:05.226000+05:30
device_48,battery_bank,2025-09-27 02:30:05.908000+00:00,30.58,4.25,2.18,False,935.0,2.375366568914952,2025-09-27 08:00:05.908000+05:30
device_48,battery_bank,2025-09-27 02:30:07.176000+00:00,28.25,4.12,1.92,False,906.4,-1.8375394321766547,2025-09-27 08:00:07.176000+05:30
device_48,battery_bank,2025-09-27 02:30:08.117000+00:00,30.05,4.76,2.0,False,1047.2,1.9128586609989382,2025-09-27 08:00:08.117000+05:30
device_48,battery_bank,2025-09-27 02:30:09.173000+00:00,30.16,4.22,2.06,False,928.4,0.10416666666666613,2025-09-27 08:00:09.173000+05:30
device_48,battery_bank,2025-09-27 02:30:10.240000+00:00,28.98,4.79,2.05,False,1053.8,-1.1059044048734767,2025-09-27 08:00:10.240000+05:30
device_48,battery_bank,2025-09-27 02:30:11.147000+00:00,31.37,4.22,2.11,False,928.4,2.635060639470783,2025-09-27 08:00:11.147000+05:30
device_48,battery_bank,2025-09-27 02:30:13.051000+00:00,28.97,4.67,1.92,False,1027.4,-1.2605042016806733,2025-09-27 08:00:13.051000+05:30
device_48,battery_bank,2025-09-27 02:30:14.249000+00:00,31.73,5.78,2.14,False,1271.6000000000001,2.3038397328881484,2025-09-27 08:00:14.249000+05:30
device_48,battery_bank,2025-09-27 02:30:15.944000+00:00,28.69,4.34,1.82,False,954.8,-1.7935103244837753,2025-09-27 08:00:15.944000+05:30
device_48,battery_bank,2025-09-27 02:30:16.529000+00:00,28.54,5.23,2.17,False,1150.6000000000001,-0.25641025641026005,2025-09-27 08:00:16.529000+05:30
device_48,battery_bank,2025-09-27 02:30:17.140000+00:00,31.78,4.03,2.04,False,886.6,5.302782324058923,2025-09-27 08:00:17.140000+05:30
device_48,battery_bank,2025-09-27 02:30:18.016000+00:00,29.93,5.33,2.08,False,1172.6,-2.111872146118723,2025-09-27 08:00:18.016000+05:30
device_48,battery_bank,2025-09-27 02:30:19.226000+00:00,30.23,5.1,1.89,False,1122.0,0.24793388429752125,2025-09-27 08:00:19.226000+05:30
device_48,battery_bank,2025-09-27 02:30:21.036000+00:00,30.69,4.9,1.88,False,1078.0,0.25414364640884024,2025-09-27 08:00:21.036000+05:30
device_48,battery_bank,2025-09-27 02:30:22.109000+00:00,30.7,5.08,1.93,False,1117.6,0.009319664492076432,2025-09-27 08:00:22.109000+05:30
device_48,battery_bank,2025-09-27 02:30:23.520000+00:00,29.05,5.11,1.84,False,1124.2,-1.1693834160170082,2025-09-27 08:00:23.520000+05:30
device_48,battery_bank,2025-09-27 02:30:24.942000+00:00,29.41,5.22,1.98,False,1148.3999999999999,0.25316455696202494,2025-09-27 08:00:24.942000+05:30
device_48,battery_bank,2025-09-27 02:30:26.210000+00:00,29.07,5.77,2.07,False,1269.3999999999999,-0.26813880126182954,2025-09-27 08:00:26.210000+05:30
device_48,battery_bank,2025-09-27 02:30:28.090000+00:00,28.47,4.81,2.07,False,1058.1999999999998,-0.31914893617021356,2025-09-27 08:00:28.090000+05:30
device_48,battery_bank,2025-09-27 02:30:29.492000+00:00,30.78,5.34,2.15,False,1174.8,1.6476462196861643,2025-09-27 08:00:29.492000+05:30
device_48,battery_bank,2025-09-27 02:30:30.723000+00:00,30.02,4.34,2.17,False,954.8,-0.6173842404549159,2025-09-27 08:00:30.723000+05:30
device_48,battery_bank,2025-09-27 02:30:31.638000+00:00,31.04,5.12,1.86,False,1126.4,1.1147540983606552,2025-09-27 08:00:31.638000+05:30
device_48,battery_bank,2025-09-27 02:30:32.661000+00:00,28.57,5.77,1.99,False,1269.3999999999999,-2.41446725317693,2025-09-27 08:00:32.661000+05:30
device_48,battery_bank,2025-09-27 02:30:33.674000+00:00,30.7,5.5,2.0,False,1210.0,2.1026653504442243,2025-09-27 08:00:33.674000+05:30
device_48,battery_bank,2025-09-27 02:30:35.556000+00:00,28.66,4.68,2.02,False,1029.6,-1.0839532412327308,2025-09-27 08:00:35.556000+05:30
device_48,battery_bank,2025-09-27 02:30:36.193000+00:00,30.5,5.55,2.11,False,1221.0,2.888540031397174,2025-09-27 08:00:36.193000+05:30
device_49,battery_bank,2025-09-27 02:30:02.027000+00:00,30.28,5.7,1.86,False,1254.0,0.0,2025-09-27 08:00:02.027000+05:30
device_49,battery_bank,2025-09-27 02:30:02.914000+00:00,28.68,4.09,2.16,False,899.8,-1.8038331454340488,2025-09-27 08:00:02.914000+05:30
device_49,battery_bank,2025-09-27 02:30:04.275000+00:00,30.37,5.82,2.03,False,1280.4,1.2417340191036013,2025-09-27 08:00:04.275000+05:30
device_49,battery_bank,2025-09-27 02:30:05.659000+00:00,30.94,5.5,2.09,False,1210.0,0.4118497109826592,2025-09-27 08:00:05.659000+05:30
device_49,battery_bank,2025-09-27 02:30:07.702000+00:00,31.14,4.2,1.85,False,924.0,0.09789525208027375,2025-09-27 08:00:07.702000+05:30
device_49,battery_bank,2025-09-27 02:30:09.499000+00:00,31.63,4.47,1.9,False,983.4,0.27267668336115664,2025-09-27 08:00:09.499000+05:30
device_49,battery_bank,2025-09-27 02:30:11.345000+00:00,28.21,5.43,1.82,False,1194.6,-1.8526543878656543,2025-09-27 08:00:11.345000+05:30
device_49,battery_bank,2025-09-27 02:30:13.148000+00:00,30.73,5.07,1.99,False,1115.4,1.3976705490848584,2025-09-27 08:00:13.148000+05:30
device_49,battery_bank,2025-09-27 02:30:14.364000+00:00,29.65,5.37,2.13,False,1181.4,-0.8881578947368437,2025-09-27 08:00:14.364000+05:30
device_49,battery_bank,2025-09-27 02:30:15.892000+00:00,30.05,5.71,1.85,False,1256.2,0.26178010471204327,2025-09-27 08:00:15.892000+05:30
device_49,battery_bank,2025-09-27 02:30:17.585000+00:00,31.93,5.96,1.86,False,1311.2,1.1104548139397512,2025-09-27 08:00:17.585000+05:30
device_49,battery_bank,2025-09-27 02:30:18.623000+00:00,30.44,4.76,1.98,False,1047.2,-1.4354527938342951,2025-09-27 08:00:18.623000+05:30
device_49,battery_bank,2025-09-27 02:30:19.468000+00:00,31.26,4.24,1.92,False,932.8000000000001,0.9704142011834324,2025-09-27 08:00:19.468000+05:30
device_49,battery_bank,2025-09-27 02:30:21.326000+00:00,31.09,4.82,1.86,False,1060.4,-0.09149623250807411,2025-09-27 08:00:21.326000+05:30
device_49,battery_bank,2025-09-27 02:30:22.017000+00:00,29.75,4.94,2.12,False,1086.8000000000002,-1.939218523878437,2025-09-27 08:00:22.017000+05:30
device_49,battery_bank,2025-09-27 02:30:22.659000+00:00,28.19,4.66,1.85,False,1025.2,-2.429906542056073,2025-09-27 08:00:22.659000+05:30
device_49,battery_bank,2025-09-27 02:30:24.200000+00:00,29.65,5.79,1.9,False,1273.8,0.947436729396494,2025-09-27 08:00:24.200000+05:30
device_49,battery_bank,2025-09-27 02:30:25.067000+00:00,29.12,5.76,1.96,False,1267.2,-0.6113033448673559,2025-09-27 08:00:25.067000+05:30
device_49,battery_bank,2025-09-27 02:30:26.179000+00:00,31.21,4.94,1.95,False,1086.8000000000002,1.8794964028776975,2025-09-27 08:00:26.179000+05:30
device_49,battery_bank,2025-09-27 02:30:28.130000+00:00,31.85,4.85,2.05,False,1067.0,0.3280369041517173,2025-09-27 08:00:28.130000+05:30
device_49,battery_bank,2025-09-27 02:30:29.446000+00:00,30.27,4.17,1.95,False,917.4,-1.2006079027355636,2025-09-27 08:00:29.446000+05:30
device_49,battery_bank,2025-09-27 02:30:31.176000+00:00,29.89,5.19,2.05,False,1141.8000000000002,-0.21965317919075086,2025-09-27 08:00:31.176000+05:30
device_49,battery_bank,2025-09-27 02:30:32.678000+00:00,28.98,5.28,1.95,False,1161.6000000000001,-0.6058588548601865,2025-09-27 08:00:32.678000+05:30
device_49,battery_bank,2025-09-27 02:30:33.434000+00:00,31.2,5.53,1.83,False,1216.6000000000001,2.936507936507935,2025-09-27 08:00:33.434000+05:30
device_49,battery_bank,2025-09-27 02:30:34.018000+00:00,30.18,5.38,1.9,False,1183.6,-1.7465753424657529,2025-09-27 08:00:34.018000+05:30
device_49,battery_bank,2025-09-27 02:30:35.325000+00:00,28.81,4.82,1.89,False,1060.4,-1.0482019892884475,2025-09-27 08:00:35.325000+05:30
device_49,battery_bank,2025-09-27 02:30:36.226000+00:00,31.68,4.76,1.97,False,1047.2,3.185349611542731,2025-09-27 08:00:36.226000+05:30
device_5,pipe,2025-09-27 02:30:01.486000+00:00,31.58,4.41,2.07,True,970.2,0.0,2025-09-27 08:00:01.486000+05:30
device_5,pipe,2025-09-27 02:30:02.575000+00:00,30.51,4.27,1.89,True,939.3999999999999,-0.9825528007346159,2025-09-27 08:00:02.575000+05:30
device_5,pipe,2025-09-27 02:30:03.655000+00:00,29.68,4.31,1.99,True,948.1999999999999,-0.7685185185185202,2025-09-27 08:00:03.655000+05:30
device_5,pipe,2025-09-27 02:30:05.561000+00:00,29.96,4.4,1.83,True,968.0000000000001,0.14690451206715696,2025-09-27 08:00:05.561000+05:30
device_5,pipe,2025-09-27 02:30:06.864000+00:00,29.92,4.71,1.94,True,1036.2,-0.03069838833461178,2025-09-27 08:00:06.864000+05:30
device_5,pipe,2025-09-27 02:30:08.042000+00:00,31.63,5.21,1.92,True,1146.2,1.4516129032258043,2025-09-27 08:00:08.042000+05:30
device_5,pipe,2025-09-27 02:30:09.017000+00:00,29.36,5.6,2.11,True,1232.0,-2.328205128205128,2025-09-27 08:00:09.017000+05:30
device_5,pipe,2025-09-27 02:30:10.409000+00:00,29.01,5.72,2.06,True,1258.3999999999999,-0.2514367816091939,2025-09-27 08:00:10.409000+05:30
device_5,pipe,2025-09-27 02:30:12.290000+00:00,30.76,4.36,1.86,True,959.2,0.9303561935140883,2025-09-27 08:00:12.290000+05:30
device_5,pipe,2025-09-27 02:30:13.518000+00:00,30.24,5.3,2.18,True,1166.0,-0.42345276872964427,2025-09-27 08:00:13.518000+05:30
device_5,pipe,2025-09-27 02:30:14.305000+00:00,28.76,5.86,2.08,True,1289.2,-1.880559085133414,2025-09-27 08:00:14.305000+05:30
device_5,pipe,2025-09-27 02:30:16.051000+00:00,31.1,4.7,1.95,True,1034.0,1.3402061855670102,2025-09-27 08:00:16.051000+05:30
device_5,pipe,2025-09-27 02:30:16.940000+00:00,30.85,5.64,2.06,True,1240.8,-0.281214848143982,2025-09-27 08:00:16.940000+05:30
device_5,pipe,2025-09-27 02:30:17.881000+00:00,28.27,4.74,2.0,True,1042.8,-2.7417640807651456,2025-09-27 08:00:17.881000+05:30
device_5,pipe,2025-09-27 02:30:19.465000+00:00,28.04,4.54,2.07,True,998.8,-0.14520202020202047,2025-09-27 08:00:19.465000+05:30
device_5,pipe,2025-09-27 02:30:21.137000+00:00,28.87,4.53,2.15,True,996.6,0.49641148325358964,2025-09-27 08:00:21.137000+05:30
device_5,pipe,2025-09-27 02:30:23.074000+00:00,30.14,5.39,2.17,True,1185.8,0.6556530717604541,2025-09-27 08:00:23.074000+05:30
device_5,pipe,2025-09-27 02:30:24.429000+00:00,30.39,4.39,1.93,True,965.8,0.18450184501845018,2025-09-27 08:00:24.429000+05:30
device_5,pipe,2025-09-27 02:30:25.502000+00:00,30.96,5.33,2.2,True,1172.6,0.5312208760484626,2025-09-27 08:00:25.502000+05:30
device_5,pipe,2025-09-27 02:30:26.569000+00:00,28.95,4.49,1.88,True,987.8000000000001,-1.8837863167760092,2025-09-27 08:00:26.569000+05:30
device_5,pipe,2025-09-27 02:30:28.158000+00:00,28.11,4.0,2.19,True,880.0,-0.5286343612334801,2025-09-27 08:00:28.158000+05:30
device_5,pipe,2025-09-27 02:30:29.983000+00:00,31.41,5.77,1.84,True,1269.3999999999999,1.8082191780821921,2025-09-27 08:00:29.983000+05:30
device_5,pipe,2025-09-27 02:30:31.223000+00:00,30.8,5.86,2.02,True,1289.2,-0.4919354838709673,2025-09-27 08:00:31.223000+05:30
device_5,pipe,2025-09-27 02:30:32.381000+00:00,31.16,4.41,1.92,True,970.2,0.3108808290155436,2025-09-27 08:00:32.381000+05:30
device_5,pipe,2025-09-27 02:30:33.996000+00:00,29.35,4.96,1.9,True,1091.2,-1.1207430340557267,2025-09-27 08:00:33.996000+05:30
device_5,pipe,2025-09-27 02:30:35.705000+00:00,29.8,5.49,2.13,True,1207.8,0.26331187829139807,2025-09-27 08:00:35.705000+05:30
device_5,pipe,2025-09-27 02:30:36.666000+00:00,28.02,4.44,1.94,True,976.8000000000001,-1.8522372528616038,2025-09-27 08:00:36.666000+05:30
device_50,battery_bank,2025-09-27 02:30:01.711000+00:00,29.7,4.83,2.15,False,1062.6,0.0,2025-09-27 08:00:01.711000+05:30
device_50,battery_bank,2025-09-27 02:30:02.632000+00:00,30.88,5.23,2.07,False,1150.6000000000001,1.2812160694896848,2025-09-27 08:00:02.632000+05:30
device_50,battery_bank,2025-09-27 02:30:03.745000+00:00,29.17,5.81,2.02,False,1278.1999999999998,-1.5363881401617228,2025-09-27 08:00:03.745000+05:30
device_50,battery_bank,2025-09-27 02:30:05.417000+00:00,29.4,4.76,2.11,False,1047.2,0.13755980861243833,2025-09-27 08:00:05.417000+05:30
device_50,battery_bank,2025-09-27 02:30:07.330000+00:00,28.3,5.28,1.93,False,1161.6000000000001,-0.5750130684788279,2025-09-27 08:00:07.330000+05:30
device_50,battery_bank,2025-09-27 02:30:09.064000+00:00,28.64,4.35,2.18,False,956.9999999999999,0.19607843137254893,2025-09-27 08:00:09.064000+05:30
device_50,battery_bank,2025-09-27 02:30:10.715000+00:00,29.46,4.03,1.83,False,886.6,0.4966686856450638,2025-09-27 08:00:10.715000+05:30
device_50,battery_bank,2025-09-27 02:30:12.264000+00:00,28.95,5.58,2.04,False,1227.6,-0.329244673983216,2025-09-27 08:00:12.264000+05:30
device_50,battery_bank,2025-09-27 02:30:13.060000+00:00,31.12,4.64,2.1,False,1020.8,2.726130653266334,2025-09-27 08:00:13.060000+05:30
device_50,battery_bank,2025-09-27 02:30:13.938000+00:00,30.76,4.96,1.97,False,1091.2,-0.41002277904327955,2025-09-27 08:00:13.938000+05:30
device_50,battery_bank,2025-09-27 02:30:14.458000+00:00,28.69,4.85,2.04,False,1067.0,-3.9807692307692313,2025-09-27 08:00:14.458000+05:30
device_50,battery_bank,2025-09-27 02:30:15.353000+00:00,31.9,4.33,2.01,False,952.6,3.5865921787709465,2025-09-27 08:00:15.353000+05:30
device_50,battery_bank,2025-09-27 02:30:16.505000+00:00,30.65,5.05,1.8,False,1111.0,-1.0850694444444444,2025-09-27 08:00:16.505000+05:30
device_50,battery_bank,2025-09-27 02:30:17.374000+00:00,30.91,5.18,2.11,False,1139.6,0.29919447640966806,2025-09-27 08:00:17.374000+05:30
device_50,battery_bank,2025-09-27 02:30:18.956000+00:00,28.84,5.13,1.98,False,1128.6,-1.3084702907711758,2025-09-27 08:00:18.956000+05:30
device_50,battery_bank,2025-09-27 02:30:19.920000+00:00,29.26,5.77,2.13,False,1269.3999999999999,0.43568464730290635,2025-09-27 08:00:19.920000+05:30
device_50,battery_bank,2025-09-27 02:30:20.894000+00:00,31.55,5.38,1.82,False,1183.6,2.351129363449691,2025-09-27 08:00:20.894000+05:30
device_50,battery_bank,2025-09-27 02:30:22.120000+00:00,30.6,5.08,1.9,False,1117.6,-0.7748776508972262,2025-09-27 08:00:22.120000+05:30
device_50,battery_bank,2025-09-27 02:30:22.957000+00:00,31.9,4.7,2.1,False,1034.0,1.5531660692950982,2025-09-27 08:00:22.957000+05:30
device_50,battery_bank,2025-09-27 02:30:24.585000+00:00,30.29,5.05,2.18,False,1111.0,-0.9889434889434887,2025-09-27 08:00:24.585000+05:30
device_50,battery_bank,2025-09-27 02:30:25.405000+00:00,28.4,4.14,1.89,False,910.8,-2.3048780487804885,2025-09-27 08:00:25.405000+05:30
device_50,battery_bank,2025-09-27 02:30:25.997000+00:00,31.65,5.01,2.1,False,1102.2,5.489864864864865,2025-09-27 08:00:25.997000+05:30
device_50,battery_bank,2025-09-27 02:30:27.505000+00:00,29.08,4.56,2.2,False,1003.1999999999999,-1.704244031830239,2025-09-27 08:00:27.505000+05:30
device_50,battery_bank,2025-09-27 02:30:28.440000+00:00,29.82,5.63,2.07,False,1238.6,0.7914438502673817,2025-09-27 08:00:28.440000+05:30
device_50,battery_bank,2025-09-27 02:30:28.985000+00:00,29.01,4.22,1.91,False,928.4,-1.4862385321100893,2025-09-27 08:00:28.985000+05:30
device_50,battery_bank,2025-09-27 02:30:30.080000+00:00,29.15,5.93,2.11,False,1304.6,0.12785388127853609,2025-09-27 08:00:30.080000+05:30
device_50,battery_bank,2025-09-27 02:30:31.480000+00:00,31.46,5.48,2.08,False,1205.6000000000001,1.6500000000000017,2025-09-27 08:00:31.480000+05:30
device_50,battery_bank,2025-09-27 02:30:33.065000+00:00,29.48,5.34,1.88,False,1174.8,-1.2492113564668772,2025-09-27 08:00:33.065000+05:30
device_50,battery_bank,2025-09-27 02:30:34.306000+00:00,30.99,4.38,1.96,False,963.6,1.2167606768734873,2025-09-27 08:00:34.306000+05:30
device_50,battery_bank,2025-09-27 02:30:36.228000+00:00,31.19,4.12,1.91,False,906.4,0.10405827263267578,2025-09-27 08:00:36.228000+05:30
device_50,battery_bank,2025-09-27 02:30:37.265000+00:00,29.45,5.55,1.95,False,1221.0,-1.677917068466733,2025-09-27 08:00:37.265000+05:30
device_6,pipe,2025-09-27 02:30:02.509000+00:00,29.85,5.17,1.89,True,1137.4,0.0,2025-09-27 08:00:02.509000+05:30
device_6,pipe,2025-09-27 02:30:03.678000+00:00,31.49,5.12,1.9,True,1126.4,1.4029084687767297,2025-09-27 08:00:03.678000+05:30
device_6,pipe,2025-09-27 02:30:04.741000+00:00,29.83,4.32,2.04,True,950.4000000000001,-1.5616180620884292,2025-09-27 08:00:04.741000+05:30
device_6,pipe,2025-09-27 02:30:06.257000+00:00,28.97,5.01,2.05,True,1102.2,-0.5672823218997358,2025-09-27 08:00:06.257000+05:30
device_6,pipe,2025-09-27 02:30:07.777000+00:00,31.08,4.89,1.82,True,1075.8,1.3881578947368418,2025-09-27 08:00:07.777000+05:30
device_6,pipe,2025-09-27 02:30:08.325000+00:00,30.83,4.54,2.02,True,998.8,-0.45620437956204374,2025-09-27 08:00:08.325000+05:30
device_6,pipe,2025-09-27 02:30:09.658000+00:00,31.88,4.22,2.08,True,928.4,0.7876969242310583,2025-09-27 08:00:09.658000+05:30
device_6,pipe,2025-09-27 02:30:11.320000+00:00,29.87,5.86,2.02,True,1289.2,-1.2093862815884464,2025-09-27 08:00:11.320000+05:30
device_6,pipe,2025-09-27 02:30:12.143000+00:00,31.5,5.08,1.87,True,1117.6,1.9805589307411897,2025-09-27 08:00:12.143000+05:30
device_6,pipe,2025-09-27 02:30:13.286000+00:00,31.41,4.23,1.81,True,930.6000000000001,-0.07874015748031483,2025-09-27 08:00:13.286000+05:30
device_6,pipe,2025-09-27 02:30:14.488000+00:00,29.99,4.39,2.11,True,965.8,-1.18136439267887,2025-09-27 08:00:14.488000+05:30
device_6,pipe,2025-09-27 02:30:15.507000+00:00,28.59,4.98,1.96,True,1095.6000000000001,-1.3738959764474963,2025-09-27 08:00:15.507000+05:30
device_6,pipe,2025-09-27 02:30:16.309000+00:00,30.07,5.51,1.98,True,1212.2,1.845386533665836,2025-09-27 08:00:16.309000+05:30
device_6,pipe,2025-09-27 02:30:17.078000+00:00,28.38,4.61,2.09,True,1014.2,-2.1976592977893383,2025-09-27 08:00:17.078000+05:30
device_6,pipe,2025-09-27 02:30:19.011000+00:00,28.53,5.96,1.85,True,1311.2,0.07759958613554171,2025-09-27 08:00:19.011000+05:30
device_6,pipe,2025-09-27 02:30:20.702000+00:00,28.99,4.8,2.13,True,1056.0,0.27202838557066666,2025-09-27 08:00:20.702000+05:30
device_6,pipe,2025-09-27 02:30:21.338000+00:00,30.46,5.77,2.04,True,1269.3999999999999,2.3113207547169847,2025-09-27 08:00:21.338000+05:30
device_6,pipe,2025-09-27 02:30:23.174000+00:00,28.85,5.66,2.08,True,1245.2,-0.8769063180827883,2025-09-27 08:00:23.174000+05:30
device_6,pipe,2025-09-27 02:30:24.127000+00:00,28.77,4.7,2.02,True,1034.0,-0.08394543546694842,2025-09-27 08:00:24.127000+05:30
device_6,pipe,2025-09-27 02:30:25.778000+00:00,29.84,4.26,1.88,True,937.1999999999999,0.6480920654149003,2025-09-27 08:00:25.778000+05:30
device_6,pipe,2025-09-27 02:30:27.305000+00:00,30.25,5.59,1.93,True,1229.8,0.2685003274394238,2025-09-27 08:00:27.305000+05:30
device_6,pipe,2025-09-27 02:30:28.136000+00:00,30.88,5.1,2.11,True,1122.0,0.7581227436823093,2025-09-27 08:00:28.136000+05:30
device_6,pipe,2025-09-27 02:30:29.583000+00:00,28.6,5.49,1.96,True,1207.8,-1.5756738078783672,2025-09-27 08:00:29.583000+05:30
device_6,pipe,2025-09-27 02:30:30.881000+00:00,30.65,5.57,1.97,True,1225.4,1.5793528505392889,2025-09-27 08:00:30.881000+05:30
device_6,pipe,2025-09-27 02:30:31.651000+00:00,28.1,4.59,1.92,True,1009.8,-3.311688311688308,2025-09-27 08:00:31.651000+05:30
device_6,pipe,2025-09-27 02:30:32.430000+00:00,28.69,4.09,2.16,True,899.8,0.7573812580231063,2025-09-27 08:00:32.430000+05:30
device_6,pipe,2025-09-27 02:30:34.165000+00:00,30.86,4.23,1.89,True,930.6000000000001,1.2507204610950997,2025-09-27 08:00:34.165000+05:30
device_6,pipe,2025-09-27 02:30:35.837000+00:00,28.41,5.27,1.86,True,1159.3999999999999,-1.4653110047846887,2025-09-27 08:00:35.837000+05:30
device_6,pipe,2025-09-27 02:30:36.606000+00:00,31.1,5.22,1.83,True,1148.3999999999999,3.498049414824449,2025-09-27 08:00:36.606000+05:30
device_7,pipe,2025-09-27 02:30:02.314000+00:00,31.71,4.76,1.87,True,1047.2,0.0,2025-09-27 08:00:02.314000+05:30
device_7,pipe,2025-09-27 02:30:03.946000+00:00,31.45,4.77,2.16,True,1049.3999999999999,-0.15931372549019704,2025-09-27 08:00:03.946000+05:30
device_7,pipe,2025-09-27 02:30:04.849000+00:00,30.98,5.62,1.85,True,1236.4,-0.5204872646733099,2025-09-27 08:00:04.849000+05:30
device_7,pipe,2025-09-27 02:30:06.329000+00:00,29.78,5.92,2.01,True,1302.4,-0.8108108108108103,2025-09-27 08:00:06.329000+05:30
device_7,pipe,2025-09-27 02:30:07.627000+00:00,31.48,4.76,2.05,True,1047.2,1.3097072419106313,2025-09-27 08:00:07.627000+05:30
device_7,pipe,2025-09-27 02:30:09.026000+00:00,30.52,5.4,1.95,True,1188.0,-0.6862044317369556,2025-09-27 08:00:09.026000+05:30
device_7,pipe,2025-09-27 02:30:10.716000+00:00,30.06,5.87,1.98,True,1291.4,-0.27218934911242654,2025-09-27 08:00:10.716000+05:30
device_7,pipe,2025-09-27 02:30:11.980000+00:00,31.84,4.43,1.91,True,974.5999999999999,1.4082278481012667,2025-09-27 08:00:11.980000+05:30
device_7,pipe,2025-09-27 02:30:12.714000+00:00,31.02,4.47,2.18,True,983.4,-1.1171662125340605,2025-09-27 08:00:12.714000+05:30
device_7,pipe,2025-09-27 02:30:13.217000+00:00,30.2,5.72,2.03,True,1258.3999999999999,-1.630218687872764,2025-09-27 08:00:13.217000+05:30
device_7,pipe,2025-09-27 02:30:14.414000+00:00,29.68,4.16,2.11,True,915.2,-0.4344193817878025,2025-09-27 08:00:14.414000+05:30
device_7,pipe,2025-09-27 02:30:15.832000+00:00,28.4,4.88,2.09,True,1073.6,-0.9026798307475326,2025-09-27 08:00:15.832000+05:30
device_7,pipe,2025-09-27 02:30:17.683000+00:00,30.46,4.41,2.05,True,970.2,1.1129119394921676,2025-09-27 08:00:17.683000+05:30
device_7,pipe,2025-09-27 02:30:18.480000+00:00,29.66,4.76,2.02,True,1047.2,-1.003764115432874,2025-09-27 08:00:18.480000+05:30
device_7,pipe,2025-09-27 02:30:20.680000+00:00,29.75,4.69,1.93,True,1031.8000000000002,0.04090909090909084,2025-09-27 08:00:20.680000+05:30
device_7,pipe,2025-09-27 02:30:21.984000+00:00,29.34,5.66,1.89,True,1245.2,-0.3144171779141105,2025-09-27 08:00:21.984000+05:30
device_7,pipe,2025-09-27 02:30:23.211000+00:00,31.24,5.66,1.91,True,1245.2,1.548492257538711,2025-09-27 08:00:23.211000+05:30
device_7,pipe,2025-09-27 02:30:23.887000+00:00,30.35,4.61,2.09,True,1014.2,-1.3165680473372736,2025-09-27 08:00:23.887000+05:30
device_7,pipe,2025-09-27 02:30:24.972000+00:00,31.65,5.66,1.88,True,1245.2,1.1981566820276472,2025-09-27 08:00:24.972000+05:30
device_7,pipe,2025-09-27 02:30:26.921000+00:00,28.29,4.24,2.07,True,932.8000000000001,-1.7239610056439196,2025-09-27 08:00:26.921000+05:30
device_7,pipe,2025-09-27 02:30:27.597000+00:00,29.92,5.4,1.85,True,1188.0,2.4112426035502996,2025-09-27 08:00:27.597000+05:30
device_7,pipe,2025-09-27 02:30:28.876000+00:00,31.62,4.74,1.99,True,1042.8,1.329163408913213,2025-09-27 08:00:28.876000+05:30
device_7,pipe,2025-09-27 02:30:30.653000+00:00,30.97,4.64,2.07,True,1020.8,-0.3657850309510423,2025-09-27 08:00:30.653000+05:30
device_7,pipe,2025-09-27 02:30:32.427000+00:00,28.49,4.7,2.12,True,1034.0,-1.3979706877113869,2025-09-27 08:00:32.427000+05:30
device_7,pipe,2025-09-27 02:30:33.389000+00:00,31.1,4.05,1.9,True,891.0,2.7130977130977163,2025-09-27 08:00:33.389000+05:30
device_7,pipe,2025-09-27 02:30:34.180000+00:00,30.12,4.22,1.87,True,928.4,-1.2389380530973455,2025-09-27 08:00:34.180000+05:30
device_7,pipe,2025-09-27 02:30:34.722000+00:00,31.73,4.2,2.09,True,924.0,2.9704797047970466,2025-09-27 08:00:34.722000+05:30
device_7,pipe,2025-09-27 02:30:35.405000+00:00,29.73,4.77,2.09,True,1049.3999999999999,-2.928257686676427,2025-09-27 08:00:35.405000+05:30
device_7,pipe,2025-09-27 02:30:36.256000+00:00,28.96,4.29,1.85,True,943.8,-0.9048178613396,2025-09-27 08:00:36.256000+05:30
device_8,pipe,2025-09-27 02:30:02.567000+00:00,28.05,4.85,1.87,True,1067.0,0.0,2025-09-27 08:00:02.567000+05:30
device_8,pipe,2025-09-27 02:30:03.513000+00:00,31.78,4.76,2.0,True,1047.2,3.942917547568711,2025-09-27 08:00:03.513000+05:30
device_8,pipe,2025-09-27 02:30:04.489000+00:00,29.04,5.14,2.19,True,1130.8,-2.80737704918033,2025-09-27 08:00:04.489000+05:30
device_8,pipe,2025-09-27 02:30:06.056000+00:00,30.63,5.86,2.08,True,1289.2,1.0146777281429482,2025-09-27 08:00:06.056000+05:30
device_8,pipe,2025-09-27 02:30:07.762000+00:00,28.34,4.57,1.94,True,1005.4000000000001,-1.3423212192262597,2025-09-27 08:00:07.762000+05:30
device_8,pipe,2025-09-27 02:30:08.399000+00:00,29.34,4.48,2.14,True,985.6000000000001,1.5698587127158556,2025-09-27 08:00:08.399000+05:30
device_8,pipe,2025-09-27 02:30:10.316000+00:00,31.41,5.39,1.96,True,1185.8,1.07981220657277,2025-09-27 08:00:10.316000+05:30
device_8,pipe,2025-09-27 02:30:11.518000+00:00,29.76,5.66,2.09,True,1245.2,-1.3727121464226277,2025-09-27 08:00:11.518000+05:30
device_8,pipe,2025-09-27 02:30:13.275000+00:00,31.48,4.15,2.15,True,913.0000000000001,0.9789413773477512,2025-09-27 08:00:13.275000+05:30
device_8,pipe,2025-09-27 02:30:13.891000+00:00,29.97,4.82,2.17,True,1060.4,-2.451298701298704,2025-09-27 08:00:13.891000+05:30
device_8,pipe,2025-09-27 02:30:14.644000+00:00,29.1,5.99,1.9,True,1317.8,-1.1553784860557734,2025-09-27 08:00:14.644000+05:30
device_8,pipe,2025-09-27 02:30:15.976000+00:00,31.72,4.74,2.13,True,1042.8,1.966966966966965,2025-09-27 08:00:15.976000+05:30
device_8,pipe,2025-09-27 02:30:17.036000+00:00,28.69,5.72,1.9,True,1258.3999999999999,-2.8584905660377333,2025-09-27 08:00:17.036000+05:30
device_8,pipe,2025-09-27 02:30:18.434000+00:00,28.37,4.86,2.15,True,1069.2,-0.22889842632331925,2025-09-27 08:00:18.434000+05:30
device_8,pipe,2025-09-27 02:30:20.378000+00:00,30.25,5.67,1.98,True,1247.4,0.967078189300411,2025-09-27 08:00:20.378000+05:30
device_8,pipe,2025-09-27 02:30:21.017000+00:00,30.99,5.48,2.18,True,1205.6000000000001,1.1580594679186205,2025-09-27 08:00:21.017000+05:30
device_8,pipe,2025-09-27 02:30:22.013000+00:00,31.93,5.98,2.07,True,1315.6000000000001,0.9437751004016077,2025-09-27 08:00:22.013000+05:30
device_8,pipe,2025-09-27 02:30:22.565000+00:00,28.93,5.71,2.2,True,1256.2,-5.434782608695651,2025-09-27 08:00:22.565000+05:30
device_8,pipe,2025-09-27 02:30:23.912000+00:00,30.16,5.79,2.0,True,1273.8,0.9131403118040092,2025-09-27 08:00:23.912000+05:30
device_8,pipe,2025-09-27 02:30:24.803000+00:00,31.78,4.17,2.07,True,917.4,1.8181818181818192,2025-09-27 08:00:24.803000+05:30
device_8,pipe,2025-09-27 02:30:25.354000+00:00,29.8,4.1,2.14,True,901.9999999999999,-3.593466424682396,2025-09-27 08:00:25.354000+05:30
device_8,pipe,2025-09-27 02:30:27.231000+00:00,29.38,5.57,2.17,True,1225.4,-0.22376132125732642,2025-09-27 08:00:27.231000+05:30
device_8,pipe,2025-09-27 02:30:28.714000+00:00,31.49,4.82,2.1,True,1060.4,1.4227916385704649,2025-09-27 08:00:28.714000+05:30
device_8,pipe,2025-09-27 02:30:29.859000+00:00,29.4,4.79,1.83,True,1053.8,-1.8253275109170304,2025-09-27 08:00:29.859000+05:30
device_8,pipe,2025-09-27 02:30:31.474000+00:00,28.16,4.0,2.09,True,880.0,-0.7678018575851383,2025-09-27 08:00:31.474000+05:30
device_8,pipe,2025-09-27 02:30:32.827000+00:00,28.38,4.32,2.03,True,950.4000000000001,0.16260162601625933,2025-09-27 08:00:32.827000+05:30
device_8,pipe,2025-09-27 02:30:33.773000+00:00,29.01,4.99,1.94,True,1097.8,0.6659619450317152,2025-09-27 08:00:33.773000+05:30
device_8,pipe,2025-09-27 02:30:35.403000+00:00,28.91,4.6,1.83,True,1011.9999999999999,-0.061349693251534616,2025-09-27 08:00:35.403000+05:30
device_8,pipe,2025-09-27 02:30:36.099000+00:00,31.43,4.91,1.93,True,1080.2,3.6206896551724133,2025-09-27 08:00:36.099000+05:30
device_8,pipe,2025-09-27 02:30:37.127000+00:00,30.11,5.01,1.93,True,1102.2,-1.2840466926070042,2025-09-27 08:00:37.127000+05:30
device_9,pipe,2025-09-27 02:30:02.140000+00:00,28.77,5.5,1.84,True,1210.0,0.0,2025-09-27 08:00:02.140000+05:30
device_9,pipe,2025-09-27 02:30:03.721000+00:00,28.44,5.98,1.97,True,1315.6000000000001,-0.20872865275142208,2025-09-27 08:00:03.721000+05:30
device_9,pipe,2025-09-27 02:30:05.218000+00:00,30.16,5.63,1.89,True,1238.6,1.1489645958583825,2025-09-27 08:00:05.218000+05:30
device_9,pipe,2025-09-27 02:30:05.809000+00:00,31.71,5.33,1.98,True,1172.6,2.622673434856177,2025-09-27 08:00:05.809000+05:30
device_9,pipe,2025-09-27 02:30:07.384000+00:00,31.32,4.2,2.01,True,924.0,-0.247619047619048,2025-09-27 08:00:07.384000+05:30
device_9,pipe,2025-09-27 02:30:09.249000+00:00,29.98,5.45,2.11,True,1199.0,-0.7184986595174262,2025-09-27 08:00:09.249000+05:30
device_9,pipe,2025-09-27 02:30:10.193000+00:00,30.72,5.07,2.02,True,1115.4,0.7838983050847441,2025-09-27 08:00:10.193000+05:30
device_9,pipe,2025-09-27 02:30:10.949000+00:00,30.77,5.76,1.88,True,1267.2,0.06613756613756708,2025-09-27 08:00:10.949000+05:30
device_9,pipe,2025-09-27 02:30:12.583000+00:00,31.39,4.95,2.0,True,1089.0,0.3794369645042846,2025-09-27 08:00:12.583000+05:30
device_9,pipe,2025-09-27 02:30:14.453000+00:00,30.8,5.85,2.11,True,1287.0,-0.31550802139037426,2025-09-27 08:00:14.453000+05:30
device_9,pipe,2025-09-27 02:30:16.113000+00:00,28.87,5.21,2.06,True,1146.2,-1.1626506024096384,2025-09-27 08:00:16.113000+05:30
device_9,pipe,2025-09-27 02:30:16.768000+00:00,28.41,4.17,2.0,True,917.4,-0.7022900763358791,2025-09-27 08:00:16.768000+05:30
device_9,pipe,2025-09-27 02:30:17.731000+00:00,31.97,5.12,2.03,True,1126.4,3.696780893042574,2025-09-27 08:00:17.731000+05:30
device_9,pipe,2025-09-27 02:30:18.543000+00:00,28.63,4.31,1.95,True,948.1999999999999,-4.113300492610837,2025-09-27 08:00:18.543000+05:30
device_9,pipe,2025-09-27 02:30:19.232000+00:00,30.3,5.59,2.13,True,1229.8,2.4238026124818606,2025-09-27 08:00:19.232000+05:30
device_9,pipe,2025-09-27 02:30:21.022000+00:00,31.97,4.39,1.81,True,965.8,0.9329608938547476,2025-09-27 08:00:21.022000+05:30
device_9,pipe,2025-09-27 02:30:21.744000+00:00,28.52,4.36,2.2,True,959.2,-4.7783933518005535,2025-09-27 08:00:21.744000+05:30
device_9,pipe,2025-09-27 02:30:23.536000+00:00,30.17,5.7,2.14,True,1254.0,0.9207589285714297,2025-09-27 08:00:23.536000+05:30
device_9,pipe,2025-09-27 02:30:24.386000+00:00,31.64,4.25,1.88,True,935.0,1.729411764705881,2025-09-27 08:00:24.386000+05:30
device_9,pipe,2025-09-27 02:30:26.017000+00:00,31.57,4.43,2.15,True,974.5999999999999,-0.04291845493562249,2025-09-27 08:00:26.017000+05:30
device_9,pipe,2025-09-27 02:30:27.226000+00:00,28.86,4.54,2.18,True,998.8,-2.2415219189412743,2025-09-27 08:00:27.226000+05:30
device_9,pipe,2025-09-27 02:30:29.031000+00:00,30.33,5.35,2.01,True,1177.0,0.8144044321329634,2025-09-27 08:00:29.031000+05:30
device_9,pipe,2025-09-27 02:30:30.469000+00:00,29.45,5.76,2.09,True,1267.2,-0.6119610570236432,2025-09-27 08:00:30.469000+05:30
device_9,pipe,2025-09-27 02:30:31.315000+00:00,29.43,5.11,1.89,True,1124.2,-0.023640661938533775,2025-09-27 08:00:31.315000+05:30
device_9,pipe,2025-09-27 02:30:32.438000+00:00,31.77,5.34,2.08,True,1174.8,2.0837043633125556,2025-09-27 08:00:32.438000+05:30
device_9,pipe,2025-09-27 02:30:34.211000+00:00,29.03,5.76,2.05,True,1267.2,-1.5454032712915953,2025-09-27 08:00:34.211000+05:30
device_9,pipe,2025-09-27 02:30:35.844000+00:00,29.38,4.13,1.99,True,908.6,0.21432945499081316,2025-09-27 08:00:35.844000+05:30
device_9,pipe,2025-09-27 02:30:37.273000+00:00,30.15,4.73,2.0,True,1040.6000000000001,0.5388383484954511,2025-09-27 08:00:37.273000+05:30
